[
  {
    "tags": [
      {
        "type": "module",
        "string": "Class for Skype interface"
      },
      {
        "type": "file",
        "string": "cti\\skype.js"
      },
      {
        "type": "description",
        "string": "This library is a collection of functions for Skype interface.\\\\ \\\\ // :!: __Caution:__ this page is auto-generated from source code and should not be modified from wiki application.//"
      },
      {
        "type": "path",
        "string": "ctx.skype"
      }
    ],
    "description": {
      "full": "++++Status: Validated|\n<WRAP indent>\n|< 100% 10% 10% >|\n^ 21/04/2016 ^ ctxt8 ^ Validated ^\n</WRAP>\n++++",
      "summary": "++++Status: Validated|\n<WRAP indent>\n|< 100% 10% 10% >|\n^ 21/04/2016 ^ ctxt8 ^ Validated ^\n</WRAP>\n++++",
      "body": ""
    },
    "isPrivate": false,
    "ignore": false
  },
  {
    "tags": [
      {
        "type": "class",
        "string": "ctx.skype"
      },
      {
        "type": "summary",
        "string": "Class for Skype interface"
      },
      {
        "type": "path",
        "string": "ctx.skype"
      },
      {
        "type": "constructor",
        "string": ""
      }
    ],
    "description": {
      "full": "",
      "summary": "",
      "body": ""
    },
    "isPrivate": false,
    "ignore": false,
    "code": "var skypeLib = function() {",
    "ctx": {
      "type": "function",
      "name": "skypeLib",
      "string": "skypeLib()"
    }
  },
  {
    "tags": [
      {
        "type": "ignore",
        "string": "'Skype4COM.Skype' COM object : Chat interface"
      },
      {
        "type": "interface",
        "string": ""
      }
    ],
    "description": {
      "full": "",
      "summary": "",
      "body": ""
    },
    "isPrivate": false,
    "ignore": false,
    "code": "var SkypeChatObject = {\n\t\tOpenWindow: function() {},\n\t\tSendMessage: function(sMessage) {}\n\t};",
    "ctx": {
      "type": "declaration",
      "name": "SkypeChatObject",
      "value": "{",
      "string": "SkypeChatObject"
    }
  },
  {
    "tags": [
      {
        "type": "ignore",
        "string": "'Skype4COM.Skype' COM object : main interface"
      },
      {
        "type": "interface",
        "string": ""
      }
    ],
    "description": {
      "full": "",
      "summary": "",
      "body": ""
    },
    "isPrivate": false,
    "ignore": false,
    "code": "var SkypeObject = {\n\t\tdropCall: function() {},\n\t\tanswerCall: function() {},\n\t\tAttach: function() {},",
    "ctx": {
      "type": "declaration",
      "name": "SkypeObject",
      "value": "{",
      "string": "SkypeObject"
    }
  },
  {
    "tags": [
      {
        "type": "ignore",
        "string": ""
      },
      {
        "type": "method",
        "string": "CreateChatWith"
      },
      {
        "type": "param",
        "types": [
          "string"
        ],
        "name": "sDest",
        "description": "destination",
        "optional": false
      },
      {
        "type": "return",
        "types": [
          "SkypeChatObject"
        ],
        "description": "chat object"
      }
    ],
    "description": {
      "full": "",
      "summary": "",
      "body": ""
    },
    "isPrivate": false,
    "ignore": false,
    "code": "CreateChatWith: function(sDest) {},\n\t\tPlaceCall: function(sDest) {},\n\t\tFinish: function() {},\n\t\tSendSms: function(sDest, sMessage) {},\n\t\tClient: {\n\t\t\tIsRunning: function() {},\n\t\t\tStart: function() {}\n\t\t}\n\t};\n\n\t// global variables"
  },
  {
    "tags": [
      {
        "type": "type",
        "types": [
          "SkypeObject"
        ]
      }
    ],
    "description": {
      "full": "",
      "summary": "",
      "body": ""
    },
    "isPrivate": false,
    "ignore": false,
    "code": "var _oSkypeApp = null; // Skype application",
    "ctx": {
      "type": "declaration",
      "name": "_oSkypeApp",
      "value": "null",
      "string": "_oSkypeApp"
    }
  },
  {
    "tags": [
      {
        "type": "method",
        "string": "init"
      },
      {
        "type": "summary",
        "string": "Initializes the Skype application."
      },
      {
        "type": "return",
        "types": [
          "boolean"
        ],
        "description": "true for success, false otherwise"
      },
      {
        "type": "path",
        "string": "skype.init"
      }
    ],
    "description": {
      "full": "Initializes Skype application.",
      "summary": "Initializes Skype application.",
      "body": ""
    },
    "isPrivate": false,
    "ignore": false,
    "code": "this.init = function () {\n\t\taddLog(\" *** SkypeLib.init() ***\");\n\t\treturn true;\n\t}",
    "ctx": {
      "type": "method",
      "receiver": "this",
      "name": "init",
      "string": "this.init()"
    }
  },
  {
    "tags": [
      {
        "type": "method",
        "string": "end"
      },
      {
        "type": "summary",
        "string": "Terminates the Skype application."
      },
      {
        "type": "path",
        "string": "skype.end"
      },
      {
        "type": "return",
        "types": [
          "boolean"
        ],
        "description": "true for success, false otherwise"
      }
    ],
    "description": {
      "full": "Terminates Skype application.",
      "summary": "Terminates Skype application.",
      "body": ""
    },
    "isPrivate": false,
    "ignore": false,
    "code": "this.end = function () {\n\t\taddLog(\" *** SkypeLib.end() ***\");\n\t\treturn true;\n\t}",
    "ctx": {
      "type": "method",
      "receiver": "this",
      "name": "end",
      "string": "this.end()"
    }
  },
  {
    "tags": [
      {
        "type": "method",
        "string": "makeCall"
      },
      {
        "type": "summary",
        "string": "Makes a Skype call to a recipient."
      },
      {
        "type": "path",
        "string": "skype.makeCall"
      },
      {
        "type": "param",
        "types": [
          "string"
        ],
        "name": "sDest",
        "description": "destination",
        "optional": false
      }
    ],
    "description": {
      "full": "Makes Skype call.",
      "summary": "Makes Skype call.",
      "body": ""
    },
    "isPrivate": false,
    "ignore": false,
    "code": "this.makeCall = function (sDest) {\n\t\tctx.notifyAction('skype.makeCall');\n\t\ttry {\n\t\t\t_oSkypeApp = _oSkypeApp || new ActiveXObject(\"Skype4COM.Skype\");\n\t\t\t_oSkypeApp.Attach();\n\t\t\tif (!_oSkypeApp.Client.IsRunning)\n\t\t\t{ _oSkypeApp.Client.Start(); }\n\t\t\tvar oCall = _oSkypeApp.PlaceCall(sDest);\n\t\t} catch(ex) {\n\t\t\taddLog(\"SkypeLib.makeCall exception: \" + ex.description );\n\t\t\t_oSkypeApp = null;\n\t\t}\n\t}",
    "ctx": {
      "type": "method",
      "receiver": "this",
      "name": "makeCall",
      "string": "this.makeCall()"
    }
  },
  {
    "tags": [
      {
        "type": "method",
        "string": "dropCall"
      },
      {
        "type": "summary",
        "string": "Drops the current Skype call."
      },
      {
        "type": "path",
        "string": "skype.dropCall"
      }
    ],
    "description": {
      "full": "Drops current Skype call.",
      "summary": "Drops current Skype call.",
      "body": ""
    },
    "isPrivate": false,
    "ignore": false,
    "code": "this.dropCall = function () {\n\t\tctx.notifyAction('skype.dropCall');\n\t\ttry {\n\t\t\t_oSkypeApp = _oSkypeApp || new ActiveXObject(\"Skype4COM.Skype\");\n\t\t\t_oSkypeApp.Attach();\n\t\t\tif (!_oSkypeApp.Client.IsRunning)\n\t\t\t{ _oSkypeApp.Client.Start(); }\n\t\t\tvar oCall = _oSkypeApp.Finish();\n\t\t} catch(ex) {\n\t\t\taddLog(\"SkypeLib.dropCall exception: \" + ex.description );\n\t\t\t_oSkypeApp = null;\n\t\t}\n\t}",
    "ctx": {
      "type": "method",
      "receiver": "this",
      "name": "dropCall",
      "string": "this.dropCall()"
    }
  },
  {
    "tags": [
      {
        "type": "method",
        "string": "answerCall"
      },
      {
        "type": "summary",
        "string": "Answers an incoming Skype call."
      },
      {
        "type": "path",
        "string": "skype.answerCall"
      }
    ],
    "description": {
      "full": "Answers incoming Skype call.",
      "summary": "Answers incoming Skype call.",
      "body": ""
    },
    "isPrivate": false,
    "ignore": false,
    "code": "this.answerCall = function () {\n\t\tctx.notifyAction('skype.answerCall');\n\t\ttry {\n\t\t\t_oSkypeApp = _oSkypeApp || new ActiveXObject(\"Skype4COM.Skype\");\n\t\t\t_oSkypeApp.Attach();\n\t\t\tif (!_oSkypeApp.Client.IsRunning)\n\t\t\t{ _oSkypeApp.Client.Start(); }\n\t\t\tvar oCall = _oSkypeApp.PlaceCall(\"\");\n\t\t} catch(ex) {\n\t\t\taddLog(\"SkypeLib.answerCall exception: \" + ex.description );\n\t\t\t_oSkypeApp = null;\n\t\t}\n\t}",
    "ctx": {
      "type": "method",
      "receiver": "this",
      "name": "answerCall",
      "string": "this.answerCall()"
    }
  },
  {
    "tags": [
      {
        "type": "method",
        "string": "sendSMS"
      },
      {
        "type": "summary",
        "string": "Sends a Skype SMS to a recipient."
      },
      {
        "type": "path",
        "string": "skype.sendSMS"
      },
      {
        "type": "param",
        "types": [
          "string"
        ],
        "name": "sDest",
        "description": "",
        "optional": false
      },
      {
        "type": "param",
        "types": [
          "string"
        ],
        "name": "sMessage",
        "description": "",
        "optional": false
      }
    ],
    "description": {
      "full": "Sends Skype SMS.",
      "summary": "Sends Skype SMS.",
      "body": ""
    },
    "isPrivate": false,
    "ignore": false,
    "code": "this.sendSMS = function (sDest, sMessage) {\n\t\tctx.notifyAction('skype.sendSMS');\n\t\ttry {\n\t\t\tif (_oSkypeApp == null)\n\t\t\t\t_oSkypeApp = new ActiveXObject(\"Skype4COM.Skype\");\n\t\t\t_oSkypeApp.Attach();\n\t\t\tif (!_oSkypeApp.Client.IsRunning) {\n\t\t\t\t_oSkypeApp.Client.Start();\n\t\t\t}\n\t\t\tvar oSMS = _oSkypeApp.SendSms(sDest, sMessage);\n\t\t} catch(ex) {\n\t\t\taddLog(\"SkypeLib.makeCall exception: \" + ex.description );\n\t\t\t_oSkypeApp = null;\n\t\t}\n\t}",
    "ctx": {
      "type": "method",
      "receiver": "this",
      "name": "sendSMS",
      "string": "this.sendSMS()"
    }
  },
  {
    "tags": [
      {
        "type": "method",
        "string": "sendChat"
      },
      {
        "type": "summary",
        "string": "Sends a Skype message to a recipient."
      },
      {
        "type": "path",
        "string": "skype.sendChat"
      },
      {
        "type": "param",
        "types": [
          "string"
        ],
        "name": "sDest",
        "description": "",
        "optional": false
      },
      {
        "type": "param",
        "types": [
          "string"
        ],
        "name": "sMessage",
        "description": "",
        "optional": false
      }
    ],
    "description": {
      "full": "Sends Skype message.",
      "summary": "Sends Skype message.",
      "body": ""
    },
    "isPrivate": false,
    "ignore": false,
    "code": "this.sendChat = function (sDest, sMessage) {\n\t\tctx.notifyAction('skype.sendChat');\n\t\ttry {\n\t\t\tif (_oSkypeApp == null)\n\t\t\t\t_oSkypeApp = new ActiveXObject(\"Skype4COM.Skype\");\n\t\t\t_oSkypeApp.Attach();\n\t\t\tif (!_oSkypeApp.Client.IsRunning) {\n\t\t\t\t_oSkypeApp.Client.Start();\n\t\t\t}\n\t\t\tvar oChat = _oSkypeApp.CreateChatWith(sDest);\n\t\t\toChat.OpenWindow();\n\t\t\toChat.SendMessage(sMessage);\n\t\t\t_oSkypeApp = null;\n\t\t} catch(ex) {\n\t\t\taddLog(\"SkypeLib.SendMessage exception: \" + ex.description );\n\t\t\t_oSkypeApp = null;\n\t\t}\n\n\t}\n};",
    "ctx": {
      "type": "method",
      "receiver": "this",
      "name": "sendChat",
      "string": "this.sendChat()"
    }
  },
  {
    "tags": [
      {
        "type": "ignore",
        "string": ""
      },
      {
        "type": "module",
        "string": "skype"
      },
      {
        "type": "type",
        "types": [
          "skypeLib"
        ]
      }
    ],
    "description": {
      "full": "",
      "summary": "",
      "body": ""
    },
    "isPrivate": false,
    "ignore": false,
    "code": "ctx.skype = new skypeLib();",
    "ctx": {
      "type": "property",
      "receiver": "ctx",
      "name": "skype",
      "value": "new skypeLib()",
      "string": "ctx.skype"
    }
  }
]