[
  {
    "tags": [
      {
        "type": "module",
        "string": "string.js"
      },
      {
        "type": "file",
        "string": "Class for string manipulations"
      },
      {
        "type": "description",
        "string": "This library is a collection of functions for string manipulations.\\\\  \\\\\n The library is structured in different groups of functions. \\\\\n 1) Functions used to handle the string instance: ''str.init'', ''str.end''.\\\\\n \\\\\n// :!: __Caution:__ this page is auto-generated from source code and should not be modified from wiki application.//"
      },
      {
        "type": "path",
        "string": "ctx.string"
      }
    ],
    "description": {
      "full": "++++Status: Validated|\n<WRAP indent>\n|< 100% 10% 10% >|\n^ 21/04/2016 ^ ctxt8 ^ Validated ^\n</WRAP>\n++++",
      "summary": "++++Status: Validated|\n<WRAP indent>\n|< 100% 10% 10% >|\n^ 21/04/2016 ^ ctxt8 ^ Validated ^\n</WRAP>\n++++",
      "body": ""
    },
    "isPrivate": false,
    "ignore": false
  },
  {
    "tags": [
      {
        "type": "class",
        "string": "ctx.string"
      },
      {
        "type": "summary",
        "string": "Class ctx.string"
      },
      {
        "type": "constructor",
        "string": ""
      }
    ],
    "description": {
      "full": "",
      "summary": "",
      "body": ""
    },
    "isPrivate": false,
    "ignore": false,
    "code": "ctx.string = (function() {\n  \n  var _str =",
    "ctx": {
      "type": "property",
      "receiver": "ctx",
      "name": "string",
      "value": "(function() {",
      "string": "ctx.string"
    }
  },
  {
    "tags": [
      {
        "type": "lends",
        "parent": "ctx.string"
      }
    ],
    "description": {
      "full": "",
      "summary": "",
      "body": ""
    },
    "isPrivate": false,
    "ignore": false,
    "code": "{};"
  },
  {
    "tags": [
      {
        "type": "method",
        "string": "init"
      },
      {
        "type": "summary",
        "string": "Initializes the string library."
      },
      {
        "type": "description",
        "string": "__Ex.:__\n<code javascript>ctx.string.init();</code>     "
      },
      {
        "type": "throws",
        "types": [
          "Error"
        ],
        "description": ""
      },
      {
        "type": "path",
        "string": "ctx.string.init"
      }
    ],
    "description": {
      "full": "Initializes the string library.",
      "summary": "Initializes the string library.",
      "body": ""
    },
    "isPrivate": false,
    "ignore": false,
    "code": "_str.init = function() {\n    ctx.log(' *** ctx.string.init() *** ');\n  }",
    "ctx": {
      "type": "method",
      "receiver": "_str",
      "name": "init",
      "string": "_str.init()"
    }
  },
  {
    "tags": [
      {
        "type": "method",
        "string": "end"
      },
      {
        "type": "summary",
        "string": "Ends the string library."
      },
      {
        "type": "description",
        "string": "__Ex.:__\n<code javascript>ctx.string.end();</code>     "
      },
      {
        "type": "throws",
        "types": [
          "Error"
        ],
        "description": ""
      },
      {
        "type": "path",
        "string": "ctx.string.end"
      }
    ],
    "description": {
      "full": "Ends the string library.",
      "summary": "Ends the string library.",
      "body": ""
    },
    "isPrivate": false,
    "ignore": false,
    "code": "_str.end = function() {\n    ctx.log(' *** ctx.string.end() *** ');\n  }",
    "ctx": {
      "type": "method",
      "receiver": "_str",
      "name": "end",
      "string": "_str.end()"
    }
  },
  {
    "tags": [
      {
        "type": "method",
        "string": "delWhite"
      },
      {
        "type": "summary",
        "string": "Removes all whitespaces."
      },
      {
        "type": "description",
        "string": "__Ex.:__\n<code javascript>ctx.string.delWhite('I hope I have been clear ');</code>"
      },
      {
        "type": "throws",
        "types": [
          "Error"
        ],
        "description": ""
      },
      {
        "type": "path",
        "string": "ctx.string.delWhite"
      },
      {
        "type": "param",
        "types": [
          "string"
        ],
        "name": "strSource",
        "description": "Source string",
        "optional": false
      },
      {
        "type": "return",
        "types": [
          "string"
        ],
        "description": "A new string with all whitespaces removed"
      }
    ],
    "description": {
      "full": "Removes all whitespaces.",
      "summary": "Removes all whitespaces.",
      "body": ""
    },
    "isPrivate": false,
    "ignore": false,
    "code": "_str.delWhite = function (strSource) {\n    ctx.notifyAction('ctx.string.delWhite');\n    try {\n      var result = strSource.replace(/ /g, \"\");\n      return (result);\n    }  catch(ex) {\n      throw new Error(e.error.Fail, \"Exception in delWhite (for strSource [\" + strSource + \"]) : [\" + ex.description + \"]\");\n    }\n  }",
    "ctx": {
      "type": "method",
      "receiver": "_str",
      "name": "delWhite",
      "string": "_str.delWhite()"
    }
  },
  {
    "tags": [
      {
        "type": "method",
        "string": "existChar"
      },
      {
        "type": "summary",
        "string": "Tests if a character exists in strSource."
      },
      {
        "type": "description",
        "string": "__Ex.:__\n<code javascript>ctx.string.existChar(\"abby,timothy,brandon\",\",\");</code>"
      },
      {
        "type": "throws",
        "types": [
          "Error"
        ],
        "description": ""
      },
      {
        "type": "path",
        "string": "ctx.string.existChar"
      },
      {
        "type": "param",
        "types": [
          "string"
        ],
        "name": "strSource",
        "description": "Source string",
        "optional": false
      },
      {
        "type": "param",
        "types": [
          "string"
        ],
        "name": "car",
        "description": "String to search",
        "optional": false
      },
      {
        "type": "return",
        "types": [
          "e.error"
        ],
        "description": "OK if found, NotFound otherwise"
      }
    ],
    "description": {
      "full": "Tests if a character exists in strSource.",
      "summary": "Tests if a character exists in strSource.",
      "body": ""
    },
    "isPrivate": false,
    "ignore": false,
    "code": "_str.existChar = function (strSource, car) {\n    try {\n      var pos = strSource.indexOf(car);\n      if (pos != -1) {\n        return e.error.OK;\n      } else {\n        return e.error.NotFound;\n      }\n    } catch(ex) {\n      throw new Error(e.error.Fail, \"Exception in existChar (for str [\" + strSource + \"]) : [\" + ex.description + \"]\");\n    }\n  }",
    "ctx": {
      "type": "method",
      "receiver": "_str",
      "name": "existChar",
      "string": "_str.existChar()"
    }
  },
  {
    "tags": [
      {
        "type": "method",
        "string": "extractListe"
      },
      {
        "type": "summary",
        "string": "Extract an element from a list."
      },
      {
        "type": "description",
        "string": "__Ex.:__\n<code javascript>ctx.string.extractListe(\"abby;timothy;brandon\", 2 , ';');</code>"
      },
      {
        "type": "throws",
        "types": [
          "Error"
        ],
        "description": ""
      },
      {
        "type": "path",
        "string": "ctx.string.extractListe"
      },
      {
        "type": "param",
        "types": [
          "string"
        ],
        "name": "liste",
        "description": "Source list",
        "optional": false
      },
      {
        "type": "param",
        "types": [
          "number"
        ],
        "name": "indice",
        "description": "Index of element",
        "optional": false
      },
      {
        "type": "param",
        "types": [
          "string"
        ],
        "name": "sep",
        "description": "Separator for the list",
        "optional": false
      },
      {
        "type": "return",
        "types": [
          "string"
        ],
        "description": "The extracted element"
      }
    ],
    "description": {
      "full": "Extract an element from a list.",
      "summary": "Extract an element from a list.",
      "body": ""
    },
    "isPrivate": false,
    "ignore": false,
    "code": "_str.extractListe = function (liste, indice, sep) {\n    ctx.notifyAction('ctx.string.extractListe');\n    var tab = liste.split(sep);\n    try {\n      var result = tab[indice - 1];\n    } catch(ex) {\n      throw new Error(e.error.Fail, \"Exception in extractListe (for list [\" + liste + \"]) : [\" + ex.description + \"]\");\n    }\n    return result;\n  }",
    "ctx": {
      "type": "method",
      "receiver": "_str",
      "name": "extractListe",
      "string": "_str.extractListe()"
    }
  },
  {
    "tags": [
      {
        "type": "method",
        "string": "ExtractStrAfter"
      },
      {
        "type": "summary",
        "string": "Extracts the substring after the string strAfter."
      },
      {
        "type": "description",
        "string": "__Ex.:__\n<code javascript>ctx.string.extractStrAfter(\"this my string\",\"my\");</code>"
      },
      {
        "type": "throws",
        "types": [
          "Error"
        ],
        "description": ""
      },
      {
        "type": "path",
        "string": "ctx.string.extractStrAfter"
      },
      {
        "type": "param",
        "types": [
          "string"
        ],
        "name": "strSource",
        "description": "Source string",
        "optional": false
      },
      {
        "type": "param",
        "types": [
          "string"
        ],
        "name": "strAfter",
        "description": "After string",
        "optional": false
      },
      {
        "type": "return",
        "types": [
          "string"
        ],
        "description": "The extracted string"
      }
    ],
    "description": {
      "full": "Extracts the substring after the string strAfter.",
      "summary": "Extracts the substring after the string strAfter.",
      "body": ""
    },
    "isPrivate": false,
    "ignore": false,
    "code": "_str.extractStrAfter = function (strSource, strAfter) {\n    ctx.notifyAction('ctx.string.extractStrAfter');\n    try {\n      var iPostSlash = strSource.lastIndexOf(strAfter);\n      if (iPostSlash == -1)\n        return (strSource);\n      var result = strSource.substring(iPostSlash + 1);\n      return (result);\n    } catch(ex) {\n      throw new Error(e.error.Fail, \"Exception in extractStrAfter (for strSource [\" + strSource + \"]) : [\" + ex.description + \"]\");\n    }\n  }",
    "ctx": {
      "type": "method",
      "receiver": "_str",
      "name": "extractStrAfter",
      "string": "_str.extractStrAfter()"
    }
  },
  {
    "tags": [
      {
        "type": "method",
        "string": "ExtractStrUntil"
      },
      {
        "type": "summary",
        "string": "Extracts the substring before the string strUntil."
      },
      {
        "type": "description",
        "string": "__Ex.:__\n<code javascript>ctx.string.extractStrUntil(\"this my string\",\"my\");</code>"
      },
      {
        "type": "throws",
        "types": [
          "Error"
        ],
        "description": ""
      },
      {
        "type": "path",
        "string": "ctx.string.extractStrUntil"
      },
      {
        "type": "param",
        "types": [
          "string"
        ],
        "name": "strSource",
        "description": "Source string",
        "optional": false
      },
      {
        "type": "param",
        "types": [
          "string"
        ],
        "name": "strUntil",
        "description": "Until string",
        "optional": false
      },
      {
        "type": "return",
        "types": [
          "string"
        ],
        "description": "The extracted string"
      }
    ],
    "description": {
      "full": "Extracts the substring before the string strUntil.",
      "summary": "Extracts the substring before the string strUntil.",
      "body": ""
    },
    "isPrivate": false,
    "ignore": false,
    "code": "_str.extractStrUntil = function (strSource, strUntil) {\n    ctx.notifyAction('ctx.string.extractStrUntil');\n    try {\n      var iPostSlash = strSource.indexOf(strUntil);\n      if (iPostSlash == -1)\n        return (strSource);\n      var result = strSource.substring(0, iPostSlash);\n      return (result);\n    } catch(ex) {\n      throw new Error(e.error.Fail, \"Exception in extractStrUntil (for strSource [\" + strSource + \"]) : [\" + ex.description + \"]\");\n    }\n  }",
    "ctx": {
      "type": "method",
      "receiver": "_str",
      "name": "extractStrUntil",
      "string": "_str.extractStrUntil()"
    }
  },
  {
    "tags": [
      {
        "type": "method",
        "string": "ExtractIDFromFileName"
      },
      {
        "type": "summary",
        "string": "Extracts substring from character in strFirst to character in strSecond."
      },
      {
        "type": "description",
        "string": "This function extracts a substring from character in strFirst to character in strSecond.  **These two characters are excluded.**\\\\\n\\\\\n__Ex.:__\n<code javascript>ctx.string.ExtractIDFromFileName('this is my string : uiikhh', 'is', 'str');</code>"
      },
      {
        "type": "throws",
        "types": [
          "Error"
        ],
        "description": ""
      },
      {
        "type": "path",
        "string": "ctx.string.ExtractIDFromFileName"
      },
      {
        "type": "param",
        "types": [
          "string"
        ],
        "name": "strFileName",
        "description": "Source string",
        "optional": false
      },
      {
        "type": "param",
        "types": [
          "string"
        ],
        "name": "strFirst",
        "description": "Start string",
        "optional": false
      },
      {
        "type": "param",
        "types": [
          "string"
        ],
        "name": "strSecond",
        "description": "End string",
        "optional": false
      },
      {
        "type": "return",
        "types": [
          "string"
        ],
        "description": "The extracted string"
      }
    ],
    "description": {
      "full": "Extracts substring from character in strFirst to character in strSecond.",
      "summary": "Extracts substring from character in strFirst to character in strSecond.",
      "body": ""
    },
    "isPrivate": false,
    "ignore": false,
    "code": "_str.ExtractIDFromFileName = function (strFileName, strFirst, strSecond) {\n    ctx.notifyAction('ctx.string.ExtractIDFromFileName');\n    try {\n      var iPostLastUnderscore = strFileName.lastIndexOf(strFirst);\n      var iPosExtension = strFileName.toUpperCase().lastIndexOf(strSecond);\n      var result = strFileName.substring(iPostLastUnderscore + 1, iPosExtension);\n      return (result);\n    } catch(ex) {\n      throw new Error(e.error.Fail, \"Exception in ExtractIDFromFileName (for file [\" + strFileName + \"]) : [\" + ex.description + \"]\");\n    } \n  }",
    "ctx": {
      "type": "method",
      "receiver": "_str",
      "name": "ExtractIDFromFileName",
      "string": "_str.ExtractIDFromFileName()"
    }
  },
  {
    "tags": [
      {
        "type": "method",
        "string": "isNumeric"
      },
      {
        "type": "summary",
        "string": "Tests if a string is numeric."
      },
      {
        "type": "description",
        "string": "__Ex.:__\n<code javascript> ctx.string.isNumeric('125554'); </code>"
      },
      {
        "type": "throws",
        "types": [
          "Error"
        ],
        "description": ""
      },
      {
        "type": "path",
        "string": "ctx.string.isNumeric"
      },
      {
        "type": "param",
        "types": [
          "string"
        ],
        "name": "sText",
        "description": "Source string",
        "optional": false
      },
      {
        "type": "return",
        "types": [
          "boolean"
        ],
        "description": "true if string is numeric, false otherwise"
      }
    ],
    "description": {
      "full": "Tests if a string is numeric.",
      "summary": "Tests if a string is numeric.",
      "body": ""
    },
    "isPrivate": false,
    "ignore": false,
    "code": "_str.isNumeric = function (sText) {\n    ctx.notifyAction('ctx.string.isNumeric');\n    try{\n      var ValidChars = \"0123456789\";\n      var IsNumber = true;\n      var Char;\n      for (var i = 0; i < sText.length && IsNumber == '1'; i++) {\n        Char = sText.charAt(i);\n        if (ValidChars.indexOf(Char) == -1) {\n          IsNumber = false;\n        }\n      }\n      return IsNumber;\n    }\n    catch (ex){\n      throw new Error(e.error.KO, \"[ctx.string.isNumeric] failed to . \"+ ex.description);\n    }\n  }",
    "ctx": {
      "type": "method",
      "receiver": "_str",
      "name": "isNumeric",
      "string": "_str.isNumeric()"
    }
  },
  {
    "tags": [
      {
        "type": "method",
        "string": "integerPart"
      },
      {
        "type": "summary",
        "string": "Extracts integer part."
      },
      {
        "type": "description",
        "string": "__Ex.:__\n<code javascript> ctx.string.integerPart('58963.25'); </code>"
      },
      {
        "type": "throws",
        "types": [
          "Error"
        ],
        "description": ""
      },
      {
        "type": "path",
        "string": "ctx.string.integerPart"
      },
      {
        "type": "param",
        "types": [
          "string"
        ],
        "name": "sText",
        "description": "Source string",
        "optional": false
      },
      {
        "type": "return",
        "types": [
          "string"
        ],
        "description": "The extracted integerPart of string"
      }
    ],
    "description": {
      "full": "Extracts integer part.",
      "summary": "Extracts integer part.",
      "body": ""
    },
    "isPrivate": false,
    "ignore": false,
    "code": "_str.integerPart = function (sText) {\n    ctx.notifyAction('ctx.string.integerPart');\n    try {\n      var tableau;\n      var separateur = \".\";\n      var result;\n      tableau = sText.split(separateur);\n      if (_str.isNumeric(tableau[0]) == '1')\n        result = tableau[0];\n      else\n        result = '';\n      return (result);\n    }\n    catch (ex){\n      throw new Error(e.error.KO, \"[ctx.string.integerPart] failed to . \"+ ex.description);\n    }\n  }",
    "ctx": {
      "type": "method",
      "receiver": "_str",
      "name": "integerPart",
      "string": "_str.integerPart()"
    }
  },
  {
    "tags": [
      {
        "type": "method",
        "string": "left"
      },
      {
        "type": "summary",
        "string": "Returns a string containing a specified number of characters from the left side of a string."
      },
      {
        "type": "description",
        "string": "__Ex.:__\n<code javascript> var strResult = ctx.string.left('Hello the World', 2); </code>"
      },
      {
        "type": "throws",
        "types": [
          "Error"
        ],
        "description": ""
      },
      {
        "type": "path",
        "string": "ctx.string.left"
      },
      {
        "type": "param",
        "types": [
          "string"
        ],
        "name": "strSource",
        "description": "Source string ",
        "optional": false
      },
      {
        "type": "param",
        "types": [
          "number"
        ],
        "name": "n",
        "description": "Number of characters",
        "optional": false
      },
      {
        "type": "return",
        "types": [
          "string"
        ],
        "description": "The extracted string"
      }
    ],
    "description": {
      "full": "Returns a string containing a specified number of characters from the left side of a string.",
      "summary": "Returns a string containing a specified number of characters from the left side of a string.",
      "body": ""
    },
    "isPrivate": false,
    "ignore": false,
    "code": "_str.left = function(strSource, n) {\n    ctx.notifyAction('str.left');\n    try{\n      var result;\n      if (0 >= n)\n        result = \"\";\n      else\n        if (n > String(strSource).length)\n          result = strSource;\n        else\n          result = String(strSource).substring(0, n);\n      return String(result);\n    } catch (ex){\n      throw new Error(e.error.KO, \"[ctx.str.left] failed to . \"+ ex.description);\n    }\n  }",
    "ctx": {
      "type": "method",
      "receiver": "_str",
      "name": "left",
      "string": "_str.left()"
    }
  },
  {
    "tags": [
      {
        "type": "method",
        "string": "nbEltListe"
      },
      {
        "type": "summary",
        "string": "Counts number of elements in a list."
      },
      {
        "type": "description",
        "string": "__Ex.:__\n<code javascript>ctx.string.nbEltListe(\"abby;timothy;brandon\", ';');</code>"
      },
      {
        "type": "throws",
        "types": [
          "Error"
        ],
        "description": ""
      },
      {
        "type": "path",
        "string": "ctx.string.nbEltListe"
      },
      {
        "type": "param",
        "types": [
          "string"
        ],
        "name": "liste",
        "description": "Source list",
        "optional": false
      },
      {
        "type": "param",
        "types": [
          "string"
        ],
        "name": "sep",
        "description": "Separator for the list",
        "optional": false
      },
      {
        "type": "return",
        "types": [
          "number"
        ],
        "description": "Number of elements"
      }
    ],
    "description": {
      "full": "Counts number of elements in a list.",
      "summary": "Counts number of elements in a list.",
      "body": ""
    },
    "isPrivate": false,
    "ignore": false,
    "code": "_str.nbEltListe = function (liste, sep) {\n    ctx.notifyAction('ctx.string.nbEltListe');\n    try {\n      var tab = liste.split(sep);\n      return tab.length;\n    }catch(ex) {\n      throw new Error(e.error.Fail, \"Exception in nbEltListe (for list [\" + liste + \"]) : [\" + ex.description + \"]\");\n    }\n  }",
    "ctx": {
      "type": "method",
      "receiver": "_str",
      "name": "nbEltListe",
      "string": "_str.nbEltListe()"
    }
  },
  {
    "tags": [
      {
        "type": "method",
        "string": "replaceQuote"
      },
      {
        "type": "summary",
        "string": "Replaces quote character by a replacement character."
      },
      {
        "type": "description",
        "string": "__Ex.:__\n<code javascript>ctx.string.replaceQuote(\"I hope I have been clear on this subject I have already explained to you 'It is understood' \",\"_\");</code>"
      },
      {
        "type": "throws",
        "types": [
          "Error"
        ],
        "description": ""
      },
      {
        "type": "path",
        "string": "ctx.string.replace"
      },
      {
        "type": "param",
        "types": [
          "string"
        ],
        "name": "strSource",
        "description": "Source string",
        "optional": false
      },
      {
        "type": "param",
        "types": [
          "string"
        ],
        "name": "car",
        "description": "Replacement character",
        "optional": false
      },
      {
        "type": "return",
        "types": [
          "string"
        ],
        "description": "A new string with all characters ' replaced"
      }
    ],
    "description": {
      "full": "Replaces quote character by a replacement character.",
      "summary": "Replaces quote character by a replacement character.",
      "body": ""
    },
    "isPrivate": false,
    "ignore": false,
    "code": "_str.replaceQuote = function (strSource, car) {\n    ctx.notifyAction('ctx.string.replaceQuote');\n    try {\n      var result = strSource.replace(/\\'/g, car);\n      return (result);\n    }  catch(ex) {\n      throw new Error(e.error.Fail, \"Exception in replaceQuote (for strSource [\" + strSource + \"]) : [\" + ex.description + \"]\");\n    }\n  }",
    "ctx": {
      "type": "method",
      "receiver": "_str",
      "name": "replaceQuote",
      "string": "_str.replaceQuote()"
    }
  },
  {
    "tags": [
      {
        "type": "method",
        "string": "right"
      },
      {
        "type": "summary",
        "string": "Returns a string containing a specified number of characters from the right side of a string."
      },
      {
        "type": "description",
        "string": "__Ex.:__\n<code javascript> var strResult = ctx.string.right('Hello the World', 2); </code>"
      },
      {
        "type": "throws",
        "types": [
          "Error"
        ],
        "description": ""
      },
      {
        "type": "path",
        "string": "ctx.string.right"
      },
      {
        "type": "param",
        "types": [
          "string"
        ],
        "name": "strSource",
        "description": "Source string ",
        "optional": false
      },
      {
        "type": "param",
        "types": [
          "number"
        ],
        "name": "n",
        "description": "Number of characters",
        "optional": false
      },
      {
        "type": "return",
        "types": [
          "string"
        ],
        "description": "The extracted string"
      }
    ],
    "description": {
      "full": "Returns a string containing a specified number of characters from the right side of a string.",
      "summary": "Returns a string containing a specified number of characters from the right side of a string.",
      "body": ""
    },
    "isPrivate": false,
    "ignore": false,
    "code": "_str.right = function(strSource, n) {\n    ctx.notifyAction('ctx.string.right');\n    try{\n      var result;\n      if (0 >= n)\n        result = \"\";\n      else if (n > String(strSource).length)\n        result = strSource;\n      else {\n        var iLen = String(strSource).length;\n        result = String(strSource).substring(iLen, iLen - n);\n      }\n      return result;\n    } catch (ex){\n      throw new Error(e.error.KO, \"[ctx.strright] failed to . \"+ ex.description);\n    }\n  }",
    "ctx": {
      "type": "method",
      "receiver": "_str",
      "name": "right",
      "string": "_str.right()"
    }
  },
  {
    "tags": [
      {
        "type": "method",
        "string": "sortList"
      },
      {
        "type": "summary",
        "string": "Sorts elements of a list."
      },
      {
        "type": "description",
        "string": "__Ex.:__\n<code javascript>ctx.string.sortList(\"abby;timothy;brandon\", ';');</code>"
      },
      {
        "type": "throws",
        "types": [
          "Error"
        ],
        "description": ""
      },
      {
        "type": "path",
        "string": "ctx.string.sortList"
      },
      {
        "type": "param",
        "types": [
          "string"
        ],
        "name": "liste",
        "description": "List to sort",
        "optional": false
      },
      {
        "type": "param",
        "types": [
          "string"
        ],
        "name": "sep",
        "description": "Separator for the list",
        "optional": false
      },
      {
        "type": "return",
        "types": [
          "string"
        ],
        "description": "The sorted list"
      }
    ],
    "description": {
      "full": "Sorts elements of a list.",
      "summary": "Sorts elements of a list.",
      "body": ""
    },
    "isPrivate": false,
    "ignore": false,
    "code": "_str.sortList = function (liste, sep) {\n    ctx.notifyAction('ctx.string.sortList');\n    try {\n      var tab = liste.split(sep);\n      tab.sort();\n      var listeTrie = tab.join(sep);\n      return listeTrie;\n    } catch(ex) {\n      throw new Error(e.error.Fail, \"Exception in sortList (for list [\" + liste + \"]) : [\" + ex.description + \"]\");\n    }\n  }",
    "ctx": {
      "type": "method",
      "receiver": "_str",
      "name": "sortList",
      "string": "_str.sortList()"
    }
  },
  {
    "tags": [
      {
        "type": "method",
        "string": "subString"
      },
      {
        "type": "summary",
        "string": "Returns a subset of a string between one index and another."
      },
      {
        "type": "description",
        "string": " __Ex.:__\n<code javascript>ctx.string.subString(\"Hello the World\", 2, 5);</code>"
      },
      {
        "type": "throws",
        "types": [
          "Error"
        ],
        "description": ""
      },
      {
        "type": "path",
        "string": "ctx.string.subString"
      },
      {
        "type": "param",
        "types": [
          "string"
        ],
        "name": "data",
        "description": "Source string",
        "optional": false
      },
      {
        "type": "param",
        "types": [
          "number"
        ],
        "name": "start",
        "description": "Start index",
        "optional": false
      },
      {
        "type": "param",
        "types": [
          "number"
        ],
        "name": "end",
        "description": "End index",
        "optional": false
      },
      {
        "type": "return",
        "types": [
          "string"
        ],
        "description": "A new string containing the extracted section of the given string"
      }
    ],
    "description": {
      "full": "Returns a subset of a string between one index and another.",
      "summary": "Returns a subset of a string between one index and another.",
      "body": ""
    },
    "isPrivate": false,
    "ignore": false,
    "code": "_str.subString = function (data, start, end) {\n    ctx.notifyAction('ctx.string.subString');\n    var result = \"\";\n    try {\n      if (end == 0) {\n        result = data.substring(start);\n      } else {\n        result = data.substring(start, end);\n      }\n      return (result); ;\n    } catch(ex) {\n      throw new Error(e.error.Fail, \"Exception in subString (for data [\" + data + \"]) : [\" + ex.description + \"]\");\n    }\n  }",
    "ctx": {
      "type": "method",
      "receiver": "_str",
      "name": "subString",
      "string": "_str.subString()"
    }
  },
  {
    "tags": [
      {
        "type": "method",
        "string": "trim"
      },
      {
        "type": "summary",
        "string": "Removes whitespace from both ends of a string."
      },
      {
        "type": "description",
        "string": "The trim() method returns the string stripped of whitespace from both ends. It does not affect the value of the string itself.\\\\ \\\\\n__Ex.:__\n<code javascript>ctx.string.trim('  My name is Oliver ');</code>"
      },
      {
        "type": "throws",
        "types": [
          "Error"
        ],
        "description": ""
      },
      {
        "type": "path",
        "string": "ctx.string.trim"
      },
      {
        "type": "param",
        "types": [
          "string"
        ],
        "name": "strSource",
        "description": "Source string",
        "optional": false
      },
      {
        "type": "return",
        "types": [
          "string"
        ],
        "description": "A new string representing the calling string stripped of whitespace from both ends."
      }
    ],
    "description": {
      "full": "Removes whitespace from both ends of a string.",
      "summary": "Removes whitespace from both ends of a string.",
      "body": ""
    },
    "isPrivate": false,
    "ignore": false,
    "code": "_str.trim = function (strSource) {\n    ctx.notifyAction('ctx.string.trim');\n    try {\n      var result = strSource.replace(/^\\s+/, \"\").replace(/\\s+$/, \"\");\n      return (result);\n    } catch(ex) {\n      throw new Error(e.error.Fail, \"Exception in trim (for strSource [\" + strSource + \"]) : [\" + ex.description + \"]\");\n    }\n  }\n  \n  return _str;\n}) ();",
    "ctx": {
      "type": "method",
      "receiver": "_str",
      "name": "trim",
      "string": "_str.trim()"
    }
  }
]