[
  {
    "tags": [
      {
        "type": "module",
        "string": "Class for Windows Management Interface (WMI)"
      },
      {
        "type": "file",
        "string": "lib\\utils\\wmi.js"
      },
      {
        "type": "description",
        "string": "This library contains the query functions that spies on computer and allows to retrieve information on current execution environment.\\\\  \\\\\n init() to initialize WMI extension or to create WMI object, end() to delete WMI object.\\\\\n query() to return an array with the collected information.\\\\\n display() to format the result as a string.\\\\\n\\\\\n// :!: __Caution:__ this page is auto-generated from source code and should not be modified from wiki application.//"
      },
      {
        "type": "path",
        "string": "ctx.wmi"
      }
    ],
    "description": {
      "full": "++++Status: Validated|\n<WRAP indent>\n|< 100% 10% 10% >|\n^ 11-July-2017 ^ ctxt8 ^ Validated ^\n</WRAP>\n++++",
      "summary": "++++Status: Validated|\n<WRAP indent>\n|< 100% 10% 10% >|\n^ 11-July-2017 ^ ctxt8 ^ Validated ^\n</WRAP>\n++++",
      "body": ""
    },
    "isPrivate": false,
    "ignore": false
  },
  {
    "tags": [
      {
        "type": "class",
        "string": "ctx.options.wmi"
      },
      {
        "type": "summary",
        "string": "Options for the 'ctx.wmi' library"
      },
      {
        "type": "path",
        "string": "ctx.options.wmi"
      },
      {
        "type": "struct",
        "string": ""
      }
    ],
    "description": {
      "full": "",
      "summary": "",
      "body": ""
    },
    "isPrivate": false,
    "ignore": false,
    "code": "ctx.options.wmi = {"
  },
  {
    "tags": [
      {
        "type": "summary",
        "string": "Trace level (see [[lib:common:ctx.enum#etracelevel|e.trace.level]])"
      },
      {
        "type": "property",
        "types": [
          "e.trace.level"
        ],
        "name": "traceLevel",
        "description": "",
        "optional": false
      },
      {
        "type": "path",
        "string": "ctx.options.wmi.traceLevel"
      }
    ],
    "description": {
      "full": "",
      "summary": "",
      "body": ""
    },
    "isPrivate": false,
    "ignore": false,
    "code": "traceLevel: e.trace.level.None\n};"
  },
  {
    "tags": [
      {
        "type": "class",
        "string": "ctx.wmi"
      },
      {
        "type": "summary",
        "string": "Class for Windows Management Interface (WMI)"
      },
      {
        "type": "path",
        "string": "ctx.wmi"
      },
      {
        "type": "constructor",
        "string": ""
      }
    ],
    "description": {
      "full": "",
      "summary": "",
      "body": ""
    },
    "isPrivate": false,
    "ignore": false,
    "code": "ctx.wmi = (function() {\n  // private variables",
    "ctx": {
      "type": "property",
      "receiver": "ctx",
      "name": "wmi",
      "value": "(function() {",
      "string": "ctx.wmi"
    }
  },
  {
    "tags": [
      {
        "type": "type",
        "types": [
          "Object"
        ]
      }
    ],
    "description": {
      "full": "",
      "summary": "",
      "body": ""
    },
    "isPrivate": false,
    "ignore": false,
    "code": "var _options = ctx.options.wmi;",
    "ctx": {
      "type": "declaration",
      "name": "_options",
      "value": "ctx.options.wmi",
      "string": "_options"
    }
  },
  {
    "tags": [
      {
        "type": "type",
        "types": [
          "SWbemServices"
        ]
      }
    ],
    "description": {
      "full": "",
      "summary": "",
      "body": ""
    },
    "isPrivate": false,
    "ignore": false,
    "code": "var _wmiApp = null; // wmi application\n  var _wmi =",
    "ctx": {
      "type": "declaration",
      "name": "_wmiApp",
      "value": "null",
      "string": "_wmiApp"
    }
  },
  {
    "tags": [
      {
        "type": "lends",
        "parent": "ctx.wmi"
      }
    ],
    "description": {
      "full": "",
      "summary": "",
      "body": ""
    },
    "isPrivate": false,
    "ignore": false,
    "code": "{"
  },
  {
    "tags": [
      {
        "type": "ignore",
        "string": "Initializes the WMI application."
      },
      {
        "type": "method",
        "string": "init"
      },
      {
        "type": "summary",
        "string": "Initializes the WMI application."
      },
      {
        "type": "description",
        "string": "__Ex.:__\n<code javascript>\nctx.wmi.init();\n</code>     "
      },
      {
        "type": "throws",
        "types": [
          "Error"
        ],
        "description": ""
      },
      {
        "type": "path",
        "string": "ctx.wmi.init"
      }
    ],
    "description": {
      "full": "",
      "summary": "",
      "body": ""
    },
    "isPrivate": false,
    "ignore": false,
    "code": "init: function() {\n      try {\n        // try to get WMI object\n        if (_wmiApp === null) {\n          //ctx.notifyAction('wmi.init');\n          _wmiApp = GetObject(\"winmgmts:\");\n        }\n      } catch (ex) {\n        try {\n          // create WMI object\n          if (_wmiApp === null) {\n            var strComputer = \".\";"
  },
  {
    "tags": [
      {
        "type": "type",
        "types": [
          "SWbemLocator"
        ]
      }
    ],
    "description": {
      "full": "",
      "summary": "",
      "body": ""
    },
    "isPrivate": false,
    "ignore": false,
    "code": "var loc = new ActiveXObject(\"WbemScripting.SWbemLocator\");\n            _wmiApp = loc.ConnectServer(strComputer, \"/root/CIMV2\");\n          }\n        } catch (ex2) {\n          addLog(\"wmi.init : Exception : \" + ex2.description);\n          throw new Error(e.error.KO, '[wmi.init] Failed to start wmi. '+ ex2.description);\n        } // try..catch\n        //addLog(' *** wmi.init(): KO *** Error ' + ex.description);\n        throw new Error(e.error.KO, '[wmi.init] Failed to start wmi. '+ ex.description);\n      } // try..catch\n    },",
    "ctx": {
      "type": "declaration",
      "name": "loc",
      "value": "new ActiveXObject(\"WbemScripting.SWbemLocator\")",
      "string": "loc"
    }
  },
  {
    "tags": [
      {
        "type": "method",
        "string": "display"
      },
      {
        "type": "summary",
        "string": "Generates a query as an XML string."
      },
      {
        "type": "description",
        "string": "__Ex.:__\n<code javascript>\nctx.wmi.display(tab, 'LoginProfile', 'LoginProfiles')\n</code>"
      },
      {
        "type": "path",
        "string": "ctx.wmi.display"
      },
      {
        "type": "param",
        "types": [
          "Array<string>"
        ],
        "name": "tab",
        "description": "",
        "optional": false
      },
      {
        "type": "param",
        "types": [
          "string"
        ],
        "name": "[item]",
        "description": "Item name",
        "optional": true
      },
      {
        "type": "param",
        "types": [
          "string"
        ],
        "name": "[category]",
        "description": "Category name",
        "optional": true
      }
    ],
    "description": {
      "full": "Generates a query as an XML string.",
      "summary": "Generates a query as an XML string.",
      "body": ""
    },
    "isPrivate": false,
    "ignore": false,
    "code": "display: function(tab, item, category) {\n      ctx.notifyAction('ctx.wmi.display');\n      if (category) {\n        category = category.replace(/ /g,\"_\");\n        _wmi.log('  <' + category + '>');\n      }\n      ctx.each(tab, function(id, node) {\n        if (item)\n          _wmi.log('    <' + item + '>');\n        ctx.each(node, function(id, value) {\n          var iReman = id.replace(/ /g,\"_\");\n          _wmi.log('      <' + iReman + '><![CDATA[' + value + ']]></' + iReman + '>');\n        });\n        //var text = ctx.json.stringify(value);\n        if (item)\n          _wmi.log('    </' + item + '>');\n      });\n      if (category)\n        _wmi.log('  </' + category + '>');\n    },"
  },
  {
    "tags": [
      {
        "type": "method",
        "string": "end"
      },
      {
        "type": "summary",
        "string": "Ends the WMI library."
      },
      {
        "type": "description",
        "string": "__Ex.:__\n<code javascript>\nctx.wmi.end();\n</code>"
      },
      {
        "type": "path",
        "string": "ctx.wmi.end"
      }
    ],
    "description": {
      "full": "Ends the WMI library.",
      "summary": "Ends the WMI library.",
      "body": ""
    },
    "isPrivate": false,
    "ignore": false,
    "code": "end: function() {\n      if (_wmiApp != null) {\n        _wmiApp = null;\n      } \n    },"
  },
  {
    "tags": [
      {
        "type": "method",
        "string": "killProcess"
      },
      {
        "type": "summary",
        "string": "Kills a process based on its ID."
      },
      {
        "type": "description",
        "string": "__Ex.:__\n<code javascript>\nctx.wmi.killProcess(156);\n</code>"
      },
      {
        "type": "path",
        "string": "ctx.wmi.killProcess"
      }
    ],
    "description": {
      "full": "Kills a process based on its ID.",
      "summary": "Kills a process based on its ID.",
      "body": ""
    },
    "isPrivate": false,
    "ignore": false,
    "code": "killProcess: function(pid) {\n      _wmi.init();\n      var proc = _wmiApp.Get(\"Win32_Process.Handle='\" + pid + \"'\");\n      if (proc) { \n        proc.Terminate(); \n      }\n    },"
  },
  {
    "tags": [
      {
        "type": "method",
        "string": "log"
      },
      {
        "type": "summary",
        "string": "Logs a single line."
      },
      {
        "type": "description",
        "string": "__Ex.:__\n<code javascript>\nctx.wmi.log('</' + item + '>');\n</code>"
      },
      {
        "type": "path",
        "string": "ctx.wmi.log"
      },
      {
        "type": "param",
        "types": [
          "string"
        ],
        "name": "text",
        "description": "Text value to generate",
        "optional": false
      }
    ],
    "description": {
      "full": "Logs a single line.",
      "summary": "Logs a single line.",
      "body": ""
    },
    "isPrivate": false,
    "ignore": false,
    "code": "log: function(text) {\n      addLog(text);\n    },"
  },
  {
    "tags": [
      {
        "type": "method",
        "string": "query"
      },
      {
        "type": "summary",
        "string": "Performs a WMI query."
      },
      {
        "type": "description",
        "string": "Gets a list of informations about of the parameters from a WMI section.\\\\ \\\\\n__Ex.:__\n<code javascript>\ntab = ctx.wmi.query('Win32_NetworkLoginProfile', ['Name', 'LastLogon']);\n\ntab = ctx.wmi.query('Win32_NTEventLogFile', ['FileName', 'Name', 'FileSize', 'NumberOfRecords', 'LastModified'], \"NumberOfRecords!=0\");\n</code>"
      },
      {
        "type": "throws",
        "types": [
          "Error"
        ],
        "description": ""
      },
      {
        "type": "path",
        "string": "ctx.wmi.query"
      },
      {
        "type": "param",
        "types": [
          "string"
        ],
        "name": "section",
        "description": "WMI section to search",
        "optional": false
      },
      {
        "type": "param",
        "types": [
          "Array<string>"
        ],
        "name": "[params]",
        "description": "Array of attributs (if undefined, all attributes)",
        "optional": true
      },
      {
        "type": "param",
        "types": [
          "string"
        ],
        "name": "[where]",
        "description": "Selection string ",
        "optional": true
      },
      {
        "type": "return",
        "types": [
          "Array<string>"
        ],
        "description": "Results of WMI query"
      }
    ],
    "description": {
      "full": "Performs a WMI query.",
      "summary": "Performs a WMI query.",
      "body": ""
    },
    "isPrivate": false,
    "ignore": false,
    "code": "query: function(section, params, where) {\n      ctx.notifyAction('ctx.wmi.query');\n      _wmi.init();\n\n      try {"
  },
  {
    "tags": [
      {
        "type": "type",
        "types": [
          "Array"
        ]
      }
    ],
    "description": {
      "full": "",
      "summary": "",
      "body": ""
    },
    "isPrivate": false,
    "ignore": false,
    "code": "var tab = [];\n        var select = '';\n        if (params) {\n          // select only mentioned properties\n          for (var i = 0; i < params.length; i++) {\n            if (select != '')\n              select += ', ';\n            select = select + params[i];\n          }\n        } \n        if (select == '') {\n          // select all properties\n          select = '*';\n        }\n        if (select != '') {\n          select = 'SELECT ' + select + ' FROM ' + section;\n          if (where) {\n            select = select + ' WHERE ' + where;\n          }\n          //var query = GetObject(\"winmgmts:\").InstancesOf (\"Win32_Printer\");\n          //var query = GetObject(\"winmgmts:\").ExecQuery(select, \"WQL\", 0);\n          var query = _wmiApp.ExecQuery(select);\n          var value;\n          for (var e = new Enumerator(query); !e.atEnd(); e.moveNext()) {\n            var p = e.item();\n            if (p) {\n              var elem = {};\n              if (params) {\n                // enumerate mentioned properties\n                for (var i = 0; i < params.length; i++) {\n                  try {\n                    value = p[params[i]];\n                    if (typeof value === 'unknown') {\n                      // Array of Variant\n                      var objArray = new VBArray(value);\n                      var jArray = objArray.toArray(); \n                      elem[params[i]] = jArray;\n                    } else {\n                      elem[params[i]] = value;\n                    }\n                  } catch (ex) {\n                    elem[params[i]] = 'undefined';\n                  }\n                }\n              } else {\n                // enumerate WMI object properties\n                var objProperties = new Enumerator(p.Properties_);\n                for (; !objProperties.atEnd(); objProperties.moveNext()) {\n                  var objProperty = objProperties.item();\n                  try {\n                    if (objProperty.Value)\n                      elem[objProperty.Name] = objProperty.Value;\n                  } catch (ex) {\n                  }\n                } \n              }\n              tab.push(elem);\n            }\n          }\n        }\n        return tab;\n      } catch (ex){\n        throw new Error(e.error.KO, '[wmi.init] Failed to perform WMI query. '+ ex.description);\n      }\n    }\n  };\n  return _wmi;\n}());",
    "ctx": {
      "type": "declaration",
      "name": "tab",
      "value": "[]",
      "string": "tab"
    }
  }
]