[
  {
    "tags": [
      {
        "type": "module",
        "string": "wscript.js"
      },
      {
        "type": "file",
        "string": "WScript.Shell extension"
      },
      {
        "type": "description",
        "string": "This library contains methods to explore the registry, system variables, network.\\\\ \n==== Usage ====\n  * init() to get WScript.Shell or Create WScript.Shell.\\\\\n  * initNetwork() to get WScript.Network or Create WScript.Network.\\\\\n  * end() delete the WScript.Shell and the  WScript.Network.\\\\\n  * display to format the result as a string.\\\\\n\\\\\nUsing the class registry with some methods : getKey, getKeyList, getSubKeys, getKeyBHO, getKeyDirect, getSubKeysUninstall, getIEVersion.\\\\\n\\\\\nUsing the class shell with some methods : execute, getEnvVariable, enumEnvVariable, expandEnvString, getObject, getSpecialFolders.\\\\\n\\\\\nUsing the class network with method : getObject.\\\\\n\\\\\n// :!: __Caution:__ this page is auto-generated from source code and should not be modified from wiki application.//"
      },
      {
        "type": "path",
        "string": "ctx.wscript"
      }
    ],
    "description": {
      "full": "++++Status: Validated|\n<WRAP indent>\n|< 100% 10% 10% >|\n^ 21/04/2016 ^ ctxt8 ^ Validated ^\n</WRAP>\n++++",
      "summary": "++++Status: Validated|\n<WRAP indent>\n|< 100% 10% 10% >|\n^ 21/04/2016 ^ ctxt8 ^ Validated ^\n</WRAP>\n++++",
      "body": ""
    },
    "isPrivate": false,
    "ignore": false
  },
  {
    "tags": [
      {
        "type": "ignore",
        "string": "Suppress all warnings regarding missing interface declarations for 'WScript.Shell' and 'WScript.Network' "
      },
      {
        "type": "fileoverview",
        "string": ""
      },
      {
        "type": "suppress",
        "string": "{missingProperties}"
      }
    ],
    "description": {
      "full": "",
      "summary": "",
      "body": ""
    },
    "isPrivate": false,
    "ignore": false
  },
  {
    "tags": [
      {
        "type": "class",
        "string": "ctx.options.wscript "
      },
      {
        "type": "summary",
        "string": "Options for the 'ctx.wscript' library"
      },
      {
        "type": "path",
        "string": "ctx.options.wscript"
      },
      {
        "type": "struct",
        "string": ""
      }
    ],
    "description": {
      "full": "",
      "summary": "",
      "body": ""
    },
    "isPrivate": false,
    "ignore": false,
    "code": "ctx.options.wscript = {"
  },
  {
    "tags": [
      {
        "type": "summary",
        "string": "Trace level (see [[lib:common:ctx.enum#etracelevel|e.trace.level]])"
      },
      {
        "type": "property",
        "types": [
          "e.trace.level"
        ],
        "name": "traceLevel",
        "description": "",
        "optional": false
      },
      {
        "type": "path",
        "string": "ctx.options.wscript.traceLevel"
      }
    ],
    "description": {
      "full": "",
      "summary": "",
      "body": ""
    },
    "isPrivate": false,
    "ignore": false,
    "code": "traceLevel: e.trace.level.None\n};"
  },
  {
    "tags": [
      {
        "type": "class",
        "string": "ctx.wscript"
      },
      {
        "type": "summary",
        "string": "Class for WShell manipulation"
      },
      {
        "type": "constructor",
        "string": ""
      }
    ],
    "description": {
      "full": "",
      "summary": "",
      "body": ""
    },
    "isPrivate": false,
    "ignore": false,
    "code": "ctx.wscript = (function() {",
    "ctx": {
      "type": "property",
      "receiver": "ctx",
      "name": "wscript",
      "value": "(function() {",
      "string": "ctx.wscript"
    }
  },
  {
    "tags": [
      {
        "type": "type",
        "types": [
          "Object"
        ]
      }
    ],
    "description": {
      "full": "",
      "summary": "",
      "body": ""
    },
    "isPrivate": false,
    "ignore": false,
    "code": "var _options = ctx.options.wscript;\n  // private variables",
    "ctx": {
      "type": "declaration",
      "name": "_options",
      "value": "ctx.options.wscript",
      "string": "_options"
    }
  },
  {
    "tags": [
      {
        "type": "type",
        "types": [
          "WScriptShell"
        ]
      }
    ],
    "description": {
      "full": "",
      "summary": "",
      "body": ""
    },
    "isPrivate": false,
    "ignore": false,
    "code": "var _shellObj = null;",
    "ctx": {
      "type": "declaration",
      "name": "_shellObj",
      "value": "null",
      "string": "_shellObj"
    }
  },
  {
    "tags": [
      {
        "type": "type",
        "types": [
          "WScriptNetwork"
        ]
      }
    ],
    "description": {
      "full": "",
      "summary": "",
      "body": ""
    },
    "isPrivate": false,
    "ignore": false,
    "code": "var _networkObj = null;\n  var _wscript =",
    "ctx": {
      "type": "declaration",
      "name": "_networkObj",
      "value": "null",
      "string": "_networkObj"
    }
  },
  {
    "tags": [
      {
        "type": "lends",
        "parent": "ctx.wscript"
      }
    ],
    "description": {
      "full": "",
      "summary": "",
      "body": ""
    },
    "isPrivate": false,
    "ignore": false
  },
  {
    "tags": [
      {
        "type": "method",
        "string": "init"
      },
      {
        "type": "summary",
        "string": "Initializes the WScript library."
      },
      {
        "type": "description",
        "string": "__Ex.:__\n<code javascript>\nctx.wscript.init();\n</code>     "
      },
      {
        "type": "path",
        "string": "ctx.wscript.init"
      },
      {
        "type": "return",
        "types": [
          "boolean"
        ],
        "description": "true for success, false otherwise"
      }
    ],
    "description": {
      "full": "Initializes the WScript library.",
      "summary": "Initializes the WScript library.",
      "body": ""
    },
    "isPrivate": false,
    "ignore": false,
    "code": "init: function() {\n      try {\n        // try to get Shell object\n        if (_shellObj === null) {\n          _shellObj = GetObject(\"WScript.Shell\");\n        }\n      } catch (ex) {\n        try {\n          // create Shell object\n          if (_shellObj === null) {\n            _shellObj = new ActiveXObject(\"WScript.Shell\");\n          }\n        } catch (ex2) {\n          addLog(\"init : Exception : \" + ex2.description);\n          return false;\n        } // try..catch\n      } // try..catch\n      return true;\n    },"
  },
  {
    "tags": [
      {
        "type": "method",
        "string": "initNetwork"
      },
      {
        "type": "summary",
        "string": "Initializes the WScript network library."
      },
      {
        "type": "description",
        "string": "__Ex.:__\n<code javascript>\nctx.wscript.initNetwork();\n</code>     "
      },
      {
        "type": "path",
        "string": "ctx.wscript.initNetwork"
      },
      {
        "type": "return",
        "types": [
          "boolean"
        ],
        "description": "true for success, false otherwise"
      }
    ],
    "description": {
      "full": "Initializes the WScript network library.",
      "summary": "Initializes the WScript network library.",
      "body": ""
    },
    "isPrivate": false,
    "ignore": false,
    "code": "initNetwork: function() {\n      try {\n        // try to get Shell object\n        if (_networkObj === null) {\n          _networkObj = GetObject(\"WScript.Network\");\n        }\n      } catch (ex) {\n        try {\n          // create Shell object\n          if (_networkObj === null) {\n            _networkObj = new ActiveXObject(\"WScript.Network\");\n          }\n        } catch (ex2) {\n          addLog(\"initNetwork : Exception : \" + ex2.description);\n          return false;\n        } // try..catch\n      } // try..catch\n      return true;\n    },"
  },
  {
    "tags": [
      {
        "type": "method",
        "string": "end"
      },
      {
        "type": "summary",
        "string": "Ends the WScript library."
      },
      {
        "type": "description",
        "string": "__Ex.:__\n<code javascript>\nctx.wscript.end();\n</code>     "
      },
      {
        "type": "path",
        "string": "ctx.wscript.end"
      },
      {
        "type": "return",
        "types": [
          "boolean"
        ],
        "description": "true for success, false otherwise"
      }
    ],
    "description": {
      "full": "Ends the WScript library.",
      "summary": "Ends the WScript library.",
      "body": ""
    },
    "isPrivate": false,
    "ignore": false,
    "code": "end: function() {\n      //addLog(\" *** ctx.wscript.end() ***\");\n      if (_shellObj != null) {\n        _shellObj = null;\n      } \n      if (_networkObj != null) {\n        _networkObj = null;\n      } \n      return true;    \n    },"
  },
  {
    "tags": [
      {
        "type": "method",
        "string": "display "
      },
      {
        "type": "summary",
        "string": "Formats the result as an XML string."
      },
      {
        "type": "description",
        "string": "__Ex.:__\n<code javascript>\nctx.wscript.display(tab, 'Printer', 'Printers');\n</code>\n\\\\\nOutput should be like: \n<code xml>\n\"<Printers><Printer>...</Printer>...</Printers>\"\n</code>     "
      },
      {
        "type": "path",
        "string": "ctx.wscript.display"
      },
      {
        "type": "param",
        "types": [
          "Array<string>"
        ],
        "name": "tab",
        "description": "",
        "optional": false
      },
      {
        "type": "param",
        "types": [
          "string"
        ],
        "name": "item",
        "description": "Node name",
        "optional": false
      },
      {
        "type": "param",
        "types": [
          "string"
        ],
        "name": "category",
        "description": "Node category",
        "optional": false
      }
    ],
    "description": {
      "full": "Formats the result as an XML string.",
      "summary": "Formats the result as an XML string.",
      "body": ""
    },
    "isPrivate": false,
    "ignore": false,
    "code": "display: function(tab, item, category) {\n      if (category) {\n        category = category.replace(/ /g,\"_\");\n        _wscript.log('  <' + category + '>');\n      }\n      ctx.each(tab, function(id, node) {\n        if (item)\n          _wscript.log('    <' + item + '>');\n        ctx.each(node, function(id, value) {\n          var iReman = id.replace(/ /g,\"_\");\n          _wscript.log('      <' + iReman + '><![CDATA[' + value + ']]></' + iReman + '>');\n        });\n        if (item)\n          _wscript.log('    </' + item + '>');\n      });\n      if (category)\n        _wscript.log('  </' + category + '>');\n    },"
  },
  {
    "tags": [
      {
        "type": "method",
        "string": "log"
      },
      {
        "type": "summary",
        "string": "Logs a single line."
      },
      {
        "type": "description",
        "string": "<WRAP todo>\n<todo @cpuget>ctx._wscript.log : to remove ?</todo>\\\\\n</WRAP>\n__Ex.:__\n<code javascript>\nctx._wscript.log('</' + item + '>');\n</code>"
      },
      {
        "type": "path",
        "string": "ctx.wscript.log"
      },
      {
        "type": "param",
        "types": [
          "string"
        ],
        "name": "text",
        "description": "Text value to generate",
        "optional": false
      },
      {
        "type": "return",
        "types": [
          "wscript"
        ],
        "description": "Application or KO"
      }
    ],
    "description": {
      "full": "Logs a single line.",
      "summary": "Logs a single line.",
      "body": ""
    },
    "isPrivate": false,
    "ignore": false,
    "code": "log : function(text) {\n      addLog(text);\n    },"
  },
  {
    "tags": [
      {
        "type": "class",
        "string": "ctx.wscript.registry"
      },
      {
        "type": "summary",
        "string": "Class gathering a set of functions to access Windows registry base"
      },
      {
        "type": "path",
        "string": "ctx.wscript.registry"
      }
    ],
    "description": {
      "full": "",
      "summary": "",
      "body": ""
    },
    "isPrivate": false,
    "ignore": false,
    "code": "registry: (function() {\n      var _registry = \n      {"
  },
  {
    "tags": [
      {
        "type": "method",
        "string": "getKey "
      },
      {
        "type": "summary",
        "string": "Reads a registry key."
      },
      {
        "type": "description",
        "string": "__Ex.:__\n<code javascript>\nbKey = ctx.wscript.registry.getKey(keyPath);\n</code>"
      },
      {
        "type": "path",
        "string": "ctx.wscript.registry.getKey"
      },
      {
        "type": "param",
        "types": [
          "string"
        ],
        "name": "keyPath",
        "description": "Registry path",
        "optional": false
      }
    ],
    "description": {
      "full": "Reads a registry key.",
      "summary": "Reads a registry key.",
      "body": ""
    },
    "isPrivate": false,
    "ignore": false,
    "code": "getKey : function (keyPath) {\n          _wscript.init();\n          var baseUrl=\"\";\n          try{\n            var regValue = _shellObj.RegRead(keyPath);\n            if(regValue != \"\" && regValue!= undefined){\n              baseUrl=regValue;\n              //addLog(\"getKey \" + baseUrl + \" pour la clé \" + keyPath);\n            }\n            return baseUrl;\n          }\n          catch(ex){\n            //addLog(\"getKey : Exception : \" + ex.description);\n            return \"NotExist\";\n          }\n        },"
  },
  {
    "tags": [
      {
        "type": "method",
        "string": "getKeyList "
      },
      {
        "type": "summary",
        "string": "Returns an array with the subkeys contain."
      },
      {
        "type": "description",
        "string": "__Ex.:__\n<code javascript>\nbKey = ctx.wscript.registry.getKeyList(sBaseKey, sKey, attribute);\n</code>"
      },
      {
        "type": "path",
        "string": "ctx.wscript.registry.getKeyList"
      },
      {
        "type": "param",
        "types": [
          "string"
        ],
        "name": "sBaseKey",
        "description": "",
        "optional": false
      },
      {
        "type": "param",
        "types": [
          "string"
        ],
        "name": "sKey",
        "description": "",
        "optional": false
      },
      {
        "type": "param",
        "types": [
          "string"
        ],
        "name": "attribute",
        "description": "",
        "optional": false
      }
    ],
    "description": {
      "full": "Returns an array with the subkeys contain.",
      "summary": "Returns an array with the subkeys contain.",
      "body": ""
    },
    "isPrivate": false,
    "ignore": false,
    "code": "getKeyList : function(sBaseKey , sKey , attribute) \n        {\n          var KLM = 0x80000002;\n          var tab = [];\n          var bKey = '';\n          var rtn = _registry.getSubKeys('.', sBaseKey ,KLM);\n          if ( rtn.Results == 0 ) \n            { \n              for (var idx=0;idx<rtn.SubKeys.length;idx++) \n              { \n              try  \n              { \n                //addLog(\"getKey indice : \" + idx + \" contenu\" + rtn.SubKeys[idx]);\n                var elem = {};\n                var subKey = rtn.SubKeys[idx];\n                if (attribute == \"\") {\n                  bKey =  _registry.getKey (sKey + \"\\\\\"+ subKey + \"\\\\\");\n                } else {\n                  bKey =  _registry.getKey (sKey + \"\\\\\"+ subKey + \"\\\\\" + attribute);\n                }\n                //addLog(\"getKey donnees : \" + bKey + \"pour sous clé \"+ subKey );\n                elem[subKey] = bKey ;\n                tab.push(elem);\n              } \n              catch(ex)   \n              {  \n                addLog(\"getKey exception : \" + ex.description ); \n              } \n              }\n            }\n          return tab;\n        },"
  },
  {
    "tags": [
      {
        "type": "method",
        "string": "getSubKeys"
      },
      {
        "type": "summary",
        "string": "Returns an array with names of any subkeys."
      },
      {
        "type": "description",
        "string": "__Ex.:__\n<code javascript>\nbKey = ctx.wscript.registry.getSubKeys('.', sBaseKey, KLM);\n</code>"
      },
      {
        "type": "path",
        "string": "ctx.wscript.registry.getSubKeys"
      },
      {
        "type": "param",
        "types": [
          "string"
        ],
        "name": "strComputer",
        "description": "Current computer ('.' by default)",
        "optional": false
      },
      {
        "type": "param",
        "types": [
          "string"
        ],
        "name": "strRegPath",
        "description": "",
        "optional": false
      },
      {
        "type": "param",
        "types": [
          "number"
        ],
        "name": "HKLM",
        "description": "",
        "optional": false
      }
    ],
    "description": {
      "full": "Returns an array with names of any subkeys.",
      "summary": "Returns an array with names of any subkeys.",
      "body": ""
    },
    "isPrivate": false,
    "ignore": false,
    "code": "getSubKeys : function (strComputer, strRegPath, HKLM) \n        { \n          try \n          { \n            var aNames = null;\n            strComputer = strComputer || '.';\n            var objLocator     = new ActiveXObject(\"WbemScripting.SWbemLocator\"); \n            var objService     = objLocator.ConnectServer(strComputer, \"root\\\\default\"); \n            var objReg         = objService.Get(\"StdRegProv\"); \n            var objMethod      = objReg.Methods_.Item(\"EnumKey\"); \n            var objInParam     = objMethod.InParameters.SpawnInstance_(); \n            var retVal;\n            objInParam.hDefKey = HKLM; \n            objInParam.sSubKeyName = strRegPath; \n            var objOutParam = objReg.ExecMethod_(objMethod.Name, objInParam); \n            switch(objOutParam.ReturnValue) \n            {\n              case 0:          // Success \n                aNames = (objOutParam.sNames != null) ? objOutParam.sNames.toArray(): null; \n            retVal = 0;\n                break; \n         \n              case 2:        // Not Found \n                aNames = null; \n            retVal = 1;\n                break; \n            } \n            return { Results : retVal, SubKeys : aNames }; \n          } \n         catch(ex)   \n          {  \n            return { Results: ex.number, SubKeys : ex.description  }  \n          } \n        },"
  },
  {
    "tags": [
      {
        "type": "method",
        "string": "getKeyBHO "
      },
      {
        "type": "summary",
        "string": "Returns an array with the BHO state (locked or unlocked)."
      },
      {
        "type": "description",
        "string": "__Ex.:__\n<code javascript>\ntab = ctx.wscript.registry.getKeyBHO();\n</code>"
      },
      {
        "type": "path",
        "string": "ctx.wscript.registry.getKeyBHO"
      }
    ],
    "description": {
      "full": "Returns an array with the BHO state (locked or unlocked).",
      "summary": "Returns an array with the BHO state (locked or unlocked).",
      "body": ""
    },
    "isPrivate": false,
    "ignore": false,
    "code": "getKeyBHO : function() \n        {\n          var sKey = \"HKLM\\\\SOFTWARE\\\\Microsoft\\\\Windows\\\\CurrentVersion\\\\Explorer\\\\Browser Helper Objects\";\n          var sBaseKey = \"SOFTWARE\\\\Microsoft\\\\Windows\\\\CurrentVersion\\\\explorer\\\\Browser Helper Objects\";\n          var sBaseKey2 = \"Software\\\\Microsoft\\\\Windows\\\\CurrentVersion\\\\Ext\\\\Settings\";\n          //var sBaseKeyIE = \"Software\\\\Microsoft\\\\Internet Explorer\\\\Approved Extensions\";\n          var KLM = 0x80000002;\n          var HKCU = 0x80000001;\n          var tab = [];\n          var rtn = _registry.getSubKeys(\".\", sBaseKey ,KLM);\n          var rtn2 = _registry.getSubKeys(\".\", sBaseKey2 ,HKCU);\n          //var rtIE =  _registry.getSubKeys(\".\", sBaseKeyIE ,HKCU);\n          if ( rtn.Results == 0 ) \n            { \n              for (var idx=0;idx<rtn.SubKeys.length;idx++) \n              { \n              try  \n              { \n                var elem = {};\n                var subKey = rtn.SubKeys[idx];\n                elem.name =  _registry.getKey (sKey + \"\\\\\"+ subKey + \"\\\\\");\n                elem.id =  subKey;\n                //if (elem.name && elem.name == \"ConteXtor BHO v3\") {\n                if (elem.name) {\n                  try  \n                    { \n                      //elem.enabled = true;\n                      var sReadKey = _registry.getKey (\"HKEY_CURRENT_USER\\\\Software\\\\Microsoft\\\\Internet Explorer\\\\Approved Extensions\\\\\" +  subKey );\n                      if (sReadKey == \"NotExist\") {\n                        var subKey2;\n                        elem.enabled = true;\n                        for (var idx2=0;idx2<rtn2.SubKeys.length;idx2++) {\n                          subKey2 = rtn2.SubKeys[idx2];\n                          if (subKey2 == subKey) {\n                            // if key is present, and Flags=1, the BHO is disabled\n                            var flags = _registry.getKey (\"HKEY_CURRENT_USER\\\\\" + sBaseKey2 + \"\\\\\" +  subKey + \"\\\\Flags\");\n                            //var sReadKey = _registry.getKeyList (\"HKEY_CURRENT_USER\\\\\" + sBaseKey2,  subKey, \"\\\\Flags\");\n                            if (flags == 1) {\n                              elem.enabled = false;\n                            }\n                            break;\n                          }\n                        }\n                      } else {\n                        sReadKey = _registry.getKey (\"HKEY_CURRENT_USER\\\\Software\\\\Microsoft\\\\Internet Explorer\\\\Approved Extensions\\\\\" +  subKey );\n                        if (sReadKey == \"NotExist\") {\n                          elem.enabled = false;\n                        } else {\n                          elem.enabled = true;\n                        }\n                      }\n                      \n                    } catch (ex) {\n                      //addLog(\"getKeyBHO exception : \" + ex.description  ); \n                      elem.enabled = false;\n                    }\n                    \n                  //addLog(\"getKeyBHO  existance  : \" + bActif + \"pour sous clé \"+ subKey );\n                  tab.push(elem);\n                }\n              } \n              catch(ex)   \n              {  \n                addLog(\"getKeyBHO exception : \" + ex.description  ); \n              } \n              }\n            }\n          return tab;\n        },"
  },
  {
    "tags": [
      {
        "type": "method",
        "string": "getKeyDirect "
      },
      {
        "type": "summary",
        "string": "Returns an array with the subkeys contain."
      },
      {
        "type": "description",
        "string": "__Ex.:__\n<code javascript>\nvar sKey = \"HKLM\\\\SYSTEM\\\\CurrentControlSet\\\\Services\\\\USBSTOR\";\ntab = ctx.wscript.registry.getKeyDirect(sKey, 'Start') ;\n</code>"
      },
      {
        "type": "path",
        "string": "ctx.wscript.registry.getKeyDirect"
      },
      {
        "type": "param",
        "types": [
          "string"
        ],
        "name": "sKey",
        "description": "",
        "optional": false
      },
      {
        "type": "param",
        "types": [
          "string"
        ],
        "name": "attribute",
        "description": "",
        "optional": false
      },
      {
        "type": "return",
        "types": [
          "Array<string>"
        ],
        "description": "array"
      }
    ],
    "description": {
      "full": "Returns an array with the subkeys contain.",
      "summary": "Returns an array with the subkeys contain.",
      "body": ""
    },
    "isPrivate": false,
    "ignore": false,
    "code": "getKeyDirect : function(sKey , attribute) {\n          var tab = [];\n          var elem = {};\n          var res;\n          //var name = \"xxx\";\n          try {\n            if (attribute == \"\") {\n              res =  _registry.getKey (sKey + \"\\\\\");\n            } else {\n              res =  _registry.getKey (sKey + \"\\\\\" + attribute);\n            }\n            \n            elem.name =  _registry.getKey (sKey + \"\\\\DisplayName\");\n            //addLog(\"getKeyDirect DisplayName : \" + name); \n            if (attribute == \"Start\") {\n              if (res == 3) { elem.locked = false; }\n              if (res == 4) { elem.locked = true; }\n              //elem[name] =  \"Usb \"  + res ;\n            } else {\n              //elem[name] =  attribute + \" \" + res ;\n            }\n            tab.push(elem);\n            return tab;\n          } \n          catch(ex)   \n          {  \n            addLog(\"getKeyDirect exception : \" + ex.description  ); \n            return tab;\n          } \n        },"
  },
  {
    "tags": [
      {
        "type": "method",
        "string": "getSubKeysUninstall"
      },
      {
        "type": "summary",
        "string": "Returns an array with the name and version for the installed programs."
      },
      {
        "type": "description",
        "string": "(SOFTWARE\\\\Microsoft\\\\Windows\\\\CurrentVersion\\\\Uninstall\\\\) \\\\ __Ex.:__\n<code javascript>\ntab = ctx.wscript.registry.getSubKeysUninstall();\n</code>"
      },
      {
        "type": "path",
        "string": "ctx.wscript.registry.getSubKeysUninstall"
      },
      {
        "type": "param",
        "types": [
          "string"
        ],
        "name": "[strComputer]",
        "description": "Current computer ('.' by default)",
        "optional": true
      },
      {
        "type": "return",
        "types": [
          "Array<string>"
        ],
        "description": "Array of string with the name and version for installed programs"
      }
    ],
    "description": {
      "full": "Returns an array with the name and version for the installed programs.",
      "summary": "Returns an array with the name and version for the installed programs.",
      "body": ""
    },
    "isPrivate": false,
    "ignore": false,
    "code": "getSubKeysUninstall : function(strComputer) \n        {\n          var HKLM = 0x80000002; \n          var tab = [];\n          \n          strComputer = strComputer || '.';\n          var rtn = _registry.getSubKeys(strComputer, \"SOFTWARE\\\\Microsoft\\\\Windows\\\\CurrentVersion\\\\Uninstall\\\\\", HKLM);\n          \n          if ( rtn.Results == 0 ) \n            { \n              for (var idx=0;idx<rtn.SubKeys.length;idx++) \n              { \n              //addLog(\"getSubKeysUninstall indice : \" + idx + \" contenu\" + rtn.SubKeys[idx]);\n              try  \n              { \n                var objLocator     = new ActiveXObject(\"WbemScripting.SWbemLocator\"); \n                var objService     = objLocator.ConnectServer(strComputer, \"root\\\\default\"); \n                var objReg         = objService.Get(\"StdRegProv\"); \n                var objMethod      = objReg.Methods_.Item(\"GetStringValue\"); \n                var objInParam     = objMethod.InParameters.SpawnInstance_(); \n                objInParam.hDefKey = HKLM; \n                var sBaseKey = \"SOFTWARE\\\\Microsoft\\\\Windows\\\\CurrentVersion\\\\Uninstall\\\\\";\n                objInParam.sSubKeyName = sBaseKey + rtn.SubKeys[idx];\n                objInParam.sValueName =  \"DisplayName\"; \n                var objOutParam = objReg.ExecMethod_(objMethod.Name, objInParam); \n                //addLog(\"getSubKeysUninstall DisplayName: \" + objOutParam.sValue );\n                if (objOutParam.sValue == null) {\n                  objInParam.sValueName =  \"QuietDisplayName\"; \n                  objOutParam = objReg.ExecMethod_(objMethod.Name, objInParam); \n                  //addLog(\"getSubKeysUninstall QuietDisplayName: \" + objOutParam.sValue );\n                }\n                var elem = {};\n                elem.name = objOutParam.sValue;\n                if (elem.name) {\n                  //addLog(\"getSubKeysUninstall Name : \" + elem.name );\n                  // version\n                  objInParam.sValueName =  \"DisplayVersion\"; \n                  objOutParam = objReg.ExecMethod_(objMethod.Name, objInParam); \n                  elem.version = objOutParam.sValue;\n                  // date\n                  objInParam.sValueName =  \"InstallDate\"; \n                  objOutParam = objReg.ExecMethod_(objMethod.Name, objInParam); \n                  elem.date = objOutParam.sValue;\n                  // vendor\n                  objInParam.sValueName =  \"Publisher\"; \n                  objOutParam = objReg.ExecMethod_(objMethod.Name, objInParam); \n                  elem.vendor = objOutParam.sValue;\n                  //addLog(\"getSubKeysUninstall Name : \" + elem.name  + \" DisplayVersion: \" + displayVersion);\n                  tab.push(elem);\n                }\n              } \n              catch(ex)   \n              {  \n                addLog(\"getSubKeysUninstall exception : \" + ex.description  ); \n              } \n              } \n            }  \n            return tab;\n        },"
  },
  {
    "tags": [
      {
        "type": "method",
        "string": "getIEVersion"
      },
      {
        "type": "summary",
        "string": "Returns Internet Explorer version."
      },
      {
        "type": "description",
        "string": "__Ex.:__\n<code javascript>\nvar version = ctx.wscript.registry.getIEVersion();\n</code>"
      },
      {
        "type": "path",
        "string": "ctx.wscript.registry.getIEVersion"
      },
      {
        "type": "param",
        "types": [
          "string"
        ],
        "name": "strComputer",
        "description": "Current computer ('.' by default)",
        "optional": false
      },
      {
        "type": "return",
        "types": [
          "Object"
        ],
        "description": "Object contains 2 variables: version, svcVersion"
      }
    ],
    "description": {
      "full": "Returns Internet Explorer version.",
      "summary": "Returns Internet Explorer version.",
      "body": ""
    },
    "isPrivate": false,
    "ignore": false,
    "code": "getIEVersion : function(strComputer) \n        {\n          var HKLM = 0x80000002; \n          var tab = [];\n          var response = {};\n          strComputer = strComputer || '.';\n          var rtn = _registry.getSubKeys(strComputer, \"SOFTWARE\\\\Microsoft\\\\\",HKLM);\n          var objLocator     = new ActiveXObject(\"WbemScripting.SWbemLocator\"); \n          var objService     = objLocator.ConnectServer(strComputer, \"root\\\\default\"); \n          var objReg         = objService.Get(\"StdRegProv\"); \n          var elem = {};\n          if ( rtn.Results == 0 ) \n            { \n              for (var idx=0;idx<rtn.SubKeys.length;idx++) \n              { \n              //addLog(\"_wscript..getIEVersion  indice : \" + idx + \" contenu \" + rtn.SubKeys[idx]);\n              try  \n              { \n                if (  rtn.SubKeys[idx] == \"Internet Explorer\") {\n                  var objMethod      = objReg.Methods_.Item(\"GetStringValue\"); \n                  var objInParam     = objMethod.InParameters.SpawnInstance_(); \n                  objInParam.hDefKey = HKLM; \n                  var sBaseKey = \"SOFTWARE\\\\Microsoft\\\\\";\n                  objInParam.sSubKeyName = sBaseKey + rtn.SubKeys[idx];\n                  objInParam.sValueName =  \"Version\"; \n                  var objOutParam = objReg.ExecMethod_(objMethod.Name, objInParam); \n                  \n                  var version = objOutParam.sValue;\n                  //addLog(\"_wscript..getIEVersion: \" + Version );\n                  //elem[\"Internet Explorer\"] = \"Version : \" + version;\n                  //tab.push(elem);\n                  objInParam.sSubKeyName = sBaseKey + rtn.SubKeys[idx];\n                  objInParam.sValueName =  \"svcVersion\"; \n                  var objOutParam2 = objReg.ExecMethod_(objMethod.Name, objInParam); \n                  \n                  var svcVersion = objOutParam2.sValue;\n                  //addLog(\"_wscript..getIEVersion: \" + Version );\n                  //elem[\"Internet Explorer\"] = \"Version : \" + version + \" svcVersion : \" + svcVersion;\n                  //tab.push(elem);\n                  response.version = version;\n                  response.svcVersion = svcVersion;\n                }\n              } \n              catch(ex)   \n              {  \n                addLog(\"getIEVersion exception : \" + ex.description  ); \n              } \n              } \n            }\n            //return tab;\n            return response;\n        }\n      };\n      return _registry;\n    })(),"
  },
  {
    "tags": [
      {
        "type": "class",
        "string": "ctx.wscript.shell"
      },
      {
        "type": "summary",
        "string": "Class gathering a set of functions to access shell functions"
      },
      {
        "type": "path",
        "string": "ctx.wscript.shell"
      }
    ],
    "description": {
      "full": "",
      "summary": "",
      "body": ""
    },
    "isPrivate": false,
    "ignore": false,
    "code": "shell: (function() {\n      var _shell = {"
  },
  {
    "tags": [
      {
        "type": "method",
        "string": "getEnvVariable"
      },
      {
        "type": "summary",
        "string": "Gets an environment variable (nb of processors, OS version, ...)."
      },
      {
        "type": "description",
        "string": "__Ex.:__\n<code javascript>\nvar res = ctx.wscript.shell.getEnvVariable(e.shell.envVariable.NbProcessors, e.shell.envType.System);\n</code>"
      },
      {
        "type": "path",
        "string": "ctx.wscript.shell.getEnvVariable"
      },
      {
        "type": "param",
        "types": [
          "string"
        ],
        "name": "variable",
        "description": "System variable: 'NUMBER_OF_PROCESSORS' / 'HOMEDRIVE' / 'HOMEPATH' / ...\\\\ (see [[lib:common:ctx.enum#eshellenvvariable|e.shell.envVariable]])",
        "optional": false
      },
      {
        "type": "param",
        "types": [
          "string"
        ],
        "name": "[environment]",
        "description": "Environment name: 'SYSTEM'(default) / 'USER' / 'PROCESS' / ...\\\\ (see [[lib:common:ctx.enum#eshellenvtype|e.shell.envType]])",
        "optional": true
      },
      {
        "type": "return",
        "types": [
          "string"
        ],
        "description": "Result ommand output (empty if failed)"
      }
    ],
    "description": {
      "full": "Gets an environment variable (nb of processors, OS version, ...).",
      "summary": "Gets an environment variable (nb of processors, OS version, ...).",
      "body": ""
    },
    "isPrivate": false,
    "ignore": false,
    "code": "getEnvVariable : function(variable, environment) \n        {\n          try {\n            if (environment === undefined)\n              environment = 'SYSTEM';\n            var WshSysEnv = _shell.getObject().Environment(environment);\n            var res = WshSysEnv(variable);\n            return res;\n          } catch (ex) {\n            addLog('getEnvVariable failed: ' + ex.message);\n            return '';\n          }\n        },"
  },
  {
    "tags": [
      {
        "type": "method",
        "string": "enumEnvVariable"
      },
      {
        "type": "summary",
        "string": "Gets an environment variable (nb of processors, OS version, ...)."
      },
      {
        "type": "description",
        "string": "__Ex.:__\n<code javascript>\nvar res = ctx.wscript.shell.enumEnvVariable(e.shell.envType.System);\n</code>"
      },
      {
        "type": "path",
        "string": "ctx.wscript.shell.enumEnvVariable"
      },
      {
        "type": "param",
        "types": [
          "string"
        ],
        "name": "[environment]",
        "description": "environment: 'SYSTEM'(default) / 'USER' / 'PROCESS' / ...\\\\ (see [[lib:common:ctx.enum#eshellenvtype|e.shell.envType]])",
        "optional": true
      },
      {
        "type": "return",
        "types": [
          "Object"
        ],
        "description": "A list of enumerated variables, for ex.: {'OS':'WinNT', 'NUMBER_OF_PROCESSORS':'8', ...}"
      }
    ],
    "description": {
      "full": "Gets an environment variable (nb of processors, OS version, ...).",
      "summary": "Gets an environment variable (nb of processors, OS version, ...).",
      "body": ""
    },
    "isPrivate": false,
    "ignore": false,
    "code": "enumEnvVariable : function(environment) \n        {\n          var list = {};\n          try {\n            if (environment === undefined)\n              environment = 'SYSTEM';\n            var WshSysEnv = _shell.getObject().Environment(environment);\n            var colVars = new Enumerator(WshSysEnv);\n            for(; ! colVars.atEnd(); colVars.moveNext())\n            { \n              var val = String(colVars.item());\n              var pos = val.indexOf('=');\n              if (pos > 0) {\n                list[val.substring(0, pos)] = val.substring(pos + 1);\n              }\n            }\n            return list;\n          } catch (ex) {\n            addLog('enumEnvVariable failed: ' + ex.message);\n            return list;\n          }\n        },"
  },
  {
    "tags": [
      {
        "type": "method",
        "string": "expandEnvString"
      },
      {
        "type": "summary",
        "string": "Expands system variables."
      },
      {
        "type": "description",
        "string": "__Ex.:__\n<code javascript>\nvar res = ctx.wscript.shell.expandEnvString('%path%');\n</code>"
      },
      {
        "type": "path",
        "string": "ctx.wscript.shell.expandEnvString"
      },
      {
        "type": "param",
        "types": [
          "string"
        ],
        "name": "path",
        "description": "System variable: '%programfiles%', '%temp%',...",
        "optional": false
      },
      {
        "type": "return",
        "types": [
          "string"
        ],
        "description": "Resolved path"
      }
    ],
    "description": {
      "full": "Expands system variables.",
      "summary": "Expands system variables.",
      "body": ""
    },
    "isPrivate": false,
    "ignore": false,
    "code": "expandEnvString : function(path) \n        {\n          try {\n            return _shell.getObject().ExpandEnvironmentStrings(path);\n          } catch (ex) {\n            addLog('expandEnvString failed: ' + ex.message);\n            return '';\n          }\n        },"
  },
  {
    "tags": [
      {
        "type": "method",
        "string": "getObject"
      },
      {
        "type": "summary",
        "string": "Gets shell ActiveX object."
      },
      {
        "type": "description",
        "string": "__Ex.:__\n<code javascript>\nvar shell = ctx.wscript.shell.getObject(); \n</code>"
      },
      {
        "type": "path",
        "string": "ctx.wscript.shell.getObject"
      },
      {
        "type": "return",
        "types": [
          "WScriptShell"
        ],
        "description": "shell 'WScript.Shell' object"
      }
    ],
    "description": {
      "full": "Gets shell ActiveX object.",
      "summary": "Gets shell ActiveX object.",
      "body": ""
    },
    "isPrivate": false,
    "ignore": false,
    "code": "getObject : function() \n        {\n          _wscript.init();\n          return _shellObj;\n        },"
  },
  {
    "tags": [
      {
        "type": "method",
        "string": "getSpecialFolders"
      },
      {
        "type": "summary",
        "string": "Gets full pathname of a special system folder."
      },
      {
        "type": "description",
        "string": "__Ex.:__\n<code javascript>\n// returns 'User' folder\nvar strDesktop = ctx.wscript.shell.getSpecialFolders(\"Desktop\"); // c:\\Users\\<login>\\Desktop\n</code>\nCheck MSDN page for a complete list of special folders:\n[[http://msdn.microsoft.com/en-us/library/0ea7b5xe(v=vs.84).aspx]]"
      },
      {
        "type": "path",
        "string": "ctx.wscript.shell.getSpecialFolders"
      },
      {
        "type": "param",
        "types": [
          "e.shell.specialFolder"
        ],
        "name": "folder",
        "description": "Special folder name: 'Desktop', ... (see [[lib:common:ctx.enum#eshellspecialfolder|e.shell.specialFolder]])",
        "optional": false
      },
      {
        "type": "return",
        "types": [
          "WshSpecialFolders",
          "string"
        ],
        "description": "Pathname or WshSpecialFolders (if 'folder' empty)"
      }
    ],
    "description": {
      "full": "Gets full pathname of a special system folder.",
      "summary": "Gets full pathname of a special system folder.",
      "body": ""
    },
    "isPrivate": false,
    "ignore": false,
    "code": "getSpecialFolders : function(folder) \n        {\n          return _shell.getObject().SpecialFolders(folder);\n        }\n      };\n      return _shell;\n    })(),"
  },
  {
    "tags": [
      {
        "type": "class",
        "string": "ctx.wscript.network"
      },
      {
        "type": "summary",
        "string": "Class gathering a set of functions to access Windows network functions"
      },
      {
        "type": "path",
        "string": "ctx.wscript.network"
      }
    ],
    "description": {
      "full": "",
      "summary": "",
      "body": ""
    },
    "isPrivate": false,
    "ignore": false,
    "code": "network: (function() {\n      var _network = {"
  },
  {
    "tags": [
      {
        "type": "method",
        "string": "getObject "
      },
      {
        "type": "summary",
        "string": "Gets network ActiveX object."
      },
      {
        "type": "description",
        "string": "__Ex.:__\n<code javascript>\nvar shell = ctx.wscript.network.getObject(); \n</code>"
      },
      {
        "type": "path",
        "string": "ctx.wscript.network.getObject"
      },
      {
        "type": "return",
        "types": [
          "WScriptNetwork"
        ],
        "description": "shell 'WScript.Shell' object"
      }
    ],
    "description": {
      "full": "",
      "summary": "",
      "body": ""
    },
    "isPrivate": false,
    "ignore": false,
    "code": "getObject : function() \n        {\n          _wscript.initNetwork();\n          return _networkObj;\n        }\n      };\n      return _network;\n    })()\n  };\n  return _wscript;\n}());"
  }
]