﻿<?xml version="1.0" encoding="utf-8"?>
<SDKSettings Version="3.4.2.3">
	<Settings>
		<UIDesigner_Visible>true</UIDesigner_Visible>
	</Settings>
	<ClosureCompiler>
		<Tool>compiler\node_modules\closurecompiler\bin\ccjs</Tool>
		<ExtraOptions> --compilation_level=SIMPLE_OPTIMIZATIONS --language_in=ECMASCRIPT3 --source_map_format=V3 --manage_closure_dependencies --extra_annotation_name=path --extra_annotation_name=var --extra_annotation_name=history --extra_annotation_name=scenario --extra_annotation_name=enumeration --extra_annotation_name=advanced --extra_annotation_name=pre --extra_annotation_name=post --extra_annotation_name=date</ExtraOptions>
		<Externs>
			<Extern>compiler\externs</Extern>
		</Externs>
	</ClosureCompiler>
	<DocGenerator>
		<CommandLine>..\wiki\generator\generator.js</CommandLine>
	</DocGenerator >
	<Wikis>
		<Wiki Name="Local wiki">
			<CommandLine>..\wiki\run.cmd</CommandLine>
			<URL>http://localhost:8800/doku.php</URL>
		</Wiki>
		<Wiki Name="Online wiki">
			<CommandLine></CommandLine>
			<URL>https://contextor.eu/dokuwiki/doku.php</URL>
		</Wiki>
	</Wikis>
	<WikiDocuments>
		<Document Name="LangageV3Reference">lib:ctx:ctx</Document>
		<Document Name="StudioV3UserGuide">guides:studioV3:studioV3</Document>
	</WikiDocuments>
	<CHM>
		<CommandLine>..\Wiki\chm\ref.chm</CommandLine>
		<URL>doku.htm?id=</URL>
	</CHM>
	<Resources>
		<Resource>templates\resources</Resource>
	</Resources>
	<SnippetFolders>
		<!-- folder should contain a folder : 'SyntaxEditorSnippets\<language>' -->
		<SnippetFolder>templates</SnippetFolder>
	</SnippetFolders>
	<ProjectTemplates>
		<Template Name="Project v3 (Bootbox popups)" Title="Project v3" >templates\pscp\Project v3</Template>
		<Template Name="Project v2" Title="Project v2">templates\pscp\Project v2</Template>
	</ProjectTemplates>
	<PopupTemplateFolder>templates\templates</PopupTemplateFolder>
	<!-- Libraries proposed to User for include in Project (cf Project Prespective) -->
	<Libraries>
		<!--Library Name="Libraries">lib</Library-->
		<!-- Common declarations -->
		<Library Name="Constants" Title="Constants" Folder="Framework" JSFilePath="%sdk%\lib\common\ctx.enum.js">Constants and common definitions</Library>
		<!-- framework core libraries -->
		<Library Name="ctx.core" Title="Ctx Core" JSFilePath="%sdk%\lib\ctx\ctx.core.js" Folder="Framework" >ctx framework core functions</Library>
		<Library Name="ctx.xml" Title="Ctx XML" JSFilePath="%sdk%\lib\ctx\ctx.xml.js" Folder="Framework" >JSON, XML, Ajax extensions</Library>
		<Library Name="ctx.scenario" Title="Ctx Scenario" JSFilePath="%sdk%\lib\ctx\ctx.scenario.js" Folder="Framework" >Step, scenario extensions</Library>
		<Library Name="ctx.request" Title="Ctx Request" JSFilePath="%sdk%\lib\ctx\ctx.request.js" Folder="Framework" >Request extensions</Library>
		<Library Name="ctx.language" Title="Ctx Language" JSFilePath="%sdk%\lib\ctx\ctx.language.js" Folder="Framework" >Misc. verb extensions</Library>
		<Library Name="ctx.item" Title="Ctx Item" JSFilePath="%sdk%\lib\ctx\ctx.item.js" Folder="Framework" >Item model</Library>
		<Library Name="ctx.page" Title="Ctx Page" JSFilePath="%sdk%\lib\ctx\ctx.page.js" Folder="Framework" >Page model</Library>
		<Library Name="ctx.application" Title="Ctx Application" JSFilePath="%sdk%\lib\ctx\ctx.application.js" Folder="Framework" >Application model</Library>
		<Library Name="ctx.systray" Title="Ctx Systray" JSFilePath="%sdk%\lib\ctx\ctx.systray.js" Folder="Framework" >Systray extension</Library>
		<Library Name="ctx.popup" Title="Ctx Popup" JSFilePath="%sdk%\lib\ctx\ctx.popup.js" Folder="Framework" >Popup extension</Library>
		<Library Name="ctx.customTypes" Title="Ctx Custom Types" JSFilePath="%sdk%\lib\ctx\ctx.customTypes.js" Folder="Framework" >Custom types extension</Library>
		<!-- framework extension libraries -->
		<Library Name="ctx.popup.bootstrap" Title="Ctx Popup Bootbox" JSFilePath="%sdk%\lib\ctx\ctx.popup.bootbox.js" Folder="Framework extensions" >Bootbox Popup extension</Library>
		<Library Name="ctx.sso" Title="SSO library" JSFilePath="%sdk%\lib\ctx\ctx.sso.js" Folder="Framework extensions" >Single Sign On extension</Library>
		<Library Name="ctx.desktop" Title="Ctx Desktop" JSFilePath="%sdk%\lib\ctx\ctx.desktop.js" Folder="Framework extensions" >Unified Desktop extension</Library>
		<Library Name="ctx.diagnostic" Title="Ctx Diagnostic" JSFilePath="%sdk%\lib\ctx\ctx.diagnostic.js" Folder="Framework extensions" >Diagnostic extension</Library>
		<Library Name="ctx.discovery" Title="Ctx Discovery" JSFilePath="%sdk%\lib\ctx\ctx.discovery.js" Folder="Framework extensions" >Discovery extension</Library>
		<Library Name="galaxy.ws" Title="Galaxy WS" Folder="Galaxy" JSFilePath="%sdk%\lib\galaxy\galaxy.ws.js">Galaxy Web Service Integration</Library>
		<Library Name="galaxy.m2m" Title="Galaxy M2M" Folder="Galaxy" JSFilePath="%sdk%\lib\galaxy\galaxy.m2m.js">Galaxy Machine To Machine Integration</Library>
		<!-- Misc. libraries -->
		<Library Name="FSO" Title="File System Integration" Folder="Utils" JSFilePath="%sdk%\lib\utils\fso.js">File System Integration</Library>
		<!--<Library Name="Date" Title="Date utilities" Folder="Utils" JSFilePath="%sdk%\lib\utils\date.js">Date utilities</Library>-->
		<Library Name="String" Title="String utilities" Folder="Utils" JSFilePath="%sdk%\lib\utils\string.js">String utilities</Library>
		<Library Name="WMI" Title="Windows Management Interface" Folder="Utils" JSFilePath="%sdk%\lib\utils\wmi.js">This library contains the function query that spies on computer and allows you to retrieve information</Library>
		<Library Name="WScript" Title="WScript utilities" Folder="Utils" JSFilePath="%sdk%\lib\utils\wscript.js">This library contains Methods to explore the registry, system variables, network.</Library>
		<Library Name="Excel" Title="Excel Integration" Folder="Microsoft Office" JSFilePath="%sdk%\lib\office\excel.js">Microsoft Excel Integration</Library>
		<Library Name="Word" Title="Word Integration" Folder="Microsoft Office" JSFilePath="%sdk%\lib\office\word.js">Microsoft Word Integration</Library>
		<Library Name="Outlook" Title="Outlook Integration" Folder="Microsoft Office" JSFilePath="%sdk%\lib\office\outlook.js">Microsoft Outlook Integration</Library>
		<Library Name="Skype" Title="Skype Integration" Folder="CTI" JSFilePath="%sdk%\lib\cti\skype.js">Skype Integration</Library>
		<Library Name="Siebel" Title="Siebel Integration" Folder="CRM applications" JSFilePath="%sdk%\lib\siebel\siebel.js">Siebel Integration</Library>
		<Library Name="SAP" Title="SAP Integration" Folder="CRM applications" JSFilePath="%sdk%\lib\sap\SAPScripting.js">SAP Integration</Library>
		<!--Library Name="Xml2Json" Title="Date utilities" Folder="Utils" JSFilePath="%sdk%\lib\utils\xml2json.js">Date utilities</Library-->
	</Libraries >
	<XMLCompilerFilters>
		<Filter>Enumeration constraint failed</Filter>
	</XMLCompilerFilters>
	<CodeTester>
		<Entries Type="Context">
			<Entry Name="GLOBAL/WkMng_Info/CurrentURL">GLOBAL.data.currentURL</Entry>
			<Entry Name="GLOBAL/WkMng_Info/CurrentDir">GLOBAL.data.currentDir</Entry>
			<Entry Name="GLOBAL/WkMng_Info/ServerURL">GLOBAL.data.serverURL</Entry>
			<Entry Name="GLOBAL/WkMng_Info/ConteXtorDir">GLOBAL.data.execDir</Entry>
			<Entry Name="GLOBAL/WkMng_Info/ComputerName">GLOBAL.data.computerName</Entry>
			<Entry Name="GLOBAL/WkMng_Info/UserCode">GLOBAL.data.userName</Entry>
			<Entry Name="GLOBAL/WkMng_Info/FullUserCode">GLOBAL.data.fullUserName</Entry>
			<Entry Name="GLOBAL/WkMng_Info/Components/XsWrkMng2/ProductVersion">GLOBAL.data.productVersion</Entry>
			<Entry Name="GLOBAL/PrjVersion">GLOBAL.data.projectVersion</Entry>
			<Entry Name="GLOBAL/PrjClient">GLOBAL.data.projectClient</Entry>
			<Entry Name="GLOBAL/PrjName">GLOBAL.data.projectName</Entry>
			<Entry Name="GLOBAL/PrjDate">GLOBAL.data.projectDate</Entry>
			<Entry Name="GLOBAL/PrjLabel">GLOBAL.data.projectLabel</Entry>
			<Entry Name="GLOBAL/PrjComment">GLOBAL.data.projectComment</Entry>
		</Entries>
	</CodeTester>
	<CustomAppliTypes>
		<AppliType Name="Siebel" Techno="WEB" XMLFilePath="%sdk%\templates\CustomApplications\siebel.xml" JSFilePath=""/>
		<AppliType Name="jQuery" Techno="WEB" XMLFilePath="%sdk%\templates\CustomApplications\jQuery.xml" JSFilePath=""/>
		<AppliType Name="bootstrap" Techno="WEB" XMLFilePath="%sdk%\templates\CustomApplications\bootstrap.xml" JSFilePath=""/>
	</CustomAppliTypes>
	<DebugOptions>
		<TraceOptions>
			<Option Title="Trace events" Flag="2"></Option>
			<Option Title="Detailed track of orders" Flag="4"></Option>
			<Option Title="Simplified track of orders" Flag="8"></Option>
			<Option Title="Track of the context data" Flag="16"></Option>
			<Option Title="Track of the 'Extend Pilots'" Flag="32"></Option>
			<Option Title="Trace objects" Flag="64"></Option>
			<Option Title="Trace all Event Win" Flag="128"></Option>
			<Option Title="Trace messages (MESSBOX)" Flag="256"></Option>
			<!--Option Title="Log Framework trace in ControlPane" Flag="2048"></Option-->
			<Option Title="Log Framework trace in File" Flag="4096"></Option>
			<Option Title="Capture Screenshots" Flag="8192"></Option>
		</TraceOptions>
		<TechOptions>
			<Option Title="CtxtRun" Flag="RUN"></Option>
			<Option Title="XsSrcSite" Flag="SCR"></Option>
			<Option Title="WorkManager" Flag="WRK"></Option>
			<Option Title="CxAppSwg3" Flag="SWG"></Option>
			<Option Title="XsPilWin2" Flag="WIN"></Option>
			<Option Title="CxAppWeb3" Flag="WEB"></Option>
			<Option Title="XsExPHtml2" Flag="HTM"></Option>
			<Option Title="CxJava2Ctxt" Flag="J2C"></Option>
			<Option Title="XsActApp2" Flag="ACT"></Option>
			<Option Title="XsExpXiCom2" Flag="XIC"></Option>
			<Option Title="XsExpIHll2" Flag="HLL"></Option>
			<Option Title="XsExpBar2" Flag="BAR"></Option>
			<Option Title="XsHtmlView3" Flag="ML3"></Option>
			<Option Title="XsWkMgCP3" Flag="CP2"></Option>
			<Option Title="XsCsBase" Flag="Down"></Option>
			<Option Title="XsSWin" Flag="WIS"></Option>
			<Option Title="CxUIADriver" Flag="UIA"></Option>
		</TechOptions>
	</DebugOptions>
	<Environments>
		<Environment Name="Development">
			<Description>Standard Development environment</Description>
			<Option>env=dev|trace.autoRecording=true</Option>
			<ProjectURL></ProjectURL>
			<UnzipDir></UnzipDir>
			<TechnicalLogDir>%localappdata%Low</TechnicalLogDir>
			<ServerURL></ServerURL>
			<Time></Time>
			<GalaxyURL></GalaxyURL>
			<LogFile></LogFile>
			<NbLogFiles></NbLogFiles>
			<Record></Record>
		</Environment>
		<Environment Name="Production">
			<Description>Sample Production environment</Description>
			<Option></Option>
			<ProjectURL>your production deployment URL</ProjectURL>
			<UnzipDir>%localappdata%</UnzipDir>
			<TechnicalLogDir>%localappdata%Low</TechnicalLogDir>
			<ServerURL></ServerURL>
			<Time>2:00</Time>
			<GalaxyURL></GalaxyURL>
			<LogFile></LogFile>
			<NbLogFiles></NbLogFiles>
			<Record></Record>
		</Environment>
	</Environments>
	<Servers>
		<Server>Citrix</Server>
		<Server>Rdp</Server>
	</Servers>
	<CodeMergers>
		<Merger Name="KDiff3"><![CDATA["{2}" "{0}" "{1}" --L1 Ancestor --L2 Generated --L3 Manual --auto --cs "ShowInfoDialogs=0,AutoSaveAndQuitOnMergeWithoutConflicts=1" -o "{3}"]]></Merger>
		<Merger Name="Beyond Compare"><![CDATA["{0}" "{1}" "{2}" "{3}" /automerge /favorright /reviewconflicts /lefttitle=Generated /righttitle=Manual /leftreadonly]]></Merger>
	</CodeMergers>
	<WorkflowDesigner>
		<ContextMenuItemsToDelete>
			<Item>ExpandCommand</Item>
			<Item>CollapseCommand</Item>
			<Item>ExpandInPlaceCommand</Item>
			<Item>Annotations</Item>
			<Item>BreakpointMenu</Item>
			<Item>CreateVariableCommand</Item>
			<Item>Properties</Item>
		</ContextMenuItemsToDelete>
		<DefaultWorkflowActions>
			<Action Name="item_get">item_get_2</Action>
			<Action Name="item_set">item_set_2</Action>
		</DefaultWorkflowActions>
	</WorkflowDesigner>
	<ConverterV2V3 SEPZONEAPP="#" SEPZONECTX="£">
		<ActionApps>
			<Entry Action="CLICK">$page$.$@Parm1$.click($@Parm2$, $@Parm3$);</Entry>
			<Entry Action="ADDMENUITEM">systray.addMenu($@Parm1$, $@Parm2$, $@Parm4$, $@Parm5$, function(ev) {
	// add code here
});</Entry>
			<Entry Action="DELETE">systray.deleteMenu($@Parm1$);</Entry>
			<Entry Action="LOADIMAGE">systray.loadImage($@Parm1$, $@Parm2$, $@Parm3$);</Entry>
			<Entry Action="CREATESYSTRAY">systray.createSystrayMenu($@Parm1$, $@Parm2$, $@Parm3$, $@Parm4$, $@Parm5$);</Entry>
			<Entry Action="CLOSE">$page$.close();</Entry>
			<Entry Action="DELOBJ">$page$.deleteObject($@Parm1$);</Entry>
			<Entry Action="SCRIPTITEM">$page$.$@Parm1$.scriptItem($@Parm2$);</Entry>
			<Entry Action="EXECSCRIPT">$page$.execScript($@Parm1$);</Entry>
			<Entry Action="EVALSCRIPT">$page$.evalScript($@Parm1$);</Entry>
			<Entry Action="NAVIGATE">$page$.navigate($@Parm1$, $@Parm2$, $@Parm3$, $@Parm4$);</Entry>
			<Entry Action="SETPOS">$page$.setPosition($@Parm1$, $@Parm2$, $@Parm3$, $@Parm4$, $@Parm5$);</Entry>
			
		</ActionApps>
		<Verbs>
			<Entry Verb="ACTIVATE">$page$.activate();</Entry>
			<Entry Verb="ENDSTEP">sc.endStep();</Entry>
			<Entry Verb="FCTBTN">$page$.$@ZoneApp$.click();</Entry>
			<Entry Verb="SETFOCUS">$page$.$@ZoneApp$.setFocus();</Entry>
			<Entry Verb="SETPENDING">ev.setpending();</Entry>
			<Entry Verb="SETSCEN">$app$.scenarios.$@Name$.start();</Entry>
			<Entry Verb="ENDSCEN">sc.endScenario();</Entry> <!--NOK- on peut faire un ENDSCEN en dehors d'un Scénario-->
			<Entry Verb="CANCELEVENT">$app$.events.$@Event$.cancel();</Entry>
			<Entry Verb="SLEEP">ctx.sleep($@Int$);</Entry>
			<Entry Verb="LOGMESS">ctx.log($@Value$);</Entry>
			<Entry Verb="SETCTXT">$app$.data.set($@Modele$, $@Ctxt$, $@Src$, $@Opt$);</Entry>
			<Entry Verb="DELCTXT">$app$.data.del($@Ctxt$, $@CtxtSup$);</Entry>
			<Entry Verb="SHELLEXEC">ctx.shellexec($@File$, $@Parm$, $@Dir$, $@Flag$);</Entry>
		</Verbs>
		<Prefixes>
			<Entry Prefix="_KEYSTROKE_">keyStroke</Entry>
			<Entry Prefix="_KEYSTROKE2_">keyStroke2</Entry>
			<Entry Prefix="_NBOCCURS_">count()</Entry>
			<Entry Prefix="_SELECT_">select()</Entry>
			<Entry Prefix="_ENABLED_">isEnabled()</Entry>
			<Entry Prefix="_Html_">html()</Entry>
			<Entry Prefix="_HTML_">html()</Entry>
			<Entry Prefix="_InnerHtml_">innerHtml()</Entry>
		</Prefixes>
		<TechVars>
			<Entry TechVar="_Work0_">_Work0_</Entry>
			<Entry TechVar="_Work1_">_Work1_</Entry>
			<Entry TechVar="_Work2_">_Work2_</Entry>
			<Entry TechVar="_Work3_">_Work3_</Entry>
			<Entry TechVar="_Work4_">_Work4_</Entry>
			<Entry TechVar="_Work5_">_Work5_</Entry>
			<Entry TechVar="_Work6_">_Work6_</Entry>
			<Entry TechVar="_Work7_">_Work7_</Entry>
			<Entry TechVar="_Work8_">_Work8_</Entry>
			<Entry TechVar="_Work9_">_Work9_</Entry>
			<Entry TechVar="_Parm0_">_Parm0_</Entry>
			<Entry TechVar="_Parm1_">_Parm1_</Entry>
			<Entry TechVar="_Parm2_">_Parm2_</Entry>
			<Entry TechVar="_Parm3_">_Parm3_</Entry>
			<Entry TechVar="_Parm4_">_Parm4_</Entry>
			<Entry TechVar="_Parm5_">_Parm5_</Entry>
			<Entry TechVar="_Parm6_">_Parm6_</Entry>
			<Entry TechVar="_Parm7_">_Parm7_</Entry>
			<Entry TechVar="_Parm8_">_Parm8_</Entry>
			<Entry TechVar="_Parm9_">_Parm9_</Entry>
			<Entry TechVar="_Data_">ctx.currentEvent.data</Entry>
			<Entry TechVar="_CurrentPage_">ctx.currentEvent.pageName</Entry>
			<Entry TechVar="_ItemName_">ctx.currentEvent.itemName</Entry>
			<Entry TechVar="_InstanceAppli_">ctx.currentEvent.appliInst</Entry>
			<Entry TechVar="_NbInstances_">ctx.currentEvent.appli.count()</Entry>
		</TechVars>
	</ConverterV2V3>
</SDKSettings>
