[
  {
    "tags": [],
    "description": {
      "full": "++++Status: Validated|\n<WRAP indent>\n|< 100% 10% 10% >|\n^ 21/04/2016 ^ ctxt8 ^ Validated ^\n</WRAP>\n++++\n~~NOTOC~~\n====== ctx.discovery class ======\n\\\\\n// :!: __Caution:__ this page is auto-generated from source code and should not be modified from wiki application //\n\\\\\n\\\\\n===== Presentation =====\n\n\\\\\nThe ''ctx.discovery'' class implements a set of functions to manage the Discovery capabilities.\\\\\n\nDiscovery functions are used to capture all user actions, and screens. Generated captures in a 'timeline' file ('.psct') can then be analyzed with Contextor Studio Discovery :\n  * either to make analysis of application usage, \n  * or to help and accelerate generating page declarations in the Studio,\n\\\\\nFor more details, see [[:pg:lib.ext.discovery|Contextor Discovery management]].\n\\\\",
      "summary": "++++Status: Validated|\n<WRAP indent>\n|< 100% 10% 10% >|\n^ 21/04/2016 ^ ctxt8 ^ Validated ^\n</WRAP>\n++++\n~~NOTOC~~\n====== ctx.discovery class ======\n\\\\\n// :!: __Caution:__ this page is auto-generated from source code and should not be modified from wiki application //\n\\\\\n\\\\\n===== Presentation =====",
      "body": "\\\\\nThe ''ctx.discovery'' class implements a set of functions to manage the Discovery capabilities.\\\\\n\nDiscovery functions are used to capture all user actions, and screens. Generated captures in a 'timeline' file ('.psct') can then be analyzed with Contextor Studio Discovery :\n  * either to make analysis of application usage, \n  * or to help and accelerate generating page declarations in the Studio,\n\\\\\nFor more details, see [[:pg:lib.ext.discovery|Contextor Discovery management]].\n\\\\"
    },
    "isPrivate": false,
    "ignore": false,
    "code": "// init discovery labels\nGLOBAL.labels.set({\n  discovery: {\n    title: { \n      en:\"Discovery capture recording\", \n      fr:\"Discovery capture recording\", \n      de:\"Discovery capture recording\" },\n    commentTooltip: {\n      en:'Insert a comment',\n      fr:'Commentaire',\n      de:'Insert a comment'  },\n    addComment: { \n      en:\"Comment\", \n      fr:\"Comment\", \n      de:\"Comment\" },\n    addCommentTooltip: { \n      en:\"Click to insert a comment\", \n      fr:\"Click to insert a comment\", \n      de:\"Click to insert a comment\" },\n    start: { \n      en:\"Start\", \n      fr:\"Démarrer\", \n      de:\"Start\" },\n    startTooltip: { \n      en:\"Click to start recording\", \n      fr:\"Cliquer pour démarrer l'enregistrement\", \n      de:\"Click to start recording\" },\n    stop: { \n      en:\"Stop\", \n      fr:\"Arrêter\", \n      de:\"Stop\" },\n    stopTooltip: { \n      en:\"Click to stop recording\", \n      fr:\"Cliquer pour arrêter l'enregistrement\", \n      de:\"Click to stop recording\" },\n    cancelTooltip: {\n      en:'Click to cancel',\n      fr:'Click to cancel',\n      de:'Click to cancel'\n    }\n  }\n});"
  },
  {
    "tags": [
      {
        "type": "class",
        "string": "ctx.options.discovery"
      },
      {
        "type": "summary",
        "string": "Options for the 'ctx.discovery' library"
      },
      {
        "type": "path",
        "string": "ctx.options.discovery"
      },
      {
        "type": "struct",
        "string": ""
      }
    ],
    "description": {
      "full": "",
      "summary": "",
      "body": ""
    },
    "isPrivate": false,
    "ignore": false,
    "code": "ctx.options.discovery = {"
  },
  {
    "tags": [
      {
        "type": "summary",
        "string": "Trace level (see [[lib:common:ctx.enum#etracelevel|e.trace.level]])"
      },
      {
        "type": "property",
        "types": [
          "e.trace.level"
        ],
        "name": "traceLevel",
        "description": "",
        "optional": false
      },
      {
        "type": "path",
        "string": "ctx.options.discovery.traceLevel"
      }
    ],
    "description": {
      "full": "",
      "summary": "",
      "body": ""
    },
    "isPrivate": false,
    "ignore": false,
    "code": "traceLevel: e.trace.level.None\n};"
  },
  {
    "tags": [
      {
        "type": "class",
        "string": "ctx.discovery"
      },
      {
        "type": "summary",
        "string": "Class for the Discovery module "
      },
      {
        "type": "constructor",
        "string": ""
      }
    ],
    "description": {
      "full": "",
      "summary": "",
      "body": ""
    },
    "isPrivate": false,
    "ignore": false,
    "code": "ctx.discovery = (function () {",
    "ctx": {
      "type": "property",
      "receiver": "ctx",
      "name": "discovery",
      "value": "(function () {",
      "string": "ctx.discovery"
    }
  },
  {
    "tags": [
      {
        "type": "ignore",
        "string": ""
      },
      {
        "type": "type",
        "types": [
          "Object"
        ]
      }
    ],
    "description": {
      "full": "",
      "summary": "",
      "body": ""
    },
    "isPrivate": false,
    "ignore": false,
    "code": "var _options = ctx.options.discovery;",
    "ctx": {
      "type": "declaration",
      "name": "_options",
      "value": "ctx.options.discovery",
      "string": "_options"
    }
  },
  {
    "tags": [
      {
        "type": "ignore",
        "string": "embedded page object"
      },
      {
        "type": "type",
        "types": [
          "ctx.page"
        ]
      }
    ],
    "description": {
      "full": "",
      "summary": "",
      "body": ""
    },
    "isPrivate": false,
    "ignore": false,
    "code": "var _page = null;",
    "ctx": {
      "type": "declaration",
      "name": "_page",
      "value": "null",
      "string": "_page"
    }
  },
  {
    "tags": [
      {
        "type": "ignore",
        "string": "parent process"
      },
      {
        "type": "type",
        "types": [
          "ctx.application"
        ]
      }
    ],
    "description": {
      "full": "",
      "summary": "",
      "body": ""
    },
    "isPrivate": false,
    "ignore": false,
    "code": "var _parentProcess = null;",
    "ctx": {
      "type": "declaration",
      "name": "_parentProcess",
      "value": "null",
      "string": "_parentProcess"
    }
  },
  {
    "tags": [
      {
        "type": "ignore",
        "string": "page name "
      },
      {
        "type": "type",
        "types": [
          "string"
        ]
      }
    ],
    "description": {
      "full": "",
      "summary": "",
      "body": ""
    },
    "isPrivate": false,
    "ignore": false,
    "code": "var _name = '';",
    "ctx": {
      "type": "declaration",
      "name": "_name",
      "value": "''",
      "string": "_name"
    }
  },
  {
    "tags": [
      {
        "type": "ignore",
        "string": "Discovery folder"
      },
      {
        "type": "type",
        "types": [
          "string"
        ]
      }
    ],
    "description": {
      "full": "",
      "summary": "",
      "body": ""
    },
    "isPrivate": false,
    "ignore": false,
    "code": "var _discoveryPath = '';",
    "ctx": {
      "type": "declaration",
      "name": "_discoveryPath",
      "value": "''",
      "string": "_discoveryPath"
    }
  },
  {
    "tags": [
      {
        "type": "ignore",
        "string": ""
      },
      {
        "type": "type",
        "types": [
          "boolean"
        ]
      }
    ],
    "description": {
      "full": "",
      "summary": "",
      "body": ""
    },
    "isPrivate": false,
    "ignore": false,
    "code": "var _isStarted = false; \n  var _isPopupOpened = false; \n  var self =",
    "ctx": {
      "type": "declaration",
      "name": "_isStarted",
      "value": "false",
      "string": "_isStarted"
    }
  },
  {
    "tags": [
      {
        "type": "lends",
        "parent": "ctx.discovery"
      }
    ],
    "description": {
      "full": "",
      "summary": "",
      "body": ""
    },
    "isPrivate": false,
    "ignore": false,
    "code": "{"
  },
  {
    "tags": [
      {
        "type": "ignore",
        "string": ""
      },
      {
        "type": "const",
        "string": ""
      },
      {
        "type": "property",
        "types": [
          "string"
        ],
        "name": "ctxType",
        "description": "class type",
        "optional": false
      }
    ],
    "description": {
      "full": "",
      "summary": "",
      "body": ""
    },
    "isPrivate": false,
    "ignore": false,
    "code": "ctxType: 'ctx.discovery',"
  },
  {
    "tags": [
      {
        "type": "method",
        "string": "closePopup"
      },
      {
        "type": "summary",
        "string": "Closes the Discovery popup."
      },
      {
        "type": "description",
        "string": "__Ex.:__\n<code javascript>\nvar res = ctx.discovery.closePopup();\n</code>"
      },
      {
        "type": "path",
        "string": "ctx.discovery.closePopup"
      }
    ],
    "description": {
      "full": "Closes the Discovery popup.",
      "summary": "Closes the Discovery popup.",
      "body": ""
    },
    "isPrivate": false,
    "ignore": false,
    "code": "closePopup : function() {\n      if (_isPopupOpened) {\n        // close popup\n        ctx.popup('pDiscovery').close();\n        _isPopupOpened = false;\n      }\n      // stop capture\n      ctx.discovery.stop();\n    },"
  },
  {
    "tags": [
      {
        "type": "method",
        "string": "end"
      },
      {
        "type": "summary",
        "string": "Terminates the Discovery module."
      },
      {
        "type": "description",
        "string": "__Ex.:__\n<code javascript>\nctx.discovery.end();\n</code>"
      },
      {
        "type": "path",
        "string": "ctx.discovery.end"
      },
      {
        "type": "return",
        "types": [
          "boolean"
        ],
        "description": "true for success, false otherwise"
      }
    ],
    "description": {
      "full": "Terminates the Discovery module.",
      "summary": "Terminates the Discovery module.",
      "body": ""
    },
    "isPrivate": false,
    "ignore": false,
    "code": "end : function () {\n      ctx.notifyAction('ctx.discovery.end');\n      this.closePopup();\n      if (_isStarted)\n      {\n        this.stop();\n        _isStarted = false;\n      }\n      if (_page) {\n        _page = null;\n      }\n      return true;\n    },"
  },
  {
    "tags": [
      {
        "type": "method",
        "string": "init"
      },
      {
        "type": "summary",
        "string": "Initializes the Discovery module."
      },
      {
        "type": "description",
        "string": "__Ex.:__\n<code javascript>\nctx.discovery.init();\n</code>"
      },
      {
        "type": "path",
        "string": "ctx.discovery.init"
      },
      {
        "type": "param",
        "types": [
          "ctx.application"
        ],
        "name": "[parentProcess]",
        "description": "Parent process object (by default, 'GLOBAL' is used)",
        "optional": true
      },
      {
        "type": "param",
        "types": [
          "string"
        ],
        "name": "[name]",
        "description": "Discovery page name (by default, 'pDiscovery' is used)",
        "optional": true
      },
      {
        "type": "return",
        "types": [
          "boolean"
        ],
        "description": "true for success, false otherwise"
      }
    ],
    "description": {
      "full": "Initializes the Discovery module.",
      "summary": "Initializes the Discovery module.",
      "body": ""
    },
    "isPrivate": false,
    "ignore": false,
    "code": "init : function (parentProcess, name) {\n      if (!_page) {\n        ctx.notifyAction('ctx.discovery.init');\n        _parentProcess = (parentProcess || GLOBAL); // parent process\n        _name = name || 'pDiscovery'; // page name\n        _page = _parentProcess.createExtendedConnector(e.extendedConnector.Discovery, _name);\n      }\n      return (_page != null);\n    },"
  },
  {
    "tags": [
      {
        "type": "method",
        "string": "insert"
      },
      {
        "type": "summary",
        "string": "Inserts a comment in the current timeline."
      },
      {
        "type": "description",
        "string": "__Ex.:__\n<code javascript>\nctx.discovery.insert( { Label: 'started customer resiliation', Process: 'cust_resil', Step: 'start' } );\n</code>"
      },
      {
        "type": "path",
        "string": "ctx.discovery.insert"
      },
      {
        "type": "param",
        "types": [
          "Object"
        ],
        "name": "params",
        "description": "Parameter object",
        "optional": false
      },
      {
        "type": "return",
        "types": [
          "boolean"
        ],
        "description": "true for success, false otherwise"
      }
    ],
    "description": {
      "full": "Inserts a comment in the current timeline.",
      "summary": "Inserts a comment in the current timeline.",
      "body": ""
    },
    "isPrivate": false,
    "ignore": false,
    "code": "insert : function (params) {\n      ctx.notifyAction('ctx.discovery.insert');\n      if (!_isStarted) {\n        return false;        \n      }\n      var str = '', att, val;\n      for (att in params) {\n        if ((typeof params[att] !== 'undefined') && (params[att] != null)) {\n          val = String(params[att]);\n          str = str + \"<\" + att + \">\";\n          var bCData = (val && (val !== '') && ((val.indexOf('<') != -1) || (val.indexOf('>') != -1) || (val.indexOf('\"') != -1) || (val.indexOf('&') != -1)));\n          if (bCData)\n            str = str + \"<![CDATA[\";\n          str = str + params[att];\n          if (bCData)\n            str = str + \"]]>\";\n          str = str + \"</\" + att + \">\";\n        }\n      }\n      var res = _page.actionApp('ADDCOMMENT', str);\n      return true;\n    },"
  },
  {
    "tags": [
      {
        "type": "ignore",
        "string": ""
      },
      {
        "type": "method",
        "string": "screenshot"
      },
      {
        "type": "summary",
        "string": "Executes a page screenshot."
      },
      {
        "type": "description",
        "string": "__Ex.:__\n<code javascript>\nctx.discovery.screenshot();\n</code>"
      },
      {
        "type": "path",
        "string": "ctx.discovery.screenshot"
      },
      {
        "type": "param",
        "types": [
          "string"
        ],
        "name": "[type]",
        "description": "Screenshot type TBC",
        "optional": true
      },
      {
        "type": "param",
        "types": [
          "string"
        ],
        "name": "[filename]",
        "description": "Screenshot filename",
        "optional": true
      },
      {
        "type": "return",
        "types": [
          "boolean"
        ],
        "description": "true for success, false otherwise"
      }
    ],
    "description": {
      "full": "Executes a page screenshot.",
      "summary": "Executes a page screenshot.",
      "body": ""
    },
    "isPrivate": false,
    "ignore": false,
    "code": "screenshot : function (type, filename) {\n      ctx.notifyAction('ctx.discovery.screenshot');\n      // todo\n      return true;\n    },"
  },
  {
    "tags": [
      {
        "type": "method",
        "string": "showPopup"
      },
      {
        "type": "summary",
        "string": "Displays the Discovery popup."
      },
      {
        "type": "description",
        "string": "__Ex.:__\n<code javascript>\nvar res = ctx.discovery.showPopup();\n</code>"
      },
      {
        "type": "path",
        "string": "ctx.discovery.showPopup"
      }
    ],
    "description": {
      "full": "Displays the Discovery popup.",
      "summary": "Displays the Discovery popup.",
      "body": ""
    },
    "isPrivate": false,
    "ignore": false,
    "code": "showPopup : function() {\n      _isPopupOpened = true;\n      ctx.discovery.popup = ctx.popup('pDiscovery').open({ \n          template: e.popup.template.NoButton,\n          title: GLOBAL.labels.discovery.title,\n          canClose: false,\n          X: e.popup.position.Right,\n          Y: e.popup.position.Bottom,\n          CX: 500,\n          CY: 150,\n          form: {\n            id : 'inputForm',\n            group : [{\n              comment : {\n                type : \"textarea\",\n                rows : 1,\n                value : '',\n                width : 12,\n                tooltip : GLOBAL.labels.discovery.commentTooltip,\n                tooltipPlacement : e.popup.position.Bottom\n              }\n            }]\n          }, \n          //escape: 'cancel',  \n          size : \"small\",\n          buttons: {  \n            action: {  \n              label: (_isStarted ? GLOBAL.labels.discovery.stop : GLOBAL.labels.discovery.start),  \n              icon: (_isStarted ? e.item.icon.stop : e.item.icon.play),\n              tooltip: (_isStarted ? GLOBAL.labels.discovery.stopTooltip : GLOBAL.labels.discovery.startTooltip),\n              tooltipPlacement: e.popup.position.Top,\n              submit : true,\n              type: (_isStarted ? e.item.style.Red : e.item.style.Green)\n            },  \n            addComment: (_isStarted ? {  \n              label: GLOBAL.labels.discovery.addComment,  \n              tooltip: GLOBAL.labels.discovery.addCommentTooltip,\n              tooltipPlacement: e.popup.position.Top,\n              icon: e.item.icon.pencil,\n              submit : true,\n              disabled: (_isStarted ? false : true),\n              type: 'primary'  \n            } : undefined),  \n            cancel: {  \n              label: GLOBAL.labels.buttons.cancel,  \n              tooltip: GLOBAL.labels.discovery.cancelTooltip,\n              tooltipPlacement: e.popup.position.Top,\n              icon: e.item.icon.check,\n              submit : true,\n              type: 'default'  \n            }  \n          }\n          }).waitResult(function(res) {\n          _isPopupOpened = false;\n          // save current values\n          var comment = res.comment;\n          if (res.button == 'action') {\n            if (_isStarted) {\n              // Stop capture\n              ctx.discovery.stop();\n              ctx.wait(function(ev) {\n                // update display \n                ctx.discovery.showPopup();\n              }, 100);\n            } else {\n              // Start capture\n              ctx.discovery.start();\n              ctx.wait(function(ev) {\n                // update display \n                ctx.discovery.showPopup();\n              }, 100);\n            }\n          } else if (res.button == 'cancel') {\n            // Stop capture, don't save\n            ctx.discovery.stop(true);\n          } else if (res.button == 'addComment') {\n            if (_isStarted) {\n              // *** Insert comment and screenshot ***\n              ctx.discovery.insert( { Label: comment } );\n              ctx.discovery.screenshot();\n            }\n            ctx.wait(function(ev) {\n              // update display \n              ctx.discovery.showPopup();\n            }, 100);\n          }\n      });\n    },"
  },
  {
    "tags": [
      {
        "type": "method",
        "string": "start"
      },
      {
        "type": "summary",
        "string": "Starts the Discovery process."
      },
      {
        "type": "description",
        "string": "__Ex.:__\n<code javascript>\nctx.discovery.start();\n</code>"
      },
      {
        "type": "path",
        "string": "ctx.discovery.start"
      },
      {
        "type": "param",
        "types": [
          "string"
        ],
        "name": "[path]",
        "description": "Folder to be created to store captures",
        "optional": true
      },
      {
        "type": "return",
        "types": [
          "boolean"
        ],
        "description": "true for success, false otherwise"
      }
    ],
    "description": {
      "full": "Starts the Discovery process.",
      "summary": "Starts the Discovery process.",
      "body": ""
    },
    "isPrivate": false,
    "ignore": false,
    "code": "start : function (path) {\n      ctx.notifyAction('ctx.discovery.start');\n      if (!_isStarted)\n      {\n        ctx.discovery.init();\n        _discoveryPath = path || ctx.options.path.log + \"\\\\Discovery_\" + ctx.getDate() + \"_\" + ctx.getTime(null, '');\n        var res = _page.actionApp('STARTBAE', 'IE64', _discoveryPath);\n        _isStarted = true;\n      }\n      return true;\n    },"
  },
  {
    "tags": [
      {
        "type": "method",
        "string": "stop"
      },
      {
        "type": "summary",
        "string": "Stops the Discovery process."
      },
      {
        "type": "description",
        "string": "__Ex.:__\n<code javascript>\nctx.discovery.stop();\n</code>"
      },
      {
        "type": "path",
        "string": "ctx.discovery.stop"
      },
      {
        "type": "param",
        "types": [
          "boolean"
        ],
        "name": "[noSave]",
        "description": "If true, remove captures",
        "optional": true
      },
      {
        "type": "return",
        "types": [
          "boolean"
        ],
        "description": "true for success, false otherwise"
      }
    ],
    "description": {
      "full": "Stops the Discovery process.",
      "summary": "Stops the Discovery process.",
      "body": ""
    },
    "isPrivate": false,
    "ignore": false,
    "code": "stop : function (noSave) {\n      if (_isStarted)\n      {\n        ctx.notifyAction('ctx.discovery.stop');\n        var res = _page.actionApp('STOPBAE');\n        _isStarted = false;\n        if (noSave) {\n          // cancel capture : remove folder\n          if (_discoveryPath && ctx.fso.folder.exist(_discoveryPath)) {\n            ctx.fso.folder.remove(_discoveryPath);\n          }\n        } else {\n          // ZIP archive\n          var zipFile = ctx.discovery.zipArchiveFolder(_discoveryPath);\n        }\n      }\n      return true;\n    },"
  },
  {
    "tags": [
      {
        "type": "method",
        "string": "zipArchiveFolder"
      },
      {
        "type": "summary",
        "string": "Creates an archive file (.zip)."
      },
      {
        "type": "description",
        "string": ":!: Requires Windows Seven or higher.\\\\\n\n__Ex.:__\n<code javascript>\nctx.discovery.zipArchiveFolder(traceFolder);\n</code>"
      },
      {
        "type": "throws",
        "types": [
          "Error"
        ],
        "description": ""
      },
      {
        "type": "path",
        "string": "ctx.discovery.zipArchiveFolder"
      },
      {
        "type": "param",
        "types": [
          "string"
        ],
        "name": "[folder]",
        "description": "Folder to be archived",
        "optional": true
      },
      {
        "type": "return",
        "types": [
          "string"
        ],
        "description": "ZIP filename with its full pathname"
      }
    ],
    "description": {
      "full": "Creates an archive file (.zip).",
      "summary": "Creates an archive file (.zip).",
      "body": ""
    },
    "isPrivate": false,
    "ignore": false,
    "code": "zipArchiveFolder : function (folder) {\n      ctx.notifyAction('ctx.diagnostic.zipArchiveFolder');\n      try {\n        folder = folder || _discoveryPath;\n        if (!(folder && ctx.fso.folder.exist(folder))) {\n          return '';\n        }\n        // ZIP folder\n        var zipFile = folder + '.zip';\n        ctx.fso.file.zip([folder], zipFile);\n        // delete folder\n        ctx.fso.folder.remove(folder);\n      } catch (ex) {\n        return '';\n      }\n      return zipFile;\n    }    \n\n  };\n  return self;\n})();"
  }
]