[
  {
    "tags": [],
    "description": {
      "full": "++++Status: Validated|\n<WRAP indent>\n|< 100% 10% 10% >|\n^ 21/04/2016 ^ ctxt8 ^ Validated ^\n</WRAP>\n++++\n~~NOTOC~~\n====== ctx.desktop class ======\n\\\\\n// :!: __Caution:__ this page is auto-generated from source code and should not be modified from wiki application //\n\\\\\n===== Presentation =====\n\nThe ''ctx.desktop'' class implements the Contextor Unified Desktop management\n\nFor more details about the Contextor Unified Desktop, refer to :\n  * the user guide : [[:guides:desktop:start| Unified Desktop v3 user guide]]\n  * the training : [[:training:desktop3:start| Unified Desktop v3 training]]",
      "summary": "++++Status: Validated|\n<WRAP indent>\n|< 100% 10% 10% >|\n^ 21/04/2016 ^ ctxt8 ^ Validated ^\n</WRAP>\n++++\n~~NOTOC~~\n====== ctx.desktop class ======\n\\\\\n// :!: __Caution:__ this page is auto-generated from source code and should not be modified from wiki application //\n\\\\\n===== Presentation =====",
      "body": "The ''ctx.desktop'' class implements the Contextor Unified Desktop management\n\nFor more details about the Contextor Unified Desktop, refer to :\n  * the user guide : [[:guides:desktop:start| Unified Desktop v3 user guide]]\n  * the training : [[:training:desktop3:start| Unified Desktop v3 training]]"
    },
    "isPrivate": false,
    "ignore": false
  },
  {
    "tags": [
      {
        "type": "path",
        "string": "ctx.options.desktop"
      },
      {
        "type": "class",
        "string": "ctx.options.desktop"
      },
      {
        "type": "struct",
        "string": ""
      }
    ],
    "description": {
      "full": "Options for the 'ctx.desktop' library",
      "summary": "Options for the 'ctx.desktop' library",
      "body": ""
    },
    "isPrivate": false,
    "ignore": false,
    "code": "ctx.options.desktop = {"
  },
  {
    "tags": [
      {
        "type": "property",
        "types": [
          "e.trace.level"
        ],
        "name": "traceLevel",
        "description": "",
        "optional": false
      },
      {
        "type": "path",
        "string": "ctx.options.desktop.traceLevel"
      }
    ],
    "description": {
      "full": "Trace level",
      "summary": "Trace level",
      "body": ""
    },
    "isPrivate": false,
    "ignore": false,
    "code": "traceLevel: e.trace.level.None\n};"
  },
  {
    "tags": [
      {
        "type": "class",
        "string": "ctx.desktop"
      },
      {
        "type": "path",
        "string": "ctx.desktop"
      },
      {
        "type": "constructor",
        "string": ""
      }
    ],
    "description": {
      "full": "Unified Desktop integration library",
      "summary": "Unified Desktop integration library",
      "body": ""
    },
    "isPrivate": false,
    "ignore": false,
    "code": "ctx.desktop = (function () {",
    "ctx": {
      "type": "property",
      "receiver": "ctx",
      "name": "desktop",
      "value": "(function () {",
      "string": "ctx.desktop"
    }
  },
  {
    "tags": [
      {
        "type": "type",
        "types": [
          "Object"
        ]
      }
    ],
    "description": {
      "full": "",
      "summary": "",
      "body": ""
    },
    "isPrivate": false,
    "ignore": false,
    "code": "var _options = ctx.options.desktop;",
    "ctx": {
      "type": "declaration",
      "name": "_options",
      "value": "ctx.options.desktop",
      "string": "_options"
    }
  },
  {
    "tags": [
      {
        "type": "type",
        "types": [
          "ctx.application"
        ]
      }
    ],
    "description": {
      "full": "",
      "summary": "",
      "body": ""
    },
    "isPrivate": false,
    "ignore": false,
    "code": "var _application = null;",
    "ctx": {
      "type": "declaration",
      "name": "_application",
      "value": "null",
      "string": "_application"
    }
  },
  {
    "tags": [
      {
        "type": "type",
        "types": [
          "ctx.page"
        ]
      }
    ],
    "description": {
      "full": "",
      "summary": "",
      "body": ""
    },
    "isPrivate": false,
    "ignore": false,
    "code": "var _realPage = null;",
    "ctx": {
      "type": "declaration",
      "name": "_realPage",
      "value": "null",
      "string": "_realPage"
    }
  },
  {
    "tags": [
      {
        "type": "type",
        "types": [
          "ctx.page"
        ]
      }
    ],
    "description": {
      "full": "",
      "summary": "",
      "body": ""
    },
    "isPrivate": false,
    "ignore": false,
    "code": "var _page = null;\n\tvar self =",
    "ctx": {
      "type": "declaration",
      "name": "_page",
      "value": "null",
      "string": "_page"
    }
  },
  {
    "tags": [
      {
        "type": "lends",
        "parent": "ctx.desktop"
      }
    ],
    "description": {
      "full": "",
      "summary": "",
      "body": ""
    },
    "isPrivate": false,
    "ignore": false,
    "code": "{"
  },
  {
    "tags": [],
    "description": {
      "full": "\\\\\n===== Methods =====",
      "summary": "\\\\\n===== Methods =====",
      "body": ""
    },
    "isPrivate": false,
    "ignore": false
  },
  {
    "tags": [
      {
        "type": "description",
        "string": "__Ex.:__\n<code javascript>\nres = ctx.desktop.appAttach('google');\n</code>"
      },
      {
        "type": "method",
        "string": "appAttach"
      },
      {
        "type": "path",
        "string": "ctx.desktop.appAttach"
      },
      {
        "type": "param",
        "types": [
          "string"
        ],
        "name": "appId",
        "description": "aplication id",
        "optional": false
      },
      {
        "type": "return",
        "types": [
          "boolean"
        ],
        "description": "result"
      }
    ],
    "description": {
      "full": "Attaches the defined application in its tab or pane",
      "summary": "Attaches the defined application in its tab or pane",
      "body": ""
    },
    "isPrivate": false,
    "ignore": false,
    "code": "appAttach : function (appId) {\n\t\t\treturn (_page.actionApp('acAppAttach', appId) == 'true' ? true : false);\n\t\t},"
  },
  {
    "tags": [
      {
        "type": "description",
        "string": "__Ex.:__\n<code javascript>\nres = ctx.desktop.appClone('google:2');\n</code>"
      },
      {
        "type": "method",
        "string": "appClone"
      },
      {
        "type": "path",
        "string": "ctx.desktop.appClone"
      },
      {
        "type": "param",
        "types": [
          "string"
        ],
        "name": "appId",
        "description": "Application id, including instance (ex. 'google:2')",
        "optional": false
      },
      {
        "type": "return",
        "types": [
          "boolean"
        ],
        "description": "result"
      }
    ],
    "description": {
      "full": "Clones a defined Application, with a new instance number",
      "summary": "Clones a defined Application, with a new instance number",
      "body": ""
    },
    "isPrivate": false,
    "ignore": false,
    "code": "appClone : function (appId) {\n\t\t\treturn (_page.actionApp('acAppClone', appId) == 'true' ? true : false);\n\t\t},"
  },
  {
    "tags": [
      {
        "type": "description",
        "string": "__Ex.:__\n<code javascript>\nres = ctx.desktop.appDelete('google');\n</code>"
      },
      {
        "type": "method",
        "string": "appDelete"
      },
      {
        "type": "path",
        "string": "ctx.desktop.appDelete"
      },
      {
        "type": "param",
        "types": [
          "string"
        ],
        "name": "appId",
        "description": "aplication id",
        "optional": false
      },
      {
        "type": "return",
        "types": [
          "boolean"
        ],
        "description": "result"
      }
    ],
    "description": {
      "full": "Deletes a defined application",
      "summary": "Deletes a defined application",
      "body": ""
    },
    "isPrivate": false,
    "ignore": false,
    "code": "appDelete : function (appId) {\n\t\t\treturn (_page.actionApp('acAppDelete', appId) == 'true' ? true : false);\n\t\t},"
  },
  {
    "tags": [
      {
        "type": "description",
        "string": "__Ex.:__\n<code javascript>\nres = ctx.desktop.appDetach('google');\n</code>"
      },
      {
        "type": "method",
        "string": "appDetach"
      },
      {
        "type": "path",
        "string": "ctx.desktop.appDetach"
      },
      {
        "type": "param",
        "types": [
          "string"
        ],
        "name": "appId",
        "description": "aplication id",
        "optional": false
      },
      {
        "type": "return",
        "types": [
          "boolean"
        ],
        "description": "result"
      }
    ],
    "description": {
      "full": "Detaches the defined Application from its tab or pane",
      "summary": "Detaches the defined Application from its tab or pane",
      "body": ""
    },
    "isPrivate": false,
    "ignore": false,
    "code": "appDetach : function (appId) {\n\t\t\treturn (_page.actionApp('acAppDetach', appId) == 'true' ? true : false);\n\t\t},"
  },
  {
    "tags": [
      {
        "type": "description",
        "string": "__Ex.:__\n<code javascript>\nvar id = ctx.desktop.appGetActive(); // return 'google'\t\n</code>"
      },
      {
        "type": "method",
        "string": "appGetActive"
      },
      {
        "type": "path",
        "string": "ctx.desktop.appGetActive"
      },
      {
        "type": "return",
        "types": [
          "string"
        ],
        "description": "application id, or empty if failed"
      }
    ],
    "description": {
      "full": "Gets the Id of the active application",
      "summary": "Gets the Id of the active application",
      "body": ""
    },
    "isPrivate": false,
    "ignore": false,
    "code": "appGetActive : function () {\n\t\t\treturn _page.actionApp('acAppGetActive');\n\t\t},"
  },
  {
    "tags": [
      {
        "type": "description",
        "string": "__Ex.:__\n<code javascript>\nvar instance = ctx.desktop.appGetAvailableInstance('google'); // returns '2'\n</code>"
      },
      {
        "type": "method",
        "string": "appGetAvailableInstance"
      },
      {
        "type": "path",
        "string": "ctx.desktop.appGetAvailableInstance"
      },
      {
        "type": "param",
        "types": [
          "string"
        ],
        "name": "appId",
        "description": "application id, without instance (ex. 'google')",
        "optional": false
      },
      {
        "type": "return",
        "types": [
          "*"
        ],
        "description": "instance Id: '0', '1', '2', ... (if succedded) | empty (if failed)"
      }
    ],
    "description": {
      "full": "Calculates and returns a free instance id for a given application ",
      "summary": "Calculates and returns a free instance id for a given application ",
      "body": ""
    },
    "isPrivate": false,
    "ignore": false,
    "code": "appGetAvailableInstance : function (appId) {\n\t\t\treturn _page.actionApp('acAppGetAvailableInstance', appId);\n\t\t},"
  },
  {
    "tags": [
      {
        "type": "description",
        "string": "__Ex.:__\n<code javascript>\nres = ctx.desktop.appNavigate('crm', 'http://......', e.targetFrame.Blank);\n</code>"
      },
      {
        "type": "method",
        "string": "appNavigate"
      },
      {
        "type": "path",
        "string": "ctx.desktop.appNavigate"
      },
      {
        "type": "param",
        "types": [
          "string"
        ],
        "name": "appId",
        "description": "aplication id",
        "optional": false
      },
      {
        "type": "param",
        "types": [
          "string"
        ],
        "name": "url",
        "description": "expression that evaluates to the URL, full path, or UNC location and name of the resource to display",
        "optional": false
      },
      {
        "type": "param",
        "types": [
          "e.targetFrame"
        ],
        "name": "[targetFrame]",
        "description": "expression that evaluates to the name of the frame in which to display the resource. The possible values for this parameter are described in [[lib:common:ctx.enum#etargetframe|e.targetFrame]].",
        "optional": true
      },
      {
        "type": "param",
        "types": [
          "string"
        ],
        "name": "[headers]",
        "description": "a string that contains additional HTTP headers to send to the server. These headers are added to the default Internet Explorer headers. For example, headers can specify the action required of the server, the type of data being passed to the server, or a status code. This parameter is ignored if the URL is not an HTTP URL. ",
        "optional": true
      },
      {
        "type": "param",
        "types": [
          "string"
        ],
        "name": "[postData]",
        "description": "data that is sent to the server as part of a HTTP POST transaction. A POST transaction is typically used to send data gathered by an HTML form. If this parameter does not specify any post data, this method issues an HTTP GET transaction. This parameter is ignored if the URL is not an HTTP URL",
        "optional": true
      },
      {
        "type": "return",
        "types": [
          "boolean"
        ],
        "description": "result"
      }
    ],
    "description": {
      "full": "Navigates to a new page, on the defined application",
      "summary": "Navigates to a new page, on the defined application",
      "body": ""
    },
    "isPrivate": false,
    "ignore": false,
    "code": "appNavigate : function (appId, url, targetFrame, headers, postData) {\n\t\t\treturn (_page.actionApp('acAppNavigate', appId, url, targetFrame, headers, postData) == 'true' ? true : false);\n\t\t},"
  },
  {
    "tags": [
      {
        "type": "description",
        "string": "__Ex.:__\n<code javascript>\nres = ctx.desktop.appShow('google', 'Hide');\n</code>"
      },
      {
        "type": "method",
        "string": "appShow"
      },
      {
        "type": "path",
        "string": "ctx.desktop.appShow"
      },
      {
        "type": "param",
        "types": [
          "string"
        ],
        "name": "appId",
        "description": "aplication id",
        "optional": false
      },
      {
        "type": "param",
        "types": [
          "string"
        ],
        "name": "[state]",
        "description": "unused (='Show') | 'Show' | 'Hide'",
        "optional": true
      },
      {
        "type": "return",
        "types": [
          "boolean"
        ],
        "description": "result"
      }
    ],
    "description": {
      "full": "Shows or hides the defined Application",
      "summary": "Shows or hides the defined Application",
      "body": ""
    },
    "isPrivate": false,
    "ignore": false,
    "code": "appShow : function (appId, state) {\n\t\t\treturn (_page.actionApp('acAppShow', appId, (state == 'Hide' ? 'Hide' : 'Show')) == 'true' ? true : false);\n\t\t},"
  },
  {
    "tags": [
      {
        "type": "description",
        "string": "__Ex.:__\n<code javascript>\nres = ctx.desktop.appStart('google');\n</code>"
      },
      {
        "type": "method",
        "string": "appStart"
      },
      {
        "type": "path",
        "string": "ctx.desktop.appStart"
      },
      {
        "type": "param",
        "types": [
          "string"
        ],
        "name": "appId",
        "description": "aplication id",
        "optional": false
      },
      {
        "type": "param",
        "types": [
          "string"
        ],
        "name": "[display]",
        "description": "omitted (use default display) | '0' (force primary display) | '1' (force secondary display)",
        "optional": true
      },
      {
        "type": "param",
        "types": [
          "string"
        ],
        "name": "[tabGroup]",
        "description": "omitted (use default tab group) | '0' (force primary tab group) | '1' (force secondary tab group)",
        "optional": true
      },
      {
        "type": "return",
        "types": [
          "boolean"
        ],
        "description": "result"
      }
    ],
    "description": {
      "full": "Opens or activates the defined Application",
      "summary": "Opens or activates the defined Application",
      "body": ""
    },
    "isPrivate": false,
    "ignore": false,
    "code": "appStart : function (appId, display, tabGroup) {\n\t\t\treturn (_page.actionApp('acAppStart', appId, display, tabGroup) == 'true' ? true : false);\n\t\t},"
  },
  {
    "tags": [
      {
        "type": "description",
        "string": "__Ex.:__\n<code javascript>\nres = ctx.desktop.appStop('google');\n</code>"
      },
      {
        "type": "method",
        "string": "appStop"
      },
      {
        "type": "path",
        "string": "ctx.desktop.appStop"
      },
      {
        "type": "param",
        "types": [
          "string"
        ],
        "name": "appId",
        "description": "aplication id",
        "optional": false
      },
      {
        "type": "return",
        "types": [
          "boolean"
        ],
        "description": "result"
      }
    ],
    "description": {
      "full": "Stops the defined Application",
      "summary": "Stops the defined Application",
      "body": ""
    },
    "isPrivate": false,
    "ignore": false,
    "code": "appStop : function (appId) {\n\t\t\treturn (_page.actionApp('acAppStop', appId) == 'true' ? true : false);\n\t\t},"
  },
  {
    "tags": [
      {
        "type": "description",
        "string": "__Ex.:__\n<code javascript>\n</code>"
      },
      {
        "type": "method",
        "string": "commandNotify"
      },
      {
        "type": "path",
        "string": "ctx.desktop.commandNotify"
      },
      {
        "type": "param",
        "types": [
          "string"
        ],
        "name": "name",
        "description": "command",
        "optional": false
      },
      {
        "type": "param",
        "types": [
          "string"
        ],
        "name": "[data]",
        "description": "data",
        "optional": true
      },
      {
        "type": "return",
        "types": [
          "boolean"
        ],
        "description": "true|false"
      }
    ],
    "description": {
      "full": "Notifies a given command (key shortcut)",
      "summary": "Notifies a given command (key shortcut)",
      "body": ""
    },
    "isPrivate": false,
    "ignore": false,
    "code": "commandNotify : function (name, data) {\n\t\t\treturn (_page.actionApp('acCommandNotify', name, data) == 'true' ? true : false);\n\t\t},"
  },
  {
    "tags": [
      {
        "type": "description",
        "string": "Function can copy a file as attached link and as content text. Paste function in destination applications, like Office applications will propose to paste as attached file or as text.\n\n__Ex.:__\n<code javascript>\nvar data = \"Name: Password Store\\n\nDate: 03/04/2013\\n\nTime: 13:42:33\\n\nFile: 20130403_134233_056.png\";\nres = ctx.desktop.copyFileToClipboard('%CurrentDir%/Pictures/20130403_134233_056.png', data);\n</code>"
      },
      {
        "type": "method",
        "string": "copyFileToClipboard"
      },
      {
        "type": "path",
        "string": "ctx.desktop.copyFileToClipboard"
      },
      {
        "type": "param",
        "types": [
          "string"
        ],
        "name": "[linkFile]",
        "description": "filename to be copied as link (ex. : %CurrentDir%/Pictures/'File'.png)",
        "optional": true
      },
      {
        "type": "param",
        "types": [
          "string"
        ],
        "name": "[text]",
        "description": "text to copy",
        "optional": true
      },
      {
        "type": "param",
        "types": [
          "string"
        ],
        "name": "[rawFile]",
        "description": "filename to be copied as raw text (ex. : %CurrentDir%/Pictures/'File'.txt)",
        "optional": true
      },
      {
        "type": "return",
        "types": [
          "boolean"
        ],
        "description": "true|false"
      }
    ],
    "description": {
      "full": "Copies a file to clipboard \\\\",
      "summary": "Copies a file to clipboard \\\\",
      "body": ""
    },
    "isPrivate": false,
    "ignore": false,
    "code": "copyFileToClipboard : function (linkFile, text, rawFile) {\n\t\t\treturn (_page.actionApp('acCopyFileToClipboard', linkFile, text, rawFile) == 'true' ? true : false);\n\t\t},"
  },
  {
    "tags": [
      {
        "type": "description",
        "string": "__Ex.:__\n<code javascript>\nres = ctx.desktop.eventClear(\"Historic\", \"20130413_010853_845\");\n</code>"
      },
      {
        "type": "method",
        "string": "eventClear"
      },
      {
        "type": "path",
        "string": "ctx.desktop.eventClear"
      },
      {
        "type": "param",
        "types": [
          "string"
        ],
        "name": "type",
        "description": "event type: ('Historic', 'Pictures', ...)",
        "optional": false
      },
      {
        "type": "param",
        "types": [
          "string"
        ],
        "name": "name",
        "description": "filename to be deleted (with or without '.xml' extension) | * (= all)",
        "optional": false
      },
      {
        "type": "return",
        "types": [
          "boolean"
        ],
        "description": "true|false"
      }
    ],
    "description": {
      "full": "Deletes one or all XML file(s) : 'CurrentDir'/'Type'/'File'.xml",
      "summary": "Deletes one or all XML file(s) : 'CurrentDir'/'Type'/'File'.xml",
      "body": ""
    },
    "isPrivate": false,
    "ignore": false,
    "code": "eventClear : function (type, name) {\n\t\t\treturn (_page.actionApp('acEventClear', type, name) == 'true' ? true : false);\n\t\t},"
  },
  {
    "tags": [
      {
        "type": "description",
        "string": "__Ex.:__\n<code javascript>\nres = ctx.desktop.eventList(\"Historic\");\n</code>\nResult :\n<code xml>\n<Result>\n  <Path>...</Path> -->\n  <RelativePath>...</RelativePath>\n  <Files>\n    <File>20130413_090810_845.xml</File>\n    <File>20130413_100547_654.xml</File>\n    <File>20130413_114513_324.xml</File>\n  <Files>\n<Result>\n</code>"
      },
      {
        "type": "method",
        "string": "eventList"
      },
      {
        "type": "path",
        "string": "ctx.desktop.eventList"
      },
      {
        "type": "param",
        "types": [
          "string"
        ],
        "name": "type",
        "description": "Event type: ('Historic', 'Pictures', ...)",
        "optional": false
      },
      {
        "type": "return",
        "types": [
          "*"
        ],
        "description": "return file list in XML format"
      }
    ],
    "description": {
      "full": "Lists event files",
      "summary": "Lists event files",
      "body": ""
    },
    "isPrivate": false,
    "ignore": false,
    "code": "eventList : function (type, name, data) {\n\t\t\tif (!_page)\n\t\t\t\treturn '';\n\t\t\treturn _page.actionApp('acEventList', type, name, data);\n\t\t},"
  },
  {
    "tags": [
      {
        "type": "description",
        "string": "__Ex.:__\n<code javascript>\n// broadcast refresh event\nres = ctx.desktop.eventNotify(\"evEventUpdated\", \"Historic\");\n</code>"
      },
      {
        "type": "method",
        "string": "eventNotify"
      },
      {
        "type": "path",
        "string": "ctx.desktop.eventNotify"
      },
      {
        "type": "param",
        "types": [
          "string"
        ],
        "name": "name",
        "description": "Event name: ('evStart', 'evUpdate', ...)",
        "optional": false
      },
      {
        "type": "param",
        "types": [
          "string"
        ],
        "name": "[data]",
        "description": "optional data",
        "optional": true
      },
      {
        "type": "return",
        "types": [
          "boolean"
        ],
        "description": "true|false"
      }
    ],
    "description": {
      "full": "Broadcasts an event to all pages and to Interactive script",
      "summary": "Broadcasts an event to all pages and to Interactive script",
      "body": ""
    },
    "isPrivate": false,
    "ignore": false,
    "code": "eventNotify : function (name, data) {\n\t\t\treturn (_page.actionApp('acEventNotify', name, data) == 'true' ? true : false);\n\t\t},"
  },
  {
    "tags": [
      {
        "type": "description",
        "string": "The format is : 'CurrentDir'/'Type'/'Id'.xml, where Id is generated based on timestamp\n  *  'Id' is generated based on timestamp: '<YYYY><MM><DD>_<HH><MM><SS>_<MS>',\n  *  'Type' is used to identify event type. \n    *  Events can be added, deleted, enumerated, and are serialized in working directory: '%CurrentDir%'/'Type'/'Id'.xml\n    *  Type is a free text: 'Historic', 'Informations', 'Messages', ...\n\n__Ex.:__\n<code javascript>\nvar data = \"<![CDATA[<FILE>654123</FILE><MAINNAME>ROBIN</MAINNAME><FIRSTNAME>JACK</FIRSTNAME>]]>\";\nres = ctx.desktop.eventStore(\"Historic\", \"JACK ROBIN\", data);\n</code>\n  * The generated file is : ''%CurrentDir%/Historic/20130413_010853_845.xml''\n  * The content is :\n<code xml>\n<Node Id=\"20130413_010853_845\" Type=\"Historic\">\n  <Name>JACK ROBIN</Name>\n  <Date>12/04/2013</Date>\n  <Time>16:22:32</Time>\n  <File>654123</File>\n  <Mainname>ROBIN</Mainname>\n  <Firstname>JACK</Firstname>\n</Node>\n</code>"
      },
      {
        "type": "method",
        "string": "eventStore"
      },
      {
        "type": "path",
        "string": "ctx.desktop.eventStore"
      },
      {
        "type": "param",
        "types": [
          "string"
        ],
        "name": "type",
        "description": "Event type: ('Historic', 'Pictures', ...)",
        "optional": false
      },
      {
        "type": "param",
        "types": [
          "string"
        ],
        "name": "name",
        "description": "(free label)",
        "optional": false
      },
      {
        "type": "param",
        "types": [
          "string"
        ],
        "name": "data",
        "description": "free Data, in XML format",
        "optional": false
      },
      {
        "type": "return",
        "types": [
          "*"
        ],
        "description": "generated filename ('CurrentDir'/'Type'/'Id'.xml). File content is: <code xml>\n<Node Id=\"[Id]\" Type=\"[type]\">\n    <Name>[name]</Name>\n    <Date>[timestamp date]</Date>\n    <Time>[timestamp time]</Time>\n    [data]\n</Node>\n</code>"
      }
    ],
    "description": {
      "full": "Creates an XML file, to store data",
      "summary": "Creates an XML file, to store data",
      "body": ""
    },
    "isPrivate": false,
    "ignore": false,
    "code": "eventStore : function (type, name, data) {\n\t\t\treturn _page.actionApp('acEventStore', type, name, data);\n\t\t},"
  },
  {
    "tags": [
      {
        "type": "description",
        "string": "__Ex.:__\n<code javascript>\nres = ctx.desktop.exeAppCreate(\"outlook\", \"Outlook\", \"outlook.png\", \"%programfiles(x86)%\\\\Microsoft Office\\\\Office14\\\\Outlook.exe\");\n</code>"
      },
      {
        "type": "method",
        "string": "exeAppCreate"
      },
      {
        "type": "path",
        "string": "ctx.desktop.exeAppCreate"
      },
      {
        "type": "param",
        "types": [
          "string"
        ],
        "name": "appId",
        "description": "aplication id",
        "optional": false
      },
      {
        "type": "param",
        "types": [
          "string"
        ],
        "name": "name",
        "description": "application name",
        "optional": false
      },
      {
        "type": "param",
        "types": [
          "string"
        ],
        "name": "icon",
        "description": "icon",
        "optional": false
      },
      {
        "type": "param",
        "types": [
          "string"
        ],
        "name": "command",
        "description": "command line / URL",
        "optional": false
      },
      {
        "type": "param",
        "types": [
          "string"
        ],
        "name": "args",
        "description": "arguments / URL",
        "optional": false
      },
      {
        "type": "return",
        "types": [
          "boolean"
        ],
        "description": "true|false"
      }
    ],
    "description": {
      "full": "Creates a new Windows application and workspace container",
      "summary": "Creates a new Windows application and workspace container",
      "body": ""
    },
    "isPrivate": false,
    "ignore": false,
    "code": "exeAppCreate : function (appId, name, icon, command, args) {\n\t\t\treturn (_page.actionApp('acExeAppCreate', appId, name, icon, command, args) == 'true' ? true : false);\n\t\t},"
  },
  {
    "tags": [
      {
        "type": "description",
        "string": "__Ex.:__\n<code javascript>\nres = ctx.desktop.fileDelete('%CurrentDir%\\\\result.txt');\n</code>"
      },
      {
        "type": "method",
        "string": "fileDelete"
      },
      {
        "type": "path",
        "string": "ctx.desktop.fileDelete"
      },
      {
        "type": "param",
        "types": [
          "string"
        ],
        "name": "filename",
        "description": "filename (full path)",
        "optional": false
      },
      {
        "type": "return",
        "types": [
          "boolean"
        ],
        "description": "true|false"
      }
    ],
    "description": {
      "full": "Deletes a file",
      "summary": "Deletes a file",
      "body": ""
    },
    "isPrivate": false,
    "ignore": false,
    "code": "fileDelete : function (filename) {\n\t\t\treturn (_page.actionApp('acFileDelete', filename) == 'true' ? true : false);\n\t\t},"
  },
  {
    "tags": [
      {
        "type": "description",
        "string": "__Ex.:__\n<code javascript>\nres = ctx.desktop.fileList('%CurrentDir%\\\\Results', '*.xml');\n</code>"
      },
      {
        "type": "method",
        "string": "fileList"
      },
      {
        "type": "path",
        "string": "ctx.desktop.fileList"
      },
      {
        "type": "param",
        "types": [
          "string"
        ],
        "name": "path",
        "description": "Folder path   Special syntax : '%CurrentURL%', '%CurrentDir%', '%ServerURL%' can be substituted by real path\n  ex. : - %CurrentDir%/Pictures\n        - %CurrentURL%/Config\n",
        "optional": false
      },
      {
        "type": "param",
        "types": [
          "string"
        ],
        "name": "pattern",
        "description": "file pattern (ex. : '*.xml')",
        "optional": false
      },
      {
        "type": "return",
        "types": [
          "*"
        ],
        "description": "returns file list in XML format : <code javascript>\n<Result>\n  <Path>c:\\...</Path> \n    --> provides absolute path, based on '[path]'\n  <RelativePath>..\\...</RelativePath> \n    --> provides relative path, based on '[path]', relative to 'CurrentURL'\n  <Files>\n    <File>photo1.xml</File>\n    <File>photo2.xml</File>\n    <File>photo3.xml</File>\n  <Files>\n<Result>\n</code>"
      }
    ],
    "description": {
      "full": "Enumerates Files in a given folder",
      "summary": "Enumerates Files in a given folder",
      "body": ""
    },
    "isPrivate": false,
    "ignore": false,
    "code": "fileList : function (path, pattern) {\n\t\t\tif (!_page)\n\t\t\t\treturn '';\n\t\t\treturn _page.actionApp('acFileList', path, pattern);\n\t\t},"
  },
  {
    "tags": [
      {
        "type": "description",
        "string": "__Ex.:__\n<code javascript>\nvar data = \"name=Smith\\nfirstname=John\";\nres = ctx.desktop.fileWrite('%CurrentDir%\\\\result.txt', data);\n</code>"
      },
      {
        "type": "method",
        "string": "fileWrite"
      },
      {
        "type": "path",
        "string": "ctx.desktop.fileWrite"
      },
      {
        "type": "param",
        "types": [
          "string"
        ],
        "name": "filename",
        "description": "filename (full path)",
        "optional": false
      },
      {
        "type": "param",
        "types": [
          "string"
        ],
        "name": "data",
        "description": "text content to be written",
        "optional": false
      },
      {
        "type": "return",
        "types": [
          "boolean"
        ],
        "description": "true|false"
      }
    ],
    "description": {
      "full": "Writes a text in a file",
      "summary": "Writes a text in a file",
      "body": ""
    },
    "isPrivate": false,
    "ignore": false,
    "code": "fileWrite : function (filename, data) {\n\t\t\treturn (_page.actionApp('acFileWrite', filename, data) == 'true' ? true : false);\n\t\t},"
  },
  {
    "tags": [
      {
        "type": "description",
        "string": "__Ex.:__\n<code javascript>\n// start 2 applications, then create a split\nres = ctx.desktop.start('google');\nres = ctx.desktop.start('linkedin');\n// create vertical split on main display, 'linkedin' application on the right\nres = ctx.desktop.groupManage('CreateVertical', 0);\n// set ratio to 60%|40%\nres = ctx.desktop.groupManage('TabSetRatio', 60);\n</code>"
      },
      {
        "type": "method",
        "string": "groupManage"
      },
      {
        "type": "path",
        "string": "ctx.desktop.groupManage"
      },
      {
        "type": "param",
        "types": [
          "string"
        ],
        "name": "action",
        "description": "possible values 'CreateVertical' | 'CreateHorizontal' | 'MoveGroup' (move to other group, or unsplit) | 'TabGetRatio' | 'TabSetRatio'",
        "optional": false
      },
      {
        "type": "param",
        "types": [
          "string"
        ],
        "name": "[display]",
        "description": "unused (use active display) | 0 (force primary display) | 1 (force secondary display)",
        "optional": true
      },
      {
        "type": "param",
        "types": [
          "number"
        ],
        "name": "[tabGroup]",
        "description": "unused (use active group) | 0 (force primary group) | 1 (force secondary group)",
        "optional": true
      },
      {
        "type": "param",
        "types": [
          "number"
        ],
        "name": "[ratio]",
        "description": "only used for 'TabSetRatio' : % ratio to be set on the current group, in range [1, 99]",
        "optional": true
      },
      {
        "type": "return",
        "types": [
          "boolean"
        ],
        "description": "true|false"
      }
    ],
    "description": {
      "full": "Manages groups (Create vertical, horizontal, ...)",
      "summary": "Manages groups (Create vertical, horizontal, ...)",
      "body": ""
    },
    "isPrivate": false,
    "ignore": false,
    "code": "groupManage : function (action, display, tabGroup, ratio) {\n\t\t\treturn (_page.actionApp('acGroupManage', action, display, tabGroup, ratio) == 'true' ? true : false);\n\t\t},"
  },
  {
    "tags": [
      {
        "type": "description",
        "string": "__Ex.:__\n<code javascript>\nres = ctx.desktop.objectGetState(\"Application\", \"google\", \"Started\"); // returns 'true'\n</code>"
      },
      {
        "type": "method",
        "string": "objectGetState"
      },
      {
        "type": "path",
        "string": "ctx.desktop.objectGetState"
      },
      {
        "type": "param",
        "types": [
          "string"
        ],
        "name": "type",
        "description": "Object type: 'Application' is the only supported",
        "optional": false
      },
      {
        "type": "param",
        "types": [
          "string"
        ],
        "name": "id",
        "description": "object identifier",
        "optional": false
      },
      {
        "type": "param",
        "types": [
          "string"
        ],
        "name": "param",
        "description": "Parameter to be read : Started | Visible | Active | TabGroup | Display | TabPosition",
        "optional": false
      },
      {
        "type": "return",
        "types": [
          "*"
        ],
        "description": "parameter state (if boolean, returns 'true' | 'false')"
      }
    ],
    "description": {
      "full": "Gets runtime properties of a given object (only 'Application' is supported)",
      "summary": "Gets runtime properties of a given object (only 'Application' is supported)",
      "body": ""
    },
    "isPrivate": false,
    "ignore": false,
    "code": "objectGetState : function (type, id, param) {\n\t\t\tif (!_page)\n\t\t\t\treturn '';\n\t\t\treturn _page.actionApp('acObjectGetState', type, id, param);\n\t\t},"
  },
  {
    "tags": [
      {
        "type": "description",
        "string": "Possible values :\n  *  Application\n    *  Name\n    *  SubName\n    *  Instance\n    *  Environment\n    *  Icon\n    *  Cmd (Windows application only)\n    *  Args\n    *  WindowClass (Windows application only)\n    *  WindowCaption (Windows application only)\n    *  IsSingleton (Windows application only)\n    *  IsSupervised (Web application only)\n    *  CanClose\n    *  CanMove\n    *  DetachOnClose (Windows application only)\n    *  CanDetachOrStop (Windows application only)\n    *  ShowToolbar\n    *  RawSnapshot\n    *  HideMenu\n    *  TabGroup\n    *  Display\n    *  PostData (Web application only)\n    *  Flags (Web application only)\n    *  TargetFrame (Web application only)\n    *  Headers (Web application only)\n    *  AutoTitle (Web application only)\n  *  Workspace\n    *  Name\n    *  SubName\n    *  Icon\n    *  TabGroup\n    *  Display\n  *  Event\n    *  Name\n    *  SubName\n    *  Icon\n    *  Type\n    *  Event\n    *  Data\n\n__Ex.:__\n<code javascript>\nres = ctx.desktop.objectGetValue(\"Application\", \"google\", \"Args\"); // returns 'http://www.google.com'\n</code>"
      },
      {
        "type": "method",
        "string": "objectGetValue"
      },
      {
        "type": "path",
        "string": "ctx.desktop.objectGetValue"
      },
      {
        "type": "param",
        "types": [
          "string"
        ],
        "name": "type",
        "description": "Object type: Application | Pane | Workspace | Event | MenuItem | ...",
        "optional": false
      },
      {
        "type": "param",
        "types": [
          "string"
        ],
        "name": "id",
        "description": "object identifier",
        "optional": false
      },
      {
        "type": "param",
        "types": [
          "string"
        ],
        "name": "param",
        "description": "Parameter to be read : Name | SubName | Icon | Environment | Cmd | Args |...",
        "optional": false
      },
      {
        "type": "return",
        "types": [
          "string"
        ],
        "description": "parameter value"
      }
    ],
    "description": {
      "full": "Reads a parameter from a declared object (Application, Event, ...)",
      "summary": "Reads a parameter from a declared object (Application, Event, ...)",
      "body": ""
    },
    "isPrivate": false,
    "ignore": false,
    "code": "objectGetValue : function (type, id, param) {\n\t\t\tif (!_page)\n\t\t\t\treturn '';\n\t\t\treturn _page.actionApp('acObjectGetValue', type, id, param);\n\t\t},"
  },
  {
    "tags": [
      {
        "type": "description",
        "string": "__Ex.:__\n<code javascript>\nres = ctx.desktop.objectSetValue(\"Application\", \"google\", \"Args\", \"maps.google.com\"); // change application URL\n</code>"
      },
      {
        "type": "method",
        "string": "objectSetValue"
      },
      {
        "type": "path",
        "string": "ctx.desktop.objectSetValue"
      },
      {
        "type": "param",
        "types": [
          "string"
        ],
        "name": "type",
        "description": "Object Type: Application | Pane | Workspace | Event | MenuItem | ...",
        "optional": false
      },
      {
        "type": "param",
        "types": [
          "string"
        ],
        "name": "id",
        "description": "object identifier",
        "optional": false
      },
      {
        "type": "param",
        "types": [
          "string"
        ],
        "name": "param",
        "description": "Parameter to be updated : Name | SubName | Icon | Environment | Cmd | Args | ...",
        "optional": false
      },
      {
        "type": "param",
        "types": [
          "string"
        ],
        "name": "value",
        "description": "",
        "optional": false
      },
      {
        "type": "return",
        "types": [
          "boolean"
        ],
        "description": "true|false"
      }
    ],
    "description": {
      "full": "Updates a declared object (Application, Event, ...)",
      "summary": "Updates a declared object (Application, Event, ...)",
      "body": ""
    },
    "isPrivate": false,
    "ignore": false,
    "code": "objectSetValue : function (type, id, param, value) {\n\t\t\treturn (_page.actionApp('acObjectSetValue', type, id, param, value) == 'true' ? true : false);\n\t\t},"
  },
  {
    "tags": [
      {
        "type": "description",
        "string": "__Ex.:__\n<code javascript>\nctx.desktop.show('Minimize'); // minimize\n</code>"
      },
      {
        "type": "method",
        "string": "show"
      },
      {
        "type": "path",
        "string": "ctx.desktop.show"
      },
      {
        "type": "param",
        "types": [
          "string"
        ],
        "name": "state",
        "description": "Restore | Minimize | Maximize | Show | Hide",
        "optional": false
      },
      {
        "type": "param",
        "types": [
          "string"
        ],
        "name": "[display]",
        "description": "unused (use active display) | 0 (force primary display) | 1 (force secondary display)",
        "optional": true
      },
      {
        "type": "return",
        "types": [
          "boolean"
        ],
        "description": "true|false"
      }
    ],
    "description": {
      "full": "Restores / minimizes Unified Desktop",
      "summary": "Restores / minimizes Unified Desktop",
      "body": ""
    },
    "isPrivate": false,
    "ignore": false,
    "code": "show : function (state, display) {\n\t\t\treturn (_page.actionApp('acShow', state, display) == 'true' ? true : false);\n\t\t},"
  },
  {
    "tags": [
      {
        "type": "description",
        "string": "__Ex.:__\n<code javascript>\nctx.desktop.showActionAlert('Application snapshots', 'album.png', 'Click to open album', 'acAppStart', 'album');\n</code>"
      },
      {
        "type": "method",
        "string": "showActionAlert"
      },
      {
        "type": "path",
        "string": "ctx.desktop.showActionAlert"
      },
      {
        "type": "param",
        "types": [
          "string"
        ],
        "name": "text",
        "description": "Label",
        "optional": false
      },
      {
        "type": "param",
        "types": [
          "string"
        ],
        "name": "icon",
        "description": "icon filename",
        "optional": false
      },
      {
        "type": "param",
        "types": [
          "string"
        ],
        "name": "link\tLink",
        "description": "text",
        "optional": false
      },
      {
        "type": "param",
        "types": [
          "string"
        ],
        "name": "action\tAction",
        "description": "name",
        "optional": false
      },
      {
        "type": "param",
        "types": [
          "string"
        ],
        "name": "[data]\tOptional",
        "description": "data",
        "optional": true
      },
      {
        "type": "return",
        "types": [
          "boolean"
        ],
        "description": "true|false"
      }
    ],
    "description": {
      "full": "Displays a desktop alert window, for an action",
      "summary": "Displays a desktop alert window, for an action",
      "body": ""
    },
    "isPrivate": false,
    "ignore": false,
    "code": "showActionAlert : function (text, icon, link, action, data) {\n\t\t\treturn (_page.actionApp('acShowActionAlert', text, icon, link, action, data) == 'true' ? true : false);\n\t\t},"
  },
  {
    "tags": [
      {
        "type": "description",
        "string": "__Ex.:__\n<code javascript>\nctx.desktop.showEventAlert('Scenario 5', 'google.png', 'Click to launch scenario', 'evStartScenario', 'scStart5');\n</code>"
      },
      {
        "type": "method",
        "string": "showEventAlert"
      },
      {
        "type": "path",
        "string": "ctx.desktop.showEventAlert"
      },
      {
        "type": "param",
        "types": [
          "string"
        ],
        "name": "text",
        "description": "Label",
        "optional": false
      },
      {
        "type": "param",
        "types": [
          "string"
        ],
        "name": "icon",
        "description": "icon filename",
        "optional": false
      },
      {
        "type": "param",
        "types": [
          "string"
        ],
        "name": "link\tLink",
        "description": "text",
        "optional": false
      },
      {
        "type": "param",
        "types": [
          "string"
        ],
        "name": "event\tEvent",
        "description": "name",
        "optional": false
      },
      {
        "type": "param",
        "types": [
          "string"
        ],
        "name": "[data]\tOptional",
        "description": "data",
        "optional": true
      },
      {
        "type": "return",
        "types": [
          "boolean"
        ],
        "description": "true|false"
      }
    ],
    "description": {
      "full": "Displays a desktop alert window, for an event",
      "summary": "Displays a desktop alert window, for an event",
      "body": ""
    },
    "isPrivate": false,
    "ignore": false,
    "code": "showEventAlert : function (text, icon, link, event, data) {\n\t\t\treturn (_page.actionApp('acShowEventAlert', text, icon, link, event, data) == 'true' ? true : false);\n\t\t},"
  },
  {
    "tags": [
      {
        "type": "description",
        "string": "see [[guides:desktop:development#starting_unified_desktop|User guide]] for more details\n\n__Ex.:__\n<code javascript>\nvar currentURL = ctx.options.path.resources;\nvar serverURL = ctx.options.serverURL;\nvar currentDir = ctx.options.path.log;\nvar options = {\n  Login : ctx.context.get('//WkMng_Info/FullUserCode'),\n  Environment : ctx.options.environment.Id,\n  User : ctx.options.profiles.User,\n  Job : ctx.options.profiles.Job,\n  ProjectVersion : ctx.options.projectVersion,\n  ProjectDate : ctx.options.projectDate,\n  ProjectName : ctx.options.projectName\n};\nres = ctx.desktop.start(CtxtDesktop, options, currentURL, serverURL, currentDir, CtxtDesktop.pMain, CtxtDesktop.pVirtualPage);\n</code>"
      },
      {
        "type": "method",
        "string": "start"
      },
      {
        "type": "path",
        "string": "ctx.desktop.start"
      },
      {
        "type": "param",
        "types": [
          "ctx.application"
        ],
        "name": "application",
        "description": "application associated with ",
        "optional": false
      },
      {
        "type": "param",
        "types": [
          "Object"
        ],
        "name": "options",
        "description": "options to be set : Login, Environment, profile, ...",
        "optional": false
      },
      {
        "type": "param",
        "types": [
          "string"
        ],
        "name": "[currentURL]",
        "description": "project directory (''ctx.options.path.bin'' if omitted)",
        "optional": true
      },
      {
        "type": "param",
        "types": [
          "string"
        ],
        "name": "[currentDir]",
        "description": "current execution directory (''ctx.options.path.log'' if omitted)",
        "optional": true
      },
      {
        "type": "param",
        "types": [
          "string"
        ],
        "name": "[serverURL]",
        "description": "server directory (''ctx.options.serverURL'' if omitted)",
        "optional": true
      },
      {
        "type": "param",
        "types": [
          "ctx.page"
        ],
        "name": "[realPage]",
        "description": "main page of the application",
        "optional": true
      },
      {
        "type": "param",
        "types": [
          "ctx.page"
        ],
        "name": "[virtualPage]",
        "description": "virtual page of the application",
        "optional": true
      },
      {
        "type": "return",
        "types": [
          "boolean"
        ],
        "description": "result value"
      }
    ],
    "description": {
      "full": "Starts Contextor Unified Desktop",
      "summary": "Starts Contextor Unified Desktop",
      "body": ""
    },
    "isPrivate": false,
    "ignore": false,
    "code": "start : function (application, options, currentURL, currentDir, serverURL, realPage, virtualPage) {\n\t\t\t_application = application;\n\t\t\tif (!_application)\n\t\t\t\treturn false;\n\t\t\t_page = (virtualPage ? virtualPage : _application['pVirtualPage']);\n\t\t\t_realPage = (realPage ? realPage : _application.pMain);\n\n\t\t\tif (_realPage && _realPage.exist()) {\n\t\t\t\t_realPage.activate();\n\t\t\t\treturn true;\n\t\t\t} else {\n\t\t\t\tvar curURL =  currentURL || ctx.options.path.bin;\n\t\t\t\tvar servURL = serverURL || ctx.options.path.server;\n\t\t\t\tvar curDir = currentDir || ctx.options.path.log;\n\t\t\t\tvar opt = '';\n\t\t\t\tfor (var i in options) {\n\t\t\t\t\tif (opt !== '')\n\t\t\t\t\t\topt = opt + ', ';\n\t\t\t\t\topt = opt + i + \"=\" + options[i];\n\t\t\t\t}\n\t\t\t\tvar cmd = \"-url \\\"\" + curURL + \"\\\" -server \\\"\" + servURL + \"\\\" -options \\\"\" + opt + \"\\\"\";\n\t\t\t\treturn (ctx.shellexec(ctx.options.path.exec + \"CtxtDesktop.exe\", cmd, curDir) == '');\n\t\t\t}\n\t\t},"
  },
  {
    "tags": [
      {
        "type": "description",
        "string": "__Ex.:__\n<code javascript>\nctx.desktop.stop();\n</code>"
      },
      {
        "type": "method",
        "string": "stop"
      },
      {
        "type": "path",
        "string": "ctx.desktop.stop"
      },
      {
        "type": "return",
        "types": [
          "boolean"
        ],
        "description": "result value"
      }
    ],
    "description": {
      "full": "Stops Contextor Unified Desktop",
      "summary": "Stops Contextor Unified Desktop",
      "body": ""
    },
    "isPrivate": false,
    "ignore": false,
    "code": "stop : function () {\n\t\t\tif (_realPage && _realPage.exist())\n\t\t\t\t_realPage.close();\n\t\t\treturn true;\n\t\t},"
  },
  {
    "tags": [
      {
        "type": "description",
        "string": "__Ex.:__\n<code javascript>\nres = ctx.desktop.toogleNavigationBar('Toggle');\n</code>"
      },
      {
        "type": "method",
        "string": "toogleNavigationBar"
      },
      {
        "type": "path",
        "string": "ctx.desktop.toogleNavigationBar"
      },
      {
        "type": "param",
        "types": [
          "string"
        ],
        "name": "[state]",
        "description": "'Show' | 'Hide' | 'Toggle' (default)",
        "optional": true
      },
      {
        "type": "return",
        "types": [
          "boolean"
        ],
        "description": "true|false"
      }
    ],
    "description": {
      "full": "Shows / hides / toogles navigation bar",
      "summary": "Shows / hides / toogles navigation bar",
      "body": ""
    },
    "isPrivate": false,
    "ignore": false,
    "code": "toogleNavigationBar : function (state) {\n\t\t\treturn (_page.actionApp('acToogleNavigationBar', state) == 'true' ? true : false);\n\t\t},"
  },
  {
    "tags": [
      {
        "type": "description",
        "string": "The behaviour is the following :\n  * if the desktop already exists, the callback is immediately called\n  * else it calls the callback on reception of a 'LOAD' event on the desktop main page. \nThe handler on the 'LOAD' event is set a single time.\n\n__Ex.:__\n<code javascript>\nctx.desktop.start(...);\nctx.desktop.wait(function(ev) {\n  ...\n});\n</code>"
      },
      {
        "type": "method",
        "string": "wait"
      },
      {
        "type": "path",
        "string": "ctx.desktop.wait"
      },
      {
        "type": "param",
        "types": [
          "function(ctx.event)"
        ],
        "name": "callback",
        "description": "callback to be called when page is present",
        "optional": false
      },
      {
        "type": "return",
        "types": [
          "Object"
        ],
        "description": "an object to be provided to 'ctx.off()' to disable listening"
      }
    ],
    "description": {
      "full": "Waits until the desktop is present, then calls a callback ",
      "summary": "Waits until the desktop is present, then calls a callback ",
      "body": ""
    },
    "isPrivate": false,
    "ignore": false,
    "code": "wait : function (callback) {\n\t\t\treturn _page.wait(callback);\n\t\t},"
  },
  {
    "tags": [
      {
        "type": "description",
        "string": "__Ex.:__\n<code javascript>\n// create dynamically 'Google Maps' application\nres = ctx.desktop.webAppCreate(\"maps\", \"Google Maps\", \"maps.png\", \"http://maps.google.com\");\n\t\t\n// create an application with 'PostData' parameter\nctx.desktop.webAppCreate('testPOST', 'Test POST', 'wiki.png', '', 'http://posttestserver.com/post.php');\nctx.desktop.objectSetValue('Application', 'testPOST', 'PostData', 'q=hello&p=bye');\nctx.desktop.appStart('testPOST');\n</code>"
      },
      {
        "type": "method",
        "string": "webAppCreate"
      },
      {
        "type": "path",
        "string": "ctx.desktop.webAppCreate"
      },
      {
        "type": "param",
        "types": [
          "string"
        ],
        "name": "appId",
        "description": "aplication id",
        "optional": false
      },
      {
        "type": "param",
        "types": [
          "string"
        ],
        "name": "name",
        "description": "application name",
        "optional": false
      },
      {
        "type": "param",
        "types": [
          "string"
        ],
        "name": "icon",
        "description": "icon",
        "optional": false
      },
      {
        "type": "param",
        "types": [
          "string"
        ],
        "name": "command",
        "description": "command line / URL",
        "optional": false
      },
      {
        "type": "param",
        "types": [
          "string"
        ],
        "name": "args",
        "description": "arguments / URL",
        "optional": false
      },
      {
        "type": "return",
        "types": [
          "boolean"
        ],
        "description": "true|false"
      }
    ],
    "description": {
      "full": "Creates a new Web application and workspace container",
      "summary": "Creates a new Web application and workspace container",
      "body": ""
    },
    "isPrivate": false,
    "ignore": false,
    "code": "webAppCreate : function (appId, name, icon, command, args) {\n\t\t\treturn (_page.actionApp('acWebAppCreate', appId, name, icon, command, args) == 'true' ? true : false);\n\t\t},"
  },
  {
    "tags": [
      {
        "type": "description",
        "string": "__Ex.:__\n<code javascript>\nres = ctx.desktop.workspaceStart(\"google\", \"0\", \"1\");\n</code>"
      },
      {
        "type": "method",
        "string": "workspaceStart"
      },
      {
        "type": "path",
        "string": "ctx.desktop.workspaceStart"
      },
      {
        "type": "param",
        "types": [
          "string"
        ],
        "name": "appId",
        "description": "aplication id",
        "optional": false
      },
      {
        "type": "param",
        "types": [
          "string"
        ],
        "name": "[display]",
        "description": "<none>|0|1",
        "optional": true
      },
      {
        "type": "param",
        "types": [
          "string"
        ],
        "name": "[tabGroup]",
        "description": "<none>|0|1",
        "optional": true
      },
      {
        "type": "return",
        "types": [
          "boolean"
        ],
        "description": "true|false"
      }
    ],
    "description": {
      "full": "Opens or activates a defined Workspace",
      "summary": "Opens or activates a defined Workspace",
      "body": ""
    },
    "isPrivate": false,
    "ignore": false,
    "code": "workspaceStart : function (appId, display, tabGroup) {\n\t\t\treturn (_page.actionApp('acAppStart', appId, display, tabGroup) == 'true' ? true : false);\n\t\t},"
  },
  {
    "tags": [
      {
        "type": "description",
        "string": "__Ex.:__\n<code javascript>\nres = ctx.desktop.workspaceStop(\"google\");\n</code>"
      },
      {
        "type": "method",
        "string": "workspaceStop"
      },
      {
        "type": "path",
        "string": "ctx.desktop.workspaceStop"
      },
      {
        "type": "param",
        "types": [
          "string"
        ],
        "name": "appId",
        "description": "aplication id",
        "optional": false
      },
      {
        "type": "return",
        "types": [
          "boolean"
        ],
        "description": "true|false"
      }
    ],
    "description": {
      "full": "Closes the defined Workspace",
      "summary": "Closes the defined Workspace",
      "body": ""
    },
    "isPrivate": false,
    "ignore": false,
    "code": "workspaceStop : function (appId) {\n\t\t\treturn (_page.actionApp('acAppStop', appId) == 'true' ? true : false);\n\t\t}\n\t\t\t\n\t};\n\treturn self;\n})();"
  }
]