[
  {
    "tags": [],
    "description": {
      "full": "====== Siebel application management ======\n\\\\\n\\\\\n// :!: __Caution:__ this page is auto-generated from source code and should not be modified from wiki application //\n\\\\\n\\\\\n===== Presentation =====\n\\\\\n\nSiebel application requires specific attention to be managed by Contextor Interactive.\n\nSiebel is a Web application containing specific ActiveX objects which are not standard html objects : edit controls, grids, tabs, ...\n\nThis library implements Siebel objects specific behaviors : it overrides the standard methods and adds extra ones.\n\nFor a better understanding of Siebel management, refer to the dedicated training: [[:training:interactive3:course:siebel|Managing Siebel application]]. \n\\\\",
      "summary": "====== Siebel application management ======\n\\\\\n\\\\\n// :!: __Caution:__ this page is auto-generated from source code and should not be modified from wiki application //\n\\\\\n\\\\\n===== Presentation =====\n\\\\",
      "body": "Siebel application requires specific attention to be managed by Contextor Interactive.\n\nSiebel is a Web application containing specific ActiveX objects which are not standard html objects : edit controls, grids, tabs, ...\n\nThis library implements Siebel objects specific behaviors : it overrides the standard methods and adds extra ones.\n\nFor a better understanding of Siebel management, refer to the dedicated training: [[:training:interactive3:course:siebel|Managing Siebel application]]. \n\\\\"
    },
    "isPrivate": false,
    "ignore": false
  },
  {
    "tags": [
      {
        "type": "class",
        "string": "ctx.siebel"
      },
      {
        "type": "path",
        "string": "ctx.siebel"
      },
      {
        "type": "constructor",
        "string": ""
      }
    ],
    "description": {
      "full": "Siebel module",
      "summary": "Siebel module",
      "body": ""
    },
    "isPrivate": false,
    "ignore": false,
    "code": "ctx.siebel = (function () {\n\tvar _siebel =",
    "ctx": {
      "type": "property",
      "receiver": "ctx",
      "name": "siebel",
      "value": "(function () {",
      "string": "ctx.siebel"
    }
  },
  {
    "tags": [
      {
        "type": "lends",
        "parent": "ctx.siebel"
      }
    ],
    "description": {
      "full": "",
      "summary": "",
      "body": ""
    },
    "isPrivate": false,
    "ignore": false,
    "code": "{"
  },
  {
    "tags": [
      {
        "type": "ignore",
        "string": ""
      },
      {
        "type": "const",
        "string": ""
      },
      {
        "type": "property",
        "types": [
          "string"
        ],
        "name": "ctxType",
        "description": "class type",
        "optional": false
      }
    ],
    "description": {
      "full": "",
      "summary": "",
      "body": ""
    },
    "isPrivate": false,
    "ignore": false,
    "code": "ctxType: 'ctx.siebel'\n\t};\n\tvar _mainPages = {};"
  },
  {
    "tags": [
      {
        "type": "ignore",
        "string": ""
      },
      {
        "type": "method",
        "string": "initPage"
      },
      {
        "type": "param",
        "types": [
          "ctx.page"
        ],
        "name": "pg",
        "description": "page to be initialized",
        "optional": false
      },
      {
        "type": "return",
        "types": [
          "boolean"
        ],
        "description": "result true|false"
      }
    ],
    "description": {
      "full": "initializes a page",
      "summary": "initializes a page",
      "body": ""
    },
    "isPrivate": false,
    "ignore": false,
    "code": "var _initPage = function(pg) {\n\t\tif (pg instanceof ctx.page && (!ctx.isEmpty(pg.customMethods))) {\n\t\t\t// Inject custom methods at LOAD time\n\t\t\tpg.on(e.event.page.LOAD, function(ev) {\n\t\t\t\tvar arr = [];\n\t\t\t\tfor (var i in ev.page.customMethods) { arr.push(ev.page.customMethods[i]); }\n\t\t\t\tev.page.injectFunction.apply(ev.page, arr);\n\t\t\t});\n\t\t} \n\t\treturn true;\n\t}",
    "ctx": {
      "type": "function",
      "name": "_initPage",
      "string": "_initPage()"
    }
  },
  {
    "tags": [
      {
        "type": "description",
        "string": "__Ex.:__\n<code javascript>\nGLOBAL.events.START.on(function(ev) {\n  ...\n  // initialize Siebel application and main page \n  ctx.siebel.initApplication(Siebel.pMain);\n  ...\n});\n</code>"
      },
      {
        "type": "method",
        "string": "initApplication"
      },
      {
        "type": "path",
        "string": "ctx.siebel.initApplication"
      },
      {
        "type": "param",
        "types": [
          "ctx.page"
        ],
        "name": "mainPage",
        "description": "application main page (main frame)",
        "optional": false
      },
      {
        "type": "return",
        "types": [
          "boolean"
        ],
        "description": "result true|false"
      }
    ],
    "description": {
      "full": "initializes an application",
      "summary": "initializes an application",
      "body": ""
    },
    "isPrivate": false,
    "ignore": false,
    "code": "_siebel.initApplication = function(mainPage) {\n\t\t\n\t\tif (mainPage && (mainPage instanceof ctx.page)) {\n\t\t\tvar app = mainPage.parent;\n\t\t\t// memorize application\n\t\t\t_mainPages[app.name] = mainPage;\n\t\t\tfor (var pgId in app.pages) {\n\t\t\t\tvar pg = app.pages[pgId];\n\t\t\t\t_initPage(pg);\n\t\t\t}\n\t\t} else\n\t\t\tthrow new Error('siebel.initApplication: invalid page');\n\t\treturn true;\n\t}",
    "ctx": {
      "type": "method",
      "receiver": "_siebel",
      "name": "initApplication",
      "string": "_siebel.initApplication()"
    }
  },
  {
    "tags": [
      {
        "type": "description",
        "string": "This function is required to initialize Siebel page name, used to navigate to this page (''ctx.siebel.navigateView'')\n\nFor more details, refer to training: [[:training:interactive3:course:siebel|Managing Siebel application]]. \n\n__Ex.:__\n<code javascript>\nGLOBAL.events.START.on(function(ev) {\n  // *** Siebel page declarations ***\n  ctx.siebel.setViewName(Siebel.pMyAccounts, 'Account%20List%20View');\n  ctx.siebel.setViewName(Siebel.pHomePage, 'Home%20Page%20View%20(WCC)');\n  ...\n});\n</code>"
      },
      {
        "type": "method",
        "string": "setViewName"
      },
      {
        "type": "path",
        "string": "ctx.siebel.setViewName"
      },
      {
        "type": "param",
        "types": [
          "ctx.page"
        ],
        "name": "pg",
        "description": "declared page",
        "optional": false
      },
      {
        "type": "param",
        "types": [
          "string"
        ],
        "name": "viewName",
        "description": "view name",
        "optional": false
      },
      {
        "type": "return",
        "types": [
          "boolean"
        ],
        "description": "result true|false"
      }
    ],
    "description": {
      "full": "Sets the Siebel view name associated with a page",
      "summary": "Sets the Siebel view name associated with a page",
      "body": ""
    },
    "isPrivate": false,
    "ignore": false,
    "code": "_siebel.setViewName = function(pg, viewName) {\n\t\tif ((pg instanceof ctx.page) && viewName) {\n\t\t\tpg.data.view = viewName;\n\t\t\treturn true;\n\t\t}\n\t\treturn false;\n\t}",
    "ctx": {
      "type": "method",
      "receiver": "_siebel",
      "name": "setViewName",
      "string": "_siebel.setViewName()"
    }
  },
  {
    "tags": [
      {
        "type": "description",
        "string": "__Remark:__ view name should have been previously initialized using ''ctx.siebel.setViewName'' method\n\n__Ex.:__\n<code javascript>\n// navigate to 'Siebel.pMyContacts'\nctx.siebel.navigateView(Siebel.pMyContacts);\nSiebel.pMyContacts.wait(function(ev) {\n  ...\n});\t\t\n</code>"
      },
      {
        "type": "method",
        "string": "navigateView"
      },
      {
        "type": "path",
        "string": "ctx.siebel.navigateView"
      },
      {
        "type": "param",
        "types": [
          "ctx.page"
        ],
        "name": "targetPage",
        "description": "page to navigate to",
        "optional": false
      },
      {
        "type": "return",
        "types": [
          "boolean"
        ],
        "description": "result true|false"
      }
    ],
    "description": {
      "full": "Triggers a navigation to a Siebel page",
      "summary": "Triggers a navigation to a Siebel page",
      "body": ""
    },
    "isPrivate": false,
    "ignore": false,
    "code": "_siebel.navigateView = function(targetPage) {\n\t\tvar tabPage = (targetPage && targetPage.parent ? _mainPages[targetPage.parent.name] : null);\n\t\tif (tabPage && targetPage && (tabPage instanceof ctx.page) && (targetPage instanceof ctx.page)) {\n\t\t\tif (tabPage.exist() && targetPage.data.view) {\n\t\t\t\t// tabPage.activate();\n\t\t\t\ttabPage.execScript('SWEPersonalizationGotoview(\"' + targetPage.data.view + '\", null);');\n\t\t\t\treturn true;\n\t\t\t}\n\t\t}\n\t\tthrow new Error('siebel.navigateView: invalid view name: ' + (targetPage ? targetPage.name : '?'));\n\t\t// return false;\n\t}\n\n\treturn _siebel;\n})();",
    "ctx": {
      "type": "method",
      "receiver": "_siebel",
      "name": "navigateView",
      "string": "_siebel.navigateView()"
    }
  },
  {
    "tags": [
      {
        "type": "ignore",
        "string": ""
      },
      {
        "type": "class",
        "string": "siebel"
      },
      {
        "type": "path",
        "string": "e.siebel"
      },
      {
        "type": "readonly",
        "string": ""
      }
    ],
    "description": {
      "full": "Enumerations and constants for Siebel",
      "summary": "Enumerations and constants for Siebel",
      "body": ""
    },
    "isPrivate": false,
    "ignore": false,
    "code": "e.siebel = {}",
    "ctx": {
      "type": "property",
      "receiver": "e",
      "name": "siebel",
      "value": "{}",
      "string": "e.siebel"
    }
  },
  {
    "tags": [
      {
        "type": "class",
        "string": "siebel.edit"
      },
      {
        "type": "path",
        "string": "e.siebel.edit"
      },
      {
        "type": "readonly",
        "string": ""
      }
    ],
    "description": {
      "full": "Siebel EditBox ActiveX",
      "summary": "Siebel EditBox ActiveX",
      "body": ""
    },
    "isPrivate": false,
    "ignore": false,
    "code": "e.siebel.edit = {}"
  },
  {
    "tags": [
      {
        "type": "enumeration",
        "string": "e.siebel.edit.type"
      },
      {
        "type": "enum",
        "types": [
          "string"
        ]
      },
      {
        "type": "path",
        "string": "e.siebel.edit.type"
      },
      {
        "type": "var",
        "string": "Edit Edit box"
      },
      {
        "type": "var",
        "string": "Combo Combo box"
      },
      {
        "type": "readonly",
        "string": ""
      }
    ],
    "description": {
      "full": "Edit box type",
      "summary": "Edit box type",
      "body": ""
    },
    "isPrivate": false,
    "ignore": false,
    "code": "e.siebel.edit.type = {\n\tEdit : 'text',\n\tCombo : 'combo'\n}"
  },
  {
    "tags": [
      {
        "type": "ignore",
        "string": ""
      },
      {
        "type": "class",
        "string": "ctx.customItems.siebel"
      },
      {
        "type": "path",
        "string": "ctx.customItems.siebel"
      }
    ],
    "description": {
      "full": "Custom Types for Siebel ActiveX objects ",
      "summary": "Custom Types for Siebel ActiveX objects ",
      "body": ""
    },
    "isPrivate": false,
    "ignore": false,
    "code": "ctx.customItems.siebel = {};"
  },
  {
    "tags": [
      {
        "type": "ignore",
        "string": ""
      },
      {
        "type": "class",
        "string": "ctx.customItems.siebel.edit"
      },
      {
        "type": "path",
        "string": "ctx.customItems.siebel.edit"
      },
      {
        "type": "constructor",
        "string": ""
      }
    ],
    "description": {
      "full": "Siebel EditBox ActiveX ",
      "summary": "Siebel EditBox ActiveX ",
      "body": ""
    },
    "isPrivate": false,
    "ignore": false,
    "code": "ctx.customItems.siebel.edit = function(item) {\n\n\t// *****************************************\n\t// *** define externs for Siebel ActiveX ***\n\t// *****************************************",
    "ctx": {
      "type": "method",
      "receiver": "ctx.customItems.siebel",
      "name": "edit",
      "string": "ctx.customItems.siebel.edit()"
    }
  },
  {
    "tags": [
      {
        "type": "ignore",
        "string": "Siebel EditBox ActiveX "
      },
      {
        "type": "constructor",
        "string": ""
      }
    ],
    "description": {
      "full": "",
      "summary": "",
      "body": ""
    },
    "isPrivate": false,
    "ignore": false,
    "code": "var SiebelEditActiveX = function() {\n\t\tthis.SetFocus = function(bFocus) {}\n\t};\n\n\t// ************************************************\n\t// *** define custom methods for Siebel ActiveX ***\n\t// ************************************************",
    "ctx": {
      "type": "function",
      "name": "SiebelEditActiveX",
      "string": "SiebelEditActiveX()"
    }
  },
  {
    "tags": [
      {
        "type": "ignore",
        "string": ""
      },
      {
        "type": "method",
        "string": "siebelEditGetValue"
      },
      {
        "type": "param",
        "types": [
          "SiebelEditActiveX"
        ],
        "name": "element",
        "description": "DOM element",
        "optional": false
      },
      {
        "type": "return",
        "types": [
          "string"
        ],
        "description": "value"
      }
    ],
    "description": {
      "full": "",
      "summary": "",
      "body": ""
    },
    "isPrivate": false,
    "ignore": false,
    "code": "function siebelEditGetValue( element ) { return element.value; }",
    "ctx": {
      "type": "function",
      "name": "siebelEditGetValue",
      "string": "siebelEditGetValue()"
    }
  },
  {
    "tags": [
      {
        "type": "ignore",
        "string": ""
      },
      {
        "type": "method",
        "string": "siebelEditSetValue"
      },
      {
        "type": "param",
        "types": [
          "SiebelEditActiveX"
        ],
        "name": "element",
        "description": "DOM element",
        "optional": false
      },
      {
        "type": "param",
        "types": [
          "string"
        ],
        "name": "value",
        "description": "value to be set",
        "optional": false
      }
    ],
    "description": {
      "full": "",
      "summary": "",
      "body": ""
    },
    "isPrivate": false,
    "ignore": false,
    "code": "function siebelEditSetValue( element, value ) { \n\t\telement.SetFocus(true); \n\t\telement.value = value; \n\t\telement.SetFocus(false);  \n\t}\n\t\n\t// *********************************************\n\t// *** Add custom methods to the parent page ***\n\t// *********************************************\n\titem.parent.customMethods.siebelEditGetValue = siebelEditGetValue;\n\titem.parent.customMethods.siebelEditSetValue = siebelEditSetValue;\n\t\n\t// ****************************\n\t// *** Add technical events ***\n\t// ****************************\n\titem.addEvent(e.event.item.SETFOCUS, e.event.item.KILLFOCUS, e.event.item.COMMAND);",
    "ctx": {
      "type": "function",
      "name": "siebelEditSetValue",
      "string": "siebelEditSetValue()"
    }
  },
  {
    "tags": [
      {
        "type": "description",
        "string": "__Ex.:__\n<code javascript>\nvar name Siebel.pMyContacts.edName.get();\n</code>"
      },
      {
        "type": "method",
        "string": "get"
      },
      {
        "type": "path",
        "string": "ctx.customItems.siebel.edit.get"
      },
      {
        "type": "param",
        "types": [
          "boolean"
        ],
        "name": "[testExist]",
        "description": "if true, test existence before reading value",
        "optional": true
      },
      {
        "type": "return",
        "types": [
          "string"
        ],
        "description": "result read value"
      }
    ],
    "description": {
      "full": "Gets item value",
      "summary": "Gets item value",
      "body": ""
    },
    "isPrivate": false,
    "ignore": false,
    "code": "item.get = function(testExist) {\n\t\treturn item.execScript('siebelEditGetValue');\n\t};",
    "ctx": {
      "type": "method",
      "receiver": "item",
      "name": "get",
      "string": "item.get()"
    }
  },
  {
    "tags": [
      {
        "type": "description",
        "string": "__Ex.:__\n<code javascript>\nSiebel.pMyContacts.edName.set('Smith');\n</code>"
      },
      {
        "type": "method",
        "string": "set"
      },
      {
        "type": "path",
        "string": "ctx.customItems.siebel.edit.set"
      },
      {
        "type": "param",
        "types": [
          "string"
        ],
        "name": "value",
        "description": "value to be set",
        "optional": false
      },
      {
        "type": "param",
        "types": [
          "boolean"
        ],
        "name": "[testExist]",
        "description": "if true, test existence before reading value",
        "optional": true
      },
      {
        "type": "return",
        "types": [
          "string"
        ],
        "description": "action result"
      }
    ],
    "description": {
      "full": "Sets item value",
      "summary": "Sets item value",
      "body": ""
    },
    "isPrivate": false,
    "ignore": false,
    "code": "item.set = function(value, testExist) {\n\t\treturn item.execScript('siebelEditSetValue', value);\n\t};",
    "ctx": {
      "type": "method",
      "receiver": "item",
      "name": "set",
      "string": "item.set()"
    }
  },
  {
    "tags": [
      {
        "type": "description",
        "string": "__Ex.:__\n<code javascript>\nvar type = Siebel.pMyContacts.edName.getControlType(); // type = e.siebel.edit.type.Edit\n</code>"
      },
      {
        "type": "method",
        "string": "getControlType"
      },
      {
        "type": "path",
        "string": "ctx.customItems.siebel.edit.getControlType"
      },
      {
        "type": "return",
        "types": [
          "e.siebel.edit.type"
        ],
        "description": "action result"
      }
    ],
    "description": {
      "full": "Gets control type",
      "summary": "Gets control type",
      "body": ""
    },
    "isPrivate": false,
    "ignore": false,
    "code": "item.getControlType = function() {\n\t\treturn item.scriptItem('ControlType');\n\t};",
    "ctx": {
      "type": "method",
      "receiver": "item",
      "name": "getControlType",
      "string": "item.getControlType()"
    }
  },
  {
    "tags": [
      {
        "type": "description",
        "string": "__Ex.:__\n<code javascript>\nif (Siebel.pMyContacts.edName.hasFocus()) { ... }\n</code>"
      },
      {
        "type": "method",
        "string": "hasFocus"
      },
      {
        "type": "path",
        "string": "ctx.customItems.siebel.edit.hasFocus"
      },
      {
        "type": "return",
        "types": [
          "boolean"
        ],
        "description": "result"
      }
    ],
    "description": {
      "full": "Gets focus state",
      "summary": "Gets focus state",
      "body": ""
    },
    "isPrivate": false,
    "ignore": false,
    "code": "item.hasFocus = function() {\n\t\treturn (item.scriptItem('HasFocus()') ? true : false);\n\t};",
    "ctx": {
      "type": "method",
      "receiver": "item",
      "name": "hasFocus",
      "string": "item.hasFocus()"
    }
  },
  {
    "tags": [
      {
        "type": "description",
        "string": "__Ex.:__\n<code javascript>\nif (Siebel.pMyContacts.edName.hasFocus()) { ... }\n</code>"
      },
      {
        "type": "method",
        "string": "setFocus"
      },
      {
        "type": "path",
        "string": "ctx.customItems.siebel.edit.setFocus"
      },
      {
        "type": "param",
        "types": [
          "boolean"
        ],
        "name": "[bFocus]",
        "description": "focus state",
        "optional": true
      }
    ],
    "description": {
      "full": "Sets focus state",
      "summary": "Sets focus state",
      "body": ""
    },
    "isPrivate": false,
    "ignore": false,
    "code": "item.setFocus = function(bFocus) {\n\t\tif (typeof bFocus === 'undefined') { bFocus = true; }\n\t\treturn item.scriptItem('SetFocus', (bFocus ? 1 : 0));\n\t};",
    "ctx": {
      "type": "method",
      "receiver": "item",
      "name": "setFocus",
      "string": "item.setFocus()"
    }
  },
  {
    "tags": [
      {
        "type": "description",
        "string": "__Ex.:__\n<code javascript>\nSiebel.pMyContacts.edAddress.showPopup(true);\n</code>"
      },
      {
        "type": "method",
        "string": "showPopup"
      },
      {
        "type": "path",
        "string": "ctx.customItems.siebel.edit.showPopup"
      },
      {
        "type": "param",
        "types": [
          "boolean"
        ],
        "name": "[bShow]",
        "description": "shows ('true') or hide ('false') the popup (default value is 'true')",
        "optional": true
      }
    ],
    "description": {
      "full": "Displays (if available) or hides (if previously opened) the detailed popup associated with edit object.",
      "summary": "Displays (if available) or hides (if previously opened) the detailed popup associated with edit object.",
      "body": ""
    },
    "isPrivate": false,
    "ignore": false,
    "code": "item.showPopup = function(bShow) {\n\t\tvar res;\n\t\tif (bShow === false)\n\t\t\tres = item.scriptItem('HidePopup()');\n\t\telse\n\t\t\tres = item.scriptItem('ShowPopup()');\n\t\treturn res;\n\t};",
    "ctx": {
      "type": "method",
      "receiver": "item",
      "name": "showPopup",
      "string": "item.showPopup()"
    }
  },
  {
    "tags": [
      {
        "type": "description",
        "string": "__Ex.:__\n<code javascript>\nvar txt = Siebel.pMyContacts.edAddress.getDisplayText();\n</code>"
      },
      {
        "type": "method",
        "string": "getDisplayText"
      },
      {
        "type": "path",
        "string": "ctx.customItems.siebel.edit.getDisplayText"
      },
      {
        "type": "return",
        "types": [
          "string"
        ],
        "description": "displayed text"
      }
    ],
    "description": {
      "full": "Gets the displayed text",
      "summary": "Gets the displayed text",
      "body": ""
    },
    "isPrivate": false,
    "ignore": false,
    "code": "item.getDisplayText = function() {\n\t\treturn item.scriptItem('DisplayText()');\n\t};",
    "ctx": {
      "type": "method",
      "receiver": "item",
      "name": "getDisplayText",
      "string": "item.getDisplayText()"
    }
  },
  {
    "tags": [
      {
        "type": "description",
        "string": "__Ex.:__\n<code javascript>\nSiebel.pMyContacts.edAddress.setDisplayText('address...');\n</code>"
      },
      {
        "type": "method",
        "string": "setDisplayText"
      },
      {
        "type": "path",
        "string": "ctx.customItems.siebel.edit.setDisplayText"
      },
      {
        "type": "param",
        "types": [
          "string"
        ],
        "name": "text",
        "description": "text to be displayed",
        "optional": false
      }
    ],
    "description": {
      "full": "Sets the displayed text",
      "summary": "Sets the displayed text",
      "body": ""
    },
    "isPrivate": false,
    "ignore": false,
    "code": "item.setDisplayText = function(text) {\n\t\treturn item.scriptItem('DisplayText', text);\n\t};",
    "ctx": {
      "type": "method",
      "receiver": "item",
      "name": "setDisplayText",
      "string": "item.setDisplayText()"
    }
  },
  {
    "tags": [
      {
        "type": "description",
        "string": "__Ex.:__\n<code javascript>\nvar txt = Siebel.pMyContacts.edAddress.getComboValues();\n</code>"
      },
      {
        "type": "method",
        "string": "getComboValues"
      },
      {
        "type": "path",
        "string": "ctx.customItems.siebel.edit.getComboValues"
      },
      {
        "type": "return",
        "types": [
          "string"
        ],
        "description": "list of values"
      }
    ],
    "description": {
      "full": "Gets the list of selectable values, for a combo style object",
      "summary": "Gets the list of selectable values, for a combo style object",
      "body": ""
    },
    "isPrivate": false,
    "ignore": false,
    "code": "item.getComboValues = function() {\n\t\treturn item.scriptItem('GetComboValues()');\n\t};\n}",
    "ctx": {
      "type": "method",
      "receiver": "item",
      "name": "getComboValues",
      "string": "item.getComboValues()"
    }
  },
  {
    "tags": [
      {
        "type": "class",
        "string": "siebel.grid"
      },
      {
        "type": "path",
        "string": "e.siebel.grid"
      },
      {
        "type": "readonly",
        "string": ""
      }
    ],
    "description": {
      "full": "Siebel Grid ActiveX",
      "summary": "Siebel Grid ActiveX",
      "body": ""
    },
    "isPrivate": false,
    "ignore": false,
    "code": "e.siebel.grid = {}"
  },
  {
    "tags": [
      {
        "type": "enumeration",
        "string": "e.siebel.grid.attribute"
      },
      {
        "type": "enum",
        "types": [
          "number"
        ]
      },
      {
        "type": "path",
        "string": "e.siebel.grid.attribute"
      },
      {
        "type": "var",
        "string": "Cols column count"
      },
      {
        "type": "var",
        "string": "DisplayRows displayed row count"
      },
      {
        "type": "var",
        "string": "Heading heading"
      },
      {
        "type": "var",
        "string": "Hierarchy hierarchy"
      },
      {
        "type": "var",
        "string": "MultiSelMode multi selection mode"
      },
      {
        "type": "var",
        "string": "Rows row count"
      },
      {
        "type": "var",
        "string": "QueryMode query mode"
      },
      {
        "type": "var",
        "string": "TotalsRow totals row"
      },
      {
        "type": "var",
        "string": "BookmarkRow bookmark row"
      },
      {
        "type": "readonly",
        "string": ""
      }
    ],
    "description": {
      "full": "Siebel Grid attribute type",
      "summary": "Siebel Grid attribute type",
      "body": ""
    },
    "isPrivate": false,
    "ignore": false,
    "code": "e.siebel.grid.attribute = {\n\tCols : 1,\n\tDisplayRows : 2,\n\tHeading : 3,\n\tHierarchy : 4,\n\tMultiSelMode : 5,\n\tRows : 6,\n\tQueryMode : 7,\n\tTotalsRow : 8,\n\tBookmarkRow : 9\n}"
  },
  {
    "tags": [
      {
        "type": "enumeration",
        "string": "e.siebel.grid.event"
      },
      {
        "type": "enum",
        "types": [
          "number"
        ]
      },
      {
        "type": "path",
        "string": "e.siebel.grid.event"
      },
      {
        "type": "var",
        "string": "OnEdit on edit"
      },
      {
        "type": "var",
        "string": "OnEnterKey on enter"
      },
      {
        "type": "var",
        "string": "OnFocus on focus"
      },
      {
        "type": "var",
        "string": "OnLBSelect on list box selection"
      },
      {
        "type": "var",
        "string": "OnTab on tab"
      },
      {
        "type": "var",
        "string": "OnClick on click"
      },
      {
        "type": "var",
        "string": "OnClickLink on click link"
      },
      {
        "type": "var",
        "string": "OnClickSort on click sort column"
      },
      {
        "type": "var",
        "string": "OnDblClickRow on row double click "
      },
      {
        "type": "var",
        "string": "OnCancel on cancel"
      },
      {
        "type": "readonly",
        "string": ""
      }
    ],
    "description": {
      "full": "Event triggered on a Grid object",
      "summary": "Event triggered on a Grid object",
      "body": ""
    },
    "isPrivate": false,
    "ignore": false,
    "code": "e.siebel.grid.event = {\n  OnEdit : 4,\n  OnEnterKey : 5,\n  OnFocus : 6,\n  OnLBSelect : 7,\n  OnTab : 9,\n  OnClick : 11,\n  OnClickLink : 13,\n  OnClickSort : 14,\n  OnDblClickRow : 21,\n  OnCancel : 33\n}"
  },
  {
    "tags": [
      {
        "type": "enumeration",
        "string": "e.siebel.grid.colAttribute"
      },
      {
        "type": "enum",
        "types": [
          "number"
        ]
      },
      {
        "type": "path",
        "string": "e.siebel.grid.colAttribute"
      },
      {
        "type": "var",
        "string": "Highlight highlight"
      },
      {
        "type": "var",
        "string": "Text text"
      },
      {
        "type": "var",
        "string": "InputMethod input method"
      },
      {
        "type": "readonly",
        "string": ""
      }
    ],
    "description": {
      "full": "Siebel Grid column attribute type",
      "summary": "Siebel Grid column attribute type",
      "body": ""
    },
    "isPrivate": false,
    "ignore": false,
    "code": "e.siebel.grid.colAttribute = {\n\tHighlight : 1,\n\tText : 2,\n\tInputMethod : 3\n}"
  },
  {
    "tags": [
      {
        "type": "ignore",
        "string": ""
      },
      {
        "type": "class",
        "string": "ctx.customItems.siebel.grid"
      },
      {
        "type": "path",
        "string": "ctx.customItems.siebel.grid"
      },
      {
        "type": "constructor",
        "string": ""
      }
    ],
    "description": {
      "full": "Siebel Grid ActiveX ",
      "summary": "Siebel Grid ActiveX ",
      "body": ""
    },
    "isPrivate": false,
    "ignore": false,
    "code": "ctx.customItems.siebel.grid = function(item) {\n\n\t// *****************************************\n\t// *** define externs for Siebel ActiveX ***\n\t// *****************************************",
    "ctx": {
      "type": "method",
      "receiver": "ctx.customItems.siebel",
      "name": "grid",
      "string": "ctx.customItems.siebel.grid()"
    }
  },
  {
    "tags": [
      {
        "type": "ignore",
        "string": ""
      },
      {
        "type": "constructor",
        "string": ""
      }
    ],
    "description": {
      "full": "Siebel Grid ActiveX (SSJannaList)",
      "summary": "Siebel Grid ActiveX (SSJannaList)",
      "body": ""
    },
    "isPrivate": false,
    "ignore": false,
    "code": "var SiebelGridActiveX = function() {\n\t\tthis.GetCellValue = function(iRow, iCol) { return '';}\n\t\tthis.GetAttribute = function(iRow) { return 0; }\n\t\t//this.SetCellValue = function(iRow, iCol, value) { }\n\t\tthis.ActiveRow = function() { return 0;}\n\t};\n\n\t// ************************************************\n\t// *** define custom methods for Siebel ActiveX ***\n\t// ************************************************",
    "ctx": {
      "type": "function",
      "name": "SiebelGridActiveX",
      "string": "SiebelGridActiveX()"
    }
  },
  {
    "tags": [
      {
        "type": "ignore",
        "string": ""
      },
      {
        "type": "method",
        "string": "siebelGridGetValue"
      },
      {
        "type": "path",
        "string": "siebelEditGetValue"
      },
      {
        "type": "param",
        "types": [
          "SiebelGridActiveX"
        ],
        "name": "element",
        "description": "",
        "optional": false
      },
      {
        "type": "param",
        "types": [
          "number"
        ],
        "name": "[iRow]",
        "description": "row index",
        "optional": true
      },
      {
        "type": "param",
        "types": [
          "number"
        ],
        "name": "[iCol]",
        "description": "column index",
        "optional": true
      },
      {
        "type": "return",
        "types": [
          "string"
        ],
        "description": "read value"
      }
    ],
    "description": {
      "full": "",
      "summary": "",
      "body": ""
    },
    "isPrivate": false,
    "ignore": false,
    "code": "function siebelGridGetValue( element, iRow, iCol ) { \n\t\tiRow = iRow || 1;\n\t\tiCol = iCol || 1;\n\t\treturn element.GetCellValue(iRow, iCol);\n\t}",
    "ctx": {
      "type": "function",
      "name": "siebelGridGetValue",
      "string": "siebelGridGetValue()"
    }
  },
  {
    "tags": [
      {
        "type": "ignore",
        "string": ""
      },
      {
        "type": "method",
        "string": "siebelGridGetAllValues"
      },
      {
        "type": "path",
        "string": "siebelGridGetAllValues"
      },
      {
        "type": "param",
        "types": [
          "SiebelGridActiveX"
        ],
        "name": "element",
        "description": "DOM element",
        "optional": false
      }
    ],
    "description": {
      "full": "",
      "summary": "",
      "body": ""
    },
    "isPrivate": false,
    "ignore": false,
    "code": "function siebelGridGetAllValues( element ) { \n\t\tvar str = \"{\"; \n\t\tvar iRow = 1;\t\n\t\ttry {\t\n\t\t\tvar iColCount = element.GetAttribute( 1 ); \n\t\t\tvar iActiveRow = element.ActiveRow; \n\t\t\tstr += \"\\\"colCount\\\": \" + iColCount + \", \";\t\n\t\t\tstr += \"\\\"activeRow\\\": \" + iActiveRow + \", \";\t\n\t\t\tstr += \"\\\"cells\\\": [\";\t\n\t\t\tvar bFirstRow = true;\t\n\t\t\twhile ( true ) { \n\t\t\t\tvar bFirstCol = true;\t\n\t\t\t\tfor ( var iCol = 1; iCol <= iColCount; ++iCol ) {\t\n\t\t\t\t\tvar val  = element.GetCellValue(iRow, iCol); \n\t\t\t\t\tif (bFirstRow) { bFirstRow = false; } else { if (bFirstCol) { str += \", \"; } }\t\n\t\t\t\t\tif (bFirstCol) { bFirstCol = false; str += \"[\"; } else { str += \", \"; }\t\n\t\t\t\t\tstr += \"\\\"\" + val + \"\\\"\";\t\n\t\t\t\t} \n\t\t\t\tstr += \"]\";\t\n\t\t\t\tiRow ++;\t\n\t\t\t} \n\t\t} catch ( e ) { \n\t\t}\t\n\t\tstr += \"]\";\t\n\t\tstr += \"}\";\t\n\t\treturn str;\t\n\t}\n\n\t// *********************************************\n\t// *** Add custom methods to the parent page ***\n\t// *********************************************\n\titem.parent.customMethods.siebelGridGetAllValues = siebelGridGetAllValues;\n\titem.parent.customMethods.siebelGridGetValue = siebelGridGetValue;\n\n\t// ****************************\n\t// *** Add technical events ***\n\t// ****************************\n\titem.addEvent(e.event.item.SETFOCUS, e.event.item.KILLFOCUS, e.event.item.COMMAND);",
    "ctx": {
      "type": "function",
      "name": "siebelGridGetAllValues",
      "string": "siebelGridGetAllValues()"
    }
  },
  {
    "tags": [
      {
        "type": "description",
        "string": "__Ex.:__\n<code javascript>\ndata.mobile = Siebel.pMyContacts.oContactList.get(0, 1);\n</code>"
      },
      {
        "type": "method",
        "string": "get"
      },
      {
        "type": "path",
        "string": "ctx.customItems.siebel.grid.get"
      },
      {
        "type": "param",
        "types": [
          "number"
        ],
        "name": "[iRow]",
        "description": "row index (by default, index = 1)",
        "optional": true
      },
      {
        "type": "param",
        "types": [
          "number"
        ],
        "name": "[iCol]",
        "description": "column index (by default, index = 1)",
        "optional": true
      },
      {
        "type": "return",
        "types": [
          "string"
        ],
        "description": "read value"
      }
    ],
    "description": {
      "full": "Gets item value in a given cell",
      "summary": "Gets item value in a given cell",
      "body": ""
    },
    "isPrivate": false,
    "ignore": false,
    "code": "item.get = function(iRow, iCol) {\n\t\tiRow = iRow || 1;\n\t\tiCol = iCol || 1;\n\t\treturn item.scriptItem('GetCellValue', iRow, iCol);\t\t\n\t};",
    "ctx": {
      "type": "method",
      "receiver": "item",
      "name": "get",
      "string": "item.get()"
    }
  },
  {
    "tags": [
      {
        "type": "description",
        "string": "__Ex.:__\n<code javascript>\ndata.mobile = Siebel.pMyContacts.oContactList.getCellEditValue(0, 1);\n</code>"
      },
      {
        "type": "method",
        "string": "getCellEditValue"
      },
      {
        "type": "path",
        "string": "ctx.customItems.siebel.grid.getCellEditValue"
      },
      {
        "type": "param",
        "types": [
          "number"
        ],
        "name": "[iRow]",
        "description": "row index (by default, index = 1)",
        "optional": true
      },
      {
        "type": "param",
        "types": [
          "number"
        ],
        "name": "[iCol]",
        "description": "column index (by default, index = 1)",
        "optional": true
      },
      {
        "type": "return",
        "types": [
          "string"
        ],
        "description": "read value"
      }
    ],
    "description": {
      "full": "Gets the item editable value in a given cell",
      "summary": "Gets the item editable value in a given cell",
      "body": ""
    },
    "isPrivate": false,
    "ignore": false,
    "code": "item.getCellEditValue = function(iRow, iCol) {\n\t\tiRow = iRow || 1;\n\t\tiCol = iCol || 1;\n\t\treturn item.scriptItem('GetCellEditValue', iRow, iCol);\t\t\n\t};",
    "ctx": {
      "type": "method",
      "receiver": "item",
      "name": "getCellEditValue",
      "string": "item.getCellEditValue()"
    }
  },
  {
    "tags": [
      {
        "type": "description",
        "string": "__Ex.:__\n<code javascript>\ndata.tab = Siebel.pContact.grid.getAll();\n</code>"
      },
      {
        "type": "method",
        "string": "getAll"
      },
      {
        "type": "path",
        "string": "ctx.customItems.siebel.grid.getAll"
      },
      {
        "type": "return",
        "types": [
          "*"
        ],
        "description": "read value as an array"
      }
    ],
    "description": {
      "full": "Gets the content of a Grid in an array of values.",
      "summary": "Gets the content of a Grid in an array of values.",
      "body": ""
    },
    "isPrivate": false,
    "ignore": false,
    "code": "item.getAll = function() {\n\t\tvar txt = item.execScript('siebelGridGetAllValues');\n\t\treturn ctx.unserialize(txt, true);\n\t};",
    "ctx": {
      "type": "method",
      "receiver": "item",
      "name": "getAll",
      "string": "item.getAll()"
    }
  },
  {
    "tags": [
      {
        "type": "description",
        "string": "__Ex.:__\n<code javascript>\nSiebel.pContact.grid.set(data.mobile, 0, 1);\n</code>"
      },
      {
        "type": "method",
        "string": "set"
      },
      {
        "type": "path",
        "string": "ctx.customItems.siebel.grid.set"
      },
      {
        "type": "param",
        "types": [
          "string"
        ],
        "name": "value",
        "description": "value to be set",
        "optional": false
      },
      {
        "type": "param",
        "types": [
          "number"
        ],
        "name": "[iRow]",
        "description": "row index",
        "optional": true
      },
      {
        "type": "param",
        "types": [
          "number"
        ],
        "name": "[iCol]",
        "description": "column index",
        "optional": true
      },
      {
        "type": "param",
        "types": [
          "boolean"
        ],
        "name": "[isLink]",
        "description": "true if HTML link",
        "optional": true
      },
      {
        "type": "param",
        "types": [
          "*"
        ],
        "name": "[editValue]",
        "description": "tbc",
        "optional": true
      },
      {
        "type": "param",
        "types": [
          "string"
        ],
        "name": "[waterMark]",
        "description": "tbc",
        "optional": true
      },
      {
        "type": "return",
        "types": [
          "string"
        ],
        "description": "action result"
      }
    ],
    "description": {
      "full": "Sets item value, for a given cell",
      "summary": "Sets item value, for a given cell",
      "body": ""
    },
    "isPrivate": false,
    "ignore": false,
    "code": "item.set = function(value, iRow, iCol, isLink, editValue, waterMark) {\n\t\tiRow = iRow || 0;\n\t\tiCol = iCol || 0;\n\t\treturn item.scriptItem('SetCellValue', iRow, iCol, value, editValue, waterMark);\n\t};",
    "ctx": {
      "type": "method",
      "receiver": "item",
      "name": "set",
      "string": "item.set()"
    }
  },
  {
    "tags": [
      {
        "type": "description",
        "string": "__Ex.:__\n<code javascript>\nSiebel.pContact.grid.set(data.mobile, 0, 1);\n</code>"
      },
      {
        "type": "method",
        "string": "setCellHTML"
      },
      {
        "type": "path",
        "string": "ctx.customItems.siebel.grid.setCellHTML"
      },
      {
        "type": "param",
        "types": [
          "string"
        ],
        "name": "value",
        "description": "HTML value to be set",
        "optional": false
      },
      {
        "type": "param",
        "types": [
          "number"
        ],
        "name": "[iRow]",
        "description": "row index",
        "optional": true
      },
      {
        "type": "param",
        "types": [
          "number"
        ],
        "name": "[iCol]",
        "description": "column index",
        "optional": true
      },
      {
        "type": "return",
        "types": [
          "string"
        ],
        "description": "result"
      }
    ],
    "description": {
      "full": "Sets item html value, for a given cell",
      "summary": "Sets item html value, for a given cell",
      "body": ""
    },
    "isPrivate": false,
    "ignore": false,
    "code": "item.setCellHTML = function(value, iRow, iCol) {\n\t\tiRow = iRow || 0;\n\t\tiCol = iCol || 0;\n\t\treturn item.scriptItem('SetCellHTML', iRow, iCol, value);\n\t};",
    "ctx": {
      "type": "method",
      "receiver": "item",
      "name": "setCellHTML",
      "string": "item.setCellHTML()"
    }
  },
  {
    "tags": [
      {
        "type": "description",
        "string": "__Ex.:__\n<code javascript>\nSiebel.pContact.grid.getAttibute(e.siebel.grid.attribute.Rows);\n</code>"
      },
      {
        "type": "method",
        "string": "getAttibute"
      },
      {
        "type": "path",
        "string": "ctx.customItems.siebel.grid.getAttibute"
      },
      {
        "type": "param",
        "types": [
          "e.siebel.grid.attribute"
        ],
        "name": "type",
        "description": "attribute type",
        "optional": false
      },
      {
        "type": "return",
        "types": [
          "*"
        ],
        "description": "attribute value"
      }
    ],
    "description": {
      "full": "Gets the value of a given attribute",
      "summary": "Gets the value of a given attribute",
      "body": ""
    },
    "isPrivate": false,
    "ignore": false,
    "code": "item.getAttibute = function(type) {\n\t\treturn item.scriptItem('GetAttribute', type);\n\t};",
    "ctx": {
      "type": "method",
      "receiver": "item",
      "name": "getAttibute",
      "string": "item.getAttibute()"
    }
  },
  {
    "tags": [
      {
        "type": "description",
        "string": "__Ex.:__\n<code javascript>\nvar txt = Siebel.pContact.grid.getColAttribute(e.siebel.grid.colAttribute.Text, 3);\n</code>"
      },
      {
        "type": "method",
        "string": "getColAttribute"
      },
      {
        "type": "path",
        "string": "ctx.customItems.siebel.grid.getColAttribute"
      },
      {
        "type": "param",
        "types": [
          "e.siebel.grid.colAttribute"
        ],
        "name": "type",
        "description": "column attribute type",
        "optional": false
      },
      {
        "type": "param",
        "types": [
          "number"
        ],
        "name": "iCol",
        "description": "column index (starting from '1')",
        "optional": false
      },
      {
        "type": "return",
        "types": [
          "*"
        ],
        "description": "attribute value"
      }
    ],
    "description": {
      "full": "Gets the value of a given column attribute",
      "summary": "Gets the value of a given column attribute",
      "body": ""
    },
    "isPrivate": false,
    "ignore": false,
    "code": "item.getColAttribute = function(type, iCol) {\n\t\treturn item.scriptItem('GetColAttribute', type, iCol);\n\t};",
    "ctx": {
      "type": "method",
      "receiver": "item",
      "name": "getColAttribute",
      "string": "item.getColAttribute()"
    }
  },
  {
    "tags": [
      {
        "type": "description",
        "string": "__Ex.:__\n<code javascript>\nSiebel.pMyContacts.oGrid.getColWidth(3);\n</code>"
      },
      {
        "type": "method",
        "string": "getColWidth"
      },
      {
        "type": "path",
        "string": "ctx.customItems.siebel.grid.getColWidth"
      },
      {
        "type": "param",
        "types": [
          "number"
        ],
        "name": "iCol",
        "description": "column index (starting from '1')",
        "optional": false
      },
      {
        "type": "return",
        "types": [
          "string"
        ],
        "description": "action result"
      }
    ],
    "description": {
      "full": "Gets column width",
      "summary": "Gets column width",
      "body": ""
    },
    "isPrivate": false,
    "ignore": false,
    "code": "item.getColWidth = function(iCol) {\n\t\treturn item.scriptItem('GetColumnWidth', iCol);\n\t};",
    "ctx": {
      "type": "method",
      "receiver": "item",
      "name": "getColWidth",
      "string": "item.getColWidth()"
    }
  },
  {
    "tags": [
      {
        "type": "description",
        "string": "__Ex.:__\n<code javascript>\nSiebel.pMyContacts.oGrid.setSortState(3, 'TBC');\n</code>"
      },
      {
        "type": "method",
        "string": "setSortState"
      },
      {
        "type": "path",
        "string": "ctx.customItems.siebel.grid.setSortState"
      },
      {
        "type": "param",
        "types": [
          "number"
        ],
        "name": "iCol",
        "description": "column index (starting from '1')",
        "optional": false
      },
      {
        "type": "param",
        "types": [
          "string"
        ],
        "name": "state",
        "description": "sort state",
        "optional": false
      },
      {
        "type": "return",
        "types": [
          "string"
        ],
        "description": "action result"
      }
    ],
    "description": {
      "full": "Sets sort state",
      "summary": "Sets sort state",
      "body": ""
    },
    "isPrivate": false,
    "ignore": false,
    "code": "item.setSortState = function(iCol, state) {\n\t\treturn item.scriptItem('SetSortState', iCol, state);\n\t};",
    "ctx": {
      "type": "method",
      "receiver": "item",
      "name": "setSortState",
      "string": "item.setSortState()"
    }
  },
  {
    "tags": [
      {
        "type": "description",
        "string": "__Ex.:__\n<code javascript>\nvar iRow = Siebel.pContact.grid.getActiveRow();\n</code>"
      },
      {
        "type": "method",
        "string": "getActiveRow"
      },
      {
        "type": "path",
        "string": "ctx.customItems.siebel.grid.getActiveRow"
      },
      {
        "type": "return",
        "types": [
          "number"
        ],
        "description": "row index (starting from '1')"
      }
    ],
    "description": {
      "full": "Gets the active row index",
      "summary": "Gets the active row index",
      "body": ""
    },
    "isPrivate": false,
    "ignore": false,
    "code": "item.getActiveRow = function() {\n\t\treturn item.scriptItem('ActiveRow');\n\t};",
    "ctx": {
      "type": "method",
      "receiver": "item",
      "name": "getActiveRow",
      "string": "item.getActiveRow()"
    }
  },
  {
    "tags": [
      {
        "type": "description",
        "string": "__Ex.:__\n<code javascript>\nSiebel.pContact.grid.setActiveRow(3);\n</code>"
      },
      {
        "type": "method",
        "string": "setActiveRow"
      },
      {
        "type": "path",
        "string": "ctx.customItems.siebel.grid.setActiveRow"
      },
      {
        "type": "param",
        "types": [
          "number"
        ],
        "name": "iRow",
        "description": "row index (starting from '1')",
        "optional": false
      },
      {
        "type": "return",
        "types": [
          "string"
        ],
        "description": "result"
      }
    ],
    "description": {
      "full": "Sets the active row index",
      "summary": "Sets the active row index",
      "body": ""
    },
    "isPrivate": false,
    "ignore": false,
    "code": "item.setActiveRow = function(iRow) {\n\t\tiRow = iRow || 1;\n\t\titem.scriptItem('HasFocus=1');\n\t\tvar res = item.scriptItem('ActiveRow=' + iRow);\n\t\titem.scriptItem('HasFocus=0');\n\t\treturn res;\n\t};",
    "ctx": {
      "type": "method",
      "receiver": "item",
      "name": "setActiveRow",
      "string": "item.setActiveRow()"
    }
  },
  {
    "tags": [
      {
        "type": "description",
        "string": "__Ex.:__\n<code javascript>\nSiebel.pContact.grid.setActiveRowFromValue('Smith', 3);\n</code>"
      },
      {
        "type": "method",
        "string": "setActiveRowFromValue"
      },
      {
        "type": "path",
        "string": "ctx.customItems.siebel.grid.setActiveRowFromValue"
      },
      {
        "type": "param",
        "types": [
          "string"
        ],
        "name": "value",
        "description": "value to be search",
        "optional": false
      },
      {
        "type": "param",
        "types": [
          "number"
        ],
        "name": "iCol",
        "description": "column index (starting from '1')",
        "optional": false
      },
      {
        "type": "return",
        "types": [
          "number"
        ],
        "description": "selected row index (starting from '1') if found, or 0 if failed"
      }
    ],
    "description": {
      "full": "Selects a line by searching a given value in a given column",
      "summary": "Selects a line by searching a given value in a given column",
      "body": ""
    },
    "isPrivate": false,
    "ignore": false,
    "code": "item.setActiveRowFromValue = function(value, iCol) {\n\t\tiCol = iCol || 1;\n\t\tvar list = this.getAll();\n\t\tif (list && (list.cells.length > 0)) {\n\t\t\tfor (var i = 0; i < list.cells.length; i ++) {\n\t\t\t\tif(list.cells[i] && (list.cells[i][iCol - 1] == value)) {\n\t\t\t\t\tthis.setActiveRow(i + 1);\n\t\t\t\t\treturn (i + 1);\n\t\t\t\t\tbreak;\n\t\t\t\t}\n\t\t\t}\n\t\t}\n\t\treturn 0; // not found\n\t};",
    "ctx": {
      "type": "method",
      "receiver": "item",
      "name": "setActiveRowFromValue",
      "string": "item.setActiveRowFromValue()"
    }
  },
  {
    "tags": [
      {
        "type": "description",
        "string": "__Ex.:__\n<code javascript>\nSiebel.pContact.grid.selectableRow(3, );\n</code>"
      },
      {
        "type": "method",
        "string": "selectableRow"
      },
      {
        "type": "path",
        "string": "ctx.customItems.siebel.grid.selectableRow"
      },
      {
        "type": "param",
        "types": [
          "number"
        ],
        "name": "iRow",
        "description": "row index (starting from '1')",
        "optional": false
      },
      {
        "type": "param",
        "types": [
          "boolean"
        ],
        "name": "bSelected",
        "description": "selectable ('true') or not ('false')",
        "optional": false
      },
      {
        "type": "return",
        "types": [
          "string"
        ],
        "description": "result"
      }
    ],
    "description": {
      "full": "Sets the selectable state of a row",
      "summary": "Sets the selectable state of a row",
      "body": ""
    },
    "isPrivate": false,
    "ignore": false,
    "code": "item.selectableRow = function(iRow, bSelected) {\n\t\tiRow = iRow || 1;\n\t\treturn item.scriptItem('SelectRow', iRow, (bSelected ? 1 : 0));\n\t};",
    "ctx": {
      "type": "method",
      "receiver": "item",
      "name": "selectableRow",
      "string": "item.selectableRow()"
    }
  },
  {
    "tags": [
      {
        "type": "description",
        "string": "__Ex.:__\n<code javascript>\nSiebel.pContact.grid.setRowEditable(3, true);\n</code>"
      },
      {
        "type": "method",
        "string": "setRowEditable"
      },
      {
        "type": "path",
        "string": "ctx.customItems.siebel.grid.setRowEditable"
      },
      {
        "type": "param",
        "types": [
          "number"
        ],
        "name": "iRow",
        "description": "row index (starting from '1')",
        "optional": false
      },
      {
        "type": "param",
        "types": [
          "boolean"
        ],
        "name": "bEditable",
        "description": "editable ('true') or read only ('false')",
        "optional": false
      },
      {
        "type": "return",
        "types": [
          "string"
        ],
        "description": "result"
      }
    ],
    "description": {
      "full": "Sets the editable state of a row",
      "summary": "Sets the editable state of a row",
      "body": ""
    },
    "isPrivate": false,
    "ignore": false,
    "code": "item.setRowEditable = function(iRow, bEditable) {\n\t\tiRow = iRow || 1;\n\t\treturn item.scriptItem('SetRowEditable', iRow, (bEditable ? 1 : 0));\n\t};",
    "ctx": {
      "type": "method",
      "receiver": "item",
      "name": "setRowEditable",
      "string": "item.setRowEditable()"
    }
  },
  {
    "tags": [
      {
        "type": "description",
        "string": "__Ex.:__\n<code javascript>\nSiebel.pContact.grid.setActiveCell(3, 4, true);\n</code>"
      },
      {
        "type": "method",
        "string": "setActiveCell"
      },
      {
        "type": "path",
        "string": "ctx.customItems.siebel.grid.setActiveCell"
      },
      {
        "type": "param",
        "types": [
          "number"
        ],
        "name": "iRow",
        "description": "row index (starting from '1')",
        "optional": false
      },
      {
        "type": "param",
        "types": [
          "number"
        ],
        "name": "iCol",
        "description": "column index (starting from '1')",
        "optional": false
      },
      {
        "type": "param",
        "types": [
          "boolean"
        ],
        "name": "[bDoEvents]",
        "description": "TBC",
        "optional": true
      },
      {
        "type": "return",
        "types": [
          "boolean"
        ],
        "description": "result : 'true' if succeeded"
      }
    ],
    "description": {
      "full": "Sets the active cell",
      "summary": "Sets the active cell",
      "body": ""
    },
    "isPrivate": false,
    "ignore": false,
    "code": "item.setActiveCell = function(iRow, iCol, bDoEvents) {\n\t\tiRow = iRow || 1;\n\t\tiCol = iCol || 1;\n\t\treturn item.scriptItem('SetActiveCell', iRow, iCol, (bDoEvents ? 1 : 0));\n\t};",
    "ctx": {
      "type": "method",
      "receiver": "item",
      "name": "setActiveCell",
      "string": "item.setActiveCell()"
    }
  },
  {
    "tags": [
      {
        "type": "description",
        "string": "__Ex.:__\n<code javascript>\nif (Siebel.pMyContacts.oGrid.hasFocus()) { ... }\n</code>"
      },
      {
        "type": "method",
        "string": "hasFocus"
      },
      {
        "type": "path",
        "string": "ctx.customItems.siebel.grid.hasFocus"
      },
      {
        "type": "return",
        "types": [
          "boolean"
        ],
        "description": "result"
      }
    ],
    "description": {
      "full": "Gets focus state",
      "summary": "Gets focus state",
      "body": ""
    },
    "isPrivate": false,
    "ignore": false,
    "code": "item.hasFocus = function() {\n\t\treturn (item.scriptItem('HasFocus') ? true : false);\n\t};",
    "ctx": {
      "type": "method",
      "receiver": "item",
      "name": "hasFocus",
      "string": "item.hasFocus()"
    }
  },
  {
    "tags": [
      {
        "type": "description",
        "string": "__Ex.:__\n<code javascript>\nif (Siebel.pMyContacts.oGrid.setFocus()) { ... }\n</code>"
      },
      {
        "type": "method",
        "string": "setFocus"
      },
      {
        "type": "path",
        "string": "ctx.customItems.siebel.grid.setFocus"
      },
      {
        "type": "param",
        "types": [
          "boolean"
        ],
        "name": "[bFocus]",
        "description": "sets ('true') or resets ('false') focus (default is 'true')",
        "optional": true
      }
    ],
    "description": {
      "full": "Sets focus state",
      "summary": "Sets focus state",
      "body": ""
    },
    "isPrivate": false,
    "ignore": false,
    "code": "item.setFocus = function(bFocus) {\n\t\tif (typeof bFocus === 'undefined') { bFocus = true; }\n\t\treturn item.scriptItem('HasFocus=' + (bFocus ? 1 : 0));\n\t};",
    "ctx": {
      "type": "method",
      "receiver": "item",
      "name": "setFocus",
      "string": "item.setFocus()"
    }
  },
  {
    "tags": [
      {
        "type": "description",
        "string": "__Ex.:__\n<code javascript>\nif (Siebel.pMyContacts.oGrid.setBusyCursor(true)) { ... }\n</code>"
      },
      {
        "type": "method",
        "string": "setBusyCursor"
      },
      {
        "type": "path",
        "string": "ctx.customItems.siebel.grid.setBusyCursor"
      },
      {
        "type": "param",
        "types": [
          "boolean"
        ],
        "name": "[bBusy]",
        "description": "busy state",
        "optional": true
      }
    ],
    "description": {
      "full": "Sets busy cursor",
      "summary": "Sets busy cursor",
      "body": ""
    },
    "isPrivate": false,
    "ignore": false,
    "code": "item.setBusyCursor = function(bBusy) {\n\t\treturn item.scriptItem('SetBusyCursor', (bBusy ? 1 : 0));\n\t};",
    "ctx": {
      "type": "method",
      "receiver": "item",
      "name": "setBusyCursor",
      "string": "item.setBusyCursor()"
    }
  },
  {
    "tags": [
      {
        "type": "description",
        "string": "__Ex.:__\n<code javascript>\nSiebel.pMyContacts.oGrid.notify('...');\n</code>"
      },
      {
        "type": "method",
        "string": "notify"
      },
      {
        "type": "path",
        "string": "ctx.customItems.siebel.grid.notify"
      },
      {
        "type": "param",
        "types": [
          "e.siebel.grid.event"
        ],
        "name": "[event]",
        "description": "event type to be notified",
        "optional": true
      }
    ],
    "description": {
      "full": "Triggers an event in a page",
      "summary": "Triggers an event in a page",
      "body": ""
    },
    "isPrivate": false,
    "ignore": false,
    "code": "item.notify = function(event) {\n\t\treturn item.scriptItem('Notify', event);\n\t};",
    "ctx": {
      "type": "method",
      "receiver": "item",
      "name": "notify",
      "string": "item.notify()"
    }
  },
  {
    "tags": [
      {
        "type": "description",
        "string": "__Ex.:__\n<code javascript>\nSiebel.pMyContacts.oGrid.scrollLeftEdge('...');\n</code>"
      },
      {
        "type": "method",
        "string": "scrollLeftEdge"
      },
      {
        "type": "path",
        "string": "ctx.customItems.siebel.grid.scrollLeftEdge"
      }
    ],
    "description": {
      "full": "Scrolls object to the left",
      "summary": "Scrolls object to the left",
      "body": ""
    },
    "isPrivate": false,
    "ignore": false,
    "code": "item.scrollLeftEdge = function(event) {\n\t\treturn item.scriptItem('ScrollLeftEdge()');\n\t};\n}",
    "ctx": {
      "type": "method",
      "receiver": "item",
      "name": "scrollLeftEdge",
      "string": "item.scrollLeftEdge()"
    }
  },
  {
    "tags": [
      {
        "type": "class",
        "string": "ctx.customItems.siebel.tree"
      },
      {
        "type": "path",
        "string": "ctx.customItems.siebel.tree"
      },
      {
        "type": "constructor",
        "string": ""
      }
    ],
    "description": {
      "full": "Siebel Tree ActiveX ",
      "summary": "Siebel Tree ActiveX ",
      "body": ""
    },
    "isPrivate": false,
    "ignore": false,
    "code": "ctx.customItems.siebel.tree = function(item) {\n\t\n\t// *****************************************\n\t// *** define externs for Siebel ActiveX ***\n\t// *****************************************",
    "ctx": {
      "type": "method",
      "receiver": "ctx.customItems.siebel",
      "name": "tree",
      "string": "ctx.customItems.siebel.tree()"
    }
  },
  {
    "tags": [
      {
        "type": "ignore",
        "string": "Siebel Tree ActiveX "
      },
      {
        "type": "constructor",
        "string": ""
      }
    ],
    "description": {
      "full": "",
      "summary": "",
      "body": ""
    },
    "isPrivate": false,
    "ignore": false,
    "code": "var SiebelTreeActiveX = function() {\n//\t\tthis.ChangeItemText = function(position, text) {}\n//\t\tthis.SelectItem = function(position) {}\n//\t\tthis.ExpandItem = function(bExpand) {}\n//    this.GoUp = function(nLevels) {}\n//    this.GoDown = function(nLevels) {}\n//    this.PositionOnItem = function(position) {}\n//    this.UnselectItem = function(position) {}\n//    this.UnselectAll = function() {}\n//    this.Refresh = function() {}\n//    this.RestoreSelection = function() {}\n\t};\n\n\t// *****************************************************\n\t// *** define custom methods for Siebel Tree ActiveX ***\n\t// *****************************************************",
    "ctx": {
      "type": "function",
      "name": "SiebelTreeActiveX",
      "string": "SiebelTreeActiveX()"
    }
  },
  {
    "tags": [
      {
        "type": "ignore",
        "string": ""
      },
      {
        "type": "method",
        "string": "siebelTreeGetValue"
      },
      {
        "type": "path",
        "string": "siebelTreeGetValue"
      },
      {
        "type": "param",
        "types": [
          "SiebelTreeActiveX"
        ],
        "name": "element",
        "description": "DOM elements",
        "optional": false
      },
      {
        "type": "param",
        "types": [
          "string"
        ],
        "name": "[position]",
        "description": "position in tree",
        "optional": true
      }
    ],
    "description": {
      "full": "",
      "summary": "",
      "body": ""
    },
    "isPrivate": false,
    "ignore": false,
    "code": "function siebelTreeGetValue( element, position ) { \n\t\t// not implemented\n\t\tposition = position || '';\n\t\treturn '';\n\t}\n\t\n\t// *********************************************\n\t// *** Add custom methods to the parent page ***\n\t// *********************************************\n\titem.parent.customMethods.siebelTreeGetValue = siebelTreeGetValue;\n\t\n\t// ****************************\n\t// *** Add technical events ***\n\t// ****************************\n\titem.addEvent(e.event.item.SETFOCUS, e.event.item.KILLFOCUS, e.event.item.COMMAND);",
    "ctx": {
      "type": "function",
      "name": "siebelTreeGetValue",
      "string": "siebelTreeGetValue()"
    }
  },
  {
    "tags": [
      {
        "type": "description",
        "string": "__Ex.:__\n<code javascript>\nSiebel.pServReqExp.oTree.selectItem('Root item');\n</code>"
      },
      {
        "type": "method",
        "string": "changeItemText"
      },
      {
        "type": "path",
        "string": "ctx.customItems.siebel.tree.changeItemText"
      },
      {
        "type": "param",
        "types": [
          "string"
        ],
        "name": "position",
        "description": "position in tree",
        "optional": false
      },
      {
        "type": "param",
        "types": [
          "string"
        ],
        "name": "text",
        "description": "value to be set",
        "optional": false
      }
    ],
    "description": {
      "full": "Changes item text in tree",
      "summary": "Changes item text in tree",
      "body": ""
    },
    "isPrivate": false,
    "ignore": false,
    "code": "item.changeItemText = function(position, text) {\n\t\treturn item.scriptItem('ChangeItemText', position, text );\n\t};",
    "ctx": {
      "type": "method",
      "receiver": "item",
      "name": "changeItemText",
      "string": "item.changeItemText()"
    }
  },
  {
    "tags": [
      {
        "type": "description",
        "string": "__Ex.:__\n<code javascript>\nSiebel.pServReqExp.oTree.selectItem('Root item');\n</code>"
      },
      {
        "type": "method",
        "string": "selectItem"
      },
      {
        "type": "path",
        "string": "ctx.customItems.siebel.tree.selectItem"
      },
      {
        "type": "param",
        "types": [
          "string"
        ],
        "name": "position",
        "description": "position in tree",
        "optional": false
      }
    ],
    "description": {
      "full": "Selects item in tree",
      "summary": "Selects item in tree",
      "body": ""
    },
    "isPrivate": false,
    "ignore": false,
    "code": "item.selectItem = function(position) {\n\t\treturn item.scriptItem('SelectItem', position);\n\t};",
    "ctx": {
      "type": "method",
      "receiver": "item",
      "name": "selectItem",
      "string": "item.selectItem()"
    }
  },
  {
    "tags": [
      {
        "type": "method",
        "string": "expandItem"
      },
      {
        "type": "path",
        "string": "ctx.customItems.siebel.tree.expandItem"
      },
      {
        "type": "param",
        "types": [
          "boolean"
        ],
        "name": "bExpand",
        "description": "expansion state ('true' = expanded, 'false' = collapsed)",
        "optional": false
      }
    ],
    "description": {
      "full": "Expands tree node",
      "summary": "Expands tree node",
      "body": ""
    },
    "isPrivate": false,
    "ignore": false,
    "code": "item.expandItem = function( bExpand ) { \n\t\treturn item.scriptItem('ExpandItem', (bExpand ? 1 : 0));\n\t};",
    "ctx": {
      "type": "method",
      "receiver": "item",
      "name": "expandItem",
      "string": "item.expandItem()"
    }
  },
  {
    "tags": [
      {
        "type": "method",
        "string": "goUp"
      },
      {
        "type": "path",
        "string": "ctx.customItems.siebel.tree.goUp"
      },
      {
        "type": "param",
        "types": [
          "number"
        ],
        "name": "nLevels",
        "description": "level count",
        "optional": false
      }
    ],
    "description": {
      "full": "Moves up in tree",
      "summary": "Moves up in tree",
      "body": ""
    },
    "isPrivate": false,
    "ignore": false,
    "code": "item.goUp = function( nLevels ) { \n\t\treturn item.scriptItem('GoUp', nLevels);\n\t};",
    "ctx": {
      "type": "method",
      "receiver": "item",
      "name": "goUp",
      "string": "item.goUp()"
    }
  },
  {
    "tags": [
      {
        "type": "method",
        "string": "goDown"
      },
      {
        "type": "path",
        "string": "ctx.customItems.siebel.tree.goDown"
      },
      {
        "type": "param",
        "types": [
          "number"
        ],
        "name": "nLevels",
        "description": "level count",
        "optional": false
      }
    ],
    "description": {
      "full": "Moves down in tree",
      "summary": "Moves down in tree",
      "body": ""
    },
    "isPrivate": false,
    "ignore": false,
    "code": "item.goDown = function( nLevels ) { \n\t\treturn item.scriptItem('GoDown', nLevels);\n\t};",
    "ctx": {
      "type": "method",
      "receiver": "item",
      "name": "goDown",
      "string": "item.goDown()"
    }
  },
  {
    "tags": [
      {
        "type": "method",
        "string": "positionOnItem"
      },
      {
        "type": "path",
        "string": "ctx.customItems.siebel.tree.positionOnItem"
      },
      {
        "type": "param",
        "types": [
          "string"
        ],
        "name": "position",
        "description": "position in tree",
        "optional": false
      }
    ],
    "description": {
      "full": "Selects an item",
      "summary": "Selects an item",
      "body": ""
    },
    "isPrivate": false,
    "ignore": false,
    "code": "item.positionOnItem = function( position ) { \n\t\treturn item.scriptItem('PositionOnItem', position);\n\t};",
    "ctx": {
      "type": "method",
      "receiver": "item",
      "name": "positionOnItem",
      "string": "item.positionOnItem()"
    }
  },
  {
    "tags": [
      {
        "type": "method",
        "string": "unselectItem"
      },
      {
        "type": "path",
        "string": "ctx.customItems.siebel.tree.unselectItem"
      },
      {
        "type": "param",
        "types": [
          "string"
        ],
        "name": "position",
        "description": "position in tree",
        "optional": false
      }
    ],
    "description": {
      "full": "Unselects an item",
      "summary": "Unselects an item",
      "body": ""
    },
    "isPrivate": false,
    "ignore": false,
    "code": "item.unselectItem = function( position ) { \n\t\treturn item.scriptItem('UnselectItem', position);\n\t};",
    "ctx": {
      "type": "method",
      "receiver": "item",
      "name": "unselectItem",
      "string": "item.unselectItem()"
    }
  },
  {
    "tags": [
      {
        "type": "method",
        "string": "unselectAll"
      },
      {
        "type": "path",
        "string": "ctx.customItems.siebel.tree.unselectAll"
      }
    ],
    "description": {
      "full": "Unselects all items",
      "summary": "Unselects all items",
      "body": ""
    },
    "isPrivate": false,
    "ignore": false,
    "code": "item.unselectAll = function( ) { \n\t\treturn item.scriptItem('UnselectAll()');\n\t};",
    "ctx": {
      "type": "method",
      "receiver": "item",
      "name": "unselectAll",
      "string": "item.unselectAll()"
    }
  },
  {
    "tags": [
      {
        "type": "method",
        "string": "refresh"
      },
      {
        "type": "path",
        "string": "ctx.customItems.siebel.tree.refresh"
      }
    ],
    "description": {
      "full": "Refreshes tree",
      "summary": "Refreshes tree",
      "body": ""
    },
    "isPrivate": false,
    "ignore": false,
    "code": "item.refresh = function( ) { \n\t\treturn item.scriptItem('Refresh()');\n\t};",
    "ctx": {
      "type": "method",
      "receiver": "item",
      "name": "refresh",
      "string": "item.refresh()"
    }
  },
  {
    "tags": [
      {
        "type": "method",
        "string": "restoreSelection"
      },
      {
        "type": "path",
        "string": "ctx.customItems.siebel.tree.restoreSelection"
      }
    ],
    "description": {
      "full": "Restores selection",
      "summary": "Restores selection",
      "body": ""
    },
    "isPrivate": false,
    "ignore": false,
    "code": "item.restoreSelection = function( ) { \n\t\treturn item.scriptItem('RestoreSelection()');\n\t};\n}",
    "ctx": {
      "type": "method",
      "receiver": "item",
      "name": "restoreSelection",
      "string": "item.restoreSelection()"
    }
  },
  {
    "tags": [
      {
        "type": "class",
        "string": "ctx.customItems.siebel.pane"
      },
      {
        "type": "path",
        "string": "ctx.customItems.siebel.pane"
      },
      {
        "type": "constructor",
        "string": ""
      }
    ],
    "description": {
      "full": "Siebel Pane ActiveX ",
      "summary": "Siebel Pane ActiveX ",
      "body": ""
    },
    "isPrivate": false,
    "ignore": false,
    "code": "ctx.customItems.siebel.pane = function(item) {\n\t\n\t// *****************************************\n\t// *** define externs for Siebel ActiveX ***\n\t// *****************************************",
    "ctx": {
      "type": "method",
      "receiver": "ctx.customItems.siebel",
      "name": "pane",
      "string": "ctx.customItems.siebel.pane()"
    }
  },
  {
    "tags": [
      {
        "type": "ignore",
        "string": "Siebel Pane ActiveX "
      },
      {
        "type": "constructor",
        "string": ""
      }
    ],
    "description": {
      "full": "",
      "summary": "",
      "body": ""
    },
    "isPrivate": false,
    "ignore": false,
    "code": "var SiebelPaneActiveX = function() {\n\t};\n\n\t// ************************************************\n\t// *** define custom methods for Siebel ActiveX ***\n\t// ************************************************",
    "ctx": {
      "type": "function",
      "name": "SiebelPaneActiveX",
      "string": "SiebelPaneActiveX()"
    }
  },
  {
    "tags": [
      {
        "type": "ignore",
        "string": ""
      },
      {
        "type": "method",
        "string": "siebelPaneGetValue"
      },
      {
        "type": "path",
        "string": "siebelPaneGetValue"
      },
      {
        "type": "param",
        "types": [
          "SiebelPaneActiveX"
        ],
        "name": "element",
        "description": "",
        "optional": false
      }
    ],
    "description": {
      "full": "",
      "summary": "",
      "body": ""
    },
    "isPrivate": false,
    "ignore": false,
    "code": "function siebelPaneGetValue( element ) { \n\t\t// not implemented\n\t\treturn '';\n\t}",
    "ctx": {
      "type": "function",
      "name": "siebelPaneGetValue",
      "string": "siebelPaneGetValue()"
    }
  },
  {
    "tags": [
      {
        "type": "ignore",
        "string": "to be finalized..."
      },
      {
        "type": "description",
        "string": "__Ex.:__\n<code javascript>\ndata.mobile = Siebel.pMyContacts.oContactList.get(0, 1);\n</code>"
      },
      {
        "type": "method",
        "string": "get"
      },
      {
        "type": "path",
        "string": "ctx.customItems.siebel.pane.get"
      },
      {
        "type": "return",
        "types": [
          "string"
        ],
        "description": "read value"
      }
    ],
    "description": {
      "full": "Gets item value",
      "summary": "Gets item value",
      "body": ""
    },
    "isPrivate": false,
    "ignore": false,
    "code": "item.get = function() {\n\t\t// not implemented\n\t\treturn '';\t\t\n\t};\n\n\t// *********************************************\n\t// *** Add custom methods to the parent page ***\n\t// *********************************************\n\titem.parent.customMethods.siebelPaneGetValue = siebelPaneGetValue;\n\t\n\t// ****************************\n\t// *** Add technical events ***\n\t// ****************************\n\titem.addEvent(e.event.item.SETFOCUS, e.event.item.KILLFOCUS, e.event.item.COMMAND);\n}",
    "ctx": {
      "type": "method",
      "receiver": "item",
      "name": "get",
      "string": "item.get()"
    }
  }
]