[
  {
    "tags": [],
    "description": {
      "full": "++++Status: Validated|\n<WRAP indent>\n|< 100% 10% 10% >|\n^ 21/04/2016 ^ ctxt8 ^ Validated ^\n</WRAP>\n++++\n~~NOTOC~~\n====== ctx.xml library ======\n\\\\\n\\\\\n// :!: __Caution:__ this page is auto-generated from source code and should not be modified from wiki application //\n\\\\\n\\\\\n===== Presentation =====\n\nThis library implements XML, JSON utilitary classes :\n  * ctx.xml :\n    * IXMLNode object serialization / unserialization,\n\n  * ctx.json :\n    * encapsulates JSON object : Javascript object serialization / unserialization,\n    * CSV file reading,\n    * ...\n\\\\",
      "summary": "++++Status: Validated|\n<WRAP indent>\n|< 100% 10% 10% >|\n^ 21/04/2016 ^ ctxt8 ^ Validated ^\n</WRAP>\n++++\n~~NOTOC~~\n====== ctx.xml library ======\n\\\\\n\\\\\n// :!: __Caution:__ this page is auto-generated from source code and should not be modified from wiki application //\n\\\\\n\\\\\n===== Presentation =====",
      "body": "This library implements XML, JSON utilitary classes :\n  * ctx.xml :\n    * IXMLNode object serialization / unserialization,\n\n  * ctx.json :\n    * encapsulates JSON object : Javascript object serialization / unserialization,\n    * CSV file reading,\n    * ...\n\\\\"
    },
    "isPrivate": false,
    "ignore": false
  },
  {
    "tags": [
      {
        "type": "path",
        "string": "ctx.options.xml"
      },
      {
        "type": "class",
        "string": "ctx.options.xml"
      },
      {
        "type": "struct",
        "string": ""
      }
    ],
    "description": {
      "full": "Options for the 'ctx.xml' library",
      "summary": "Options for the 'ctx.xml' library",
      "body": ""
    },
    "isPrivate": false,
    "ignore": false,
    "code": "ctx.options.xml = {"
  },
  {
    "tags": [
      {
        "type": "property",
        "types": [
          "e.trace.level"
        ],
        "name": "traceLevel",
        "description": "",
        "optional": false
      },
      {
        "type": "path",
        "string": "ctx.options.xml.traceLevel"
      }
    ],
    "description": {
      "full": "Trace level (see [[lib:common:ctx.enum#etracelevel|e.trace.level]])",
      "summary": "Trace level (see [[lib:common:ctx.enum#etracelevel|e.trace.level]])",
      "body": ""
    },
    "isPrivate": false,
    "ignore": false,
    "code": "traceLevel: e.trace.level.None\n};"
  },
  {
    "tags": [
      {
        "type": "class",
        "string": "ctx.xml"
      },
      {
        "type": "path",
        "string": "ctx.xml"
      },
      {
        "type": "constructor",
        "string": ""
      }
    ],
    "description": {
      "full": "XML parser library",
      "summary": "XML parser library",
      "body": ""
    },
    "isPrivate": false,
    "ignore": false,
    "code": "ctx.xml = (function () {\n\t\n\tvar self =",
    "ctx": {
      "type": "property",
      "receiver": "ctx",
      "name": "xml",
      "value": "(function () {",
      "string": "ctx.xml"
    }
  },
  {
    "tags": [
      {
        "type": "lends",
        "parent": "ctx.xml"
      }
    ],
    "description": {
      "full": "",
      "summary": "",
      "body": ""
    },
    "isPrivate": false,
    "ignore": false,
    "code": "{"
  },
  {
    "tags": [
      {
        "type": "description",
        "string": "__Ex.:__\n<code javascript>\nvar obj = { a: { b: 0, c: 'name', d: { e: 'e', f: 5 } } };\nvar htmlCode = ctx.xml.json2xml(obj);\n</code>\n\nThis function is inspired from [[http://goessner.net/download/prj/jsonxml/|json2xml.js library]]\n"
      },
      {
        "type": "method",
        "string": "json2xml"
      },
      {
        "type": "path",
        "string": "ctx.xml.json2xml"
      },
      {
        "type": "param",
        "types": [
          "*"
        ],
        "name": "o",
        "description": "object to be converted",
        "optional": false
      },
      {
        "type": "param",
        "types": [
          "string"
        ],
        "name": "[tab]",
        "description": "tab indentation ('\\t' by default if omitted, use '' to remove all indentations and carriage returns)",
        "optional": true
      },
      {
        "type": "return",
        "types": [
          "string"
        ],
        "description": "XML string"
      }
    ],
    "description": {
      "full": "Converts a JSON string or a JavaScript object to an XML string",
      "summary": "Converts a JSON string or a JavaScript object to an XML string",
      "body": ""
    },
    "isPrivate": false,
    "ignore": false,
    "code": "json2xml : function(o, tab) {\n\t\t\tvar _toXml = function(v, name, ind) {\n\t\t\t  var xml = \"\";\n\t\t\t  var key = \"\";\n\t\t\t  var val = \"\";\n\t\t\t  if (v instanceof Array) {\n\t\t\t    for (var i=0, n=v.length; i<n; i++)\n\t\t\t        xml += _toXml(v[i], name, ind);\n\t\t\t  }\n\t\t\t  else if (typeof(v) === \"object\") {\n\t\t\t     var hasChild = false;\n\t\t\t     xml += ind + \"<\" + name;\n\t\t\t     for (var m in v) {\n\t\t\t\t\t\t  if ((typeof(v[m]) === \"object\") || (m == \"#text\") || (m == \"#cdata\")) {\n\t\t\t           hasChild = true;\n\t\t\t\t\t\t\t} else {\n\t\t\t\t        if (m.charAt(0) == \"@\") {\n\t\t\t\t\t\t\t\t\tval = v[m].toString();\n\t\t\t\t\t\t\t\t\t//val = val.replace(/[\\\"]/g, \"\\\\\\\"\"); // escape '\\\"'\n\t\t\t\t\t\t\t\t\tval = val.replace(/\"/g, '\\\\\"');\n\t\t\t\t\t\t\t\t\t//val = val.replace(/\"/g, '&quot;');\n\t\t\t\t\t\t\t\t\tkey = m.substr(1);\n\t\t\t\t          xml += \" \" + key + \"=\\\"\" + val + \"\\\"\";\n\t\t\t\t\t\t\t\t} else {\n\t\t\t           hasChild = true;\n\t\t\t\t\t\t\t\t}\n\t\t\t\t\t\t\t}\n\t\t\t     }\n\t\t\t    if (hasChild) {\n\t\t\t\t\t\txml += \">\";\n\t\t\t\t\t\tvar addCR = true;\n\t\t        for (var m in v) {\n\t\t          if (m == \"#text\") {\n\t\t\t\t\t\t\t\txml += v[m].replace(/</g, '&lt;').replace(/&/g, '&amp;');\n\t\t          } else if (m == \"#cdata\") {\n\t\t            xml += \"<![CDATA[\" + v[m] + \"]]>\";\n\t\t\t\t\t\t\t} else if ((m.charAt(0) != \"@\")"
  },
  {
    "tags": [],
    "description": {
      "full": "& (typeof(v[m]) === \"object\")",
      "summary": "& (typeof(v[m]) === \"object\")",
      "body": ""
    },
    "isPrivate": false,
    "ignore": false,
    "code": "{\n\t\t\t\t\t\t\t\tif (addCR) {\n\t\t\t\t\t\t\t\t\txml += '\\n';\n\t\t\t\t\t\t\t\t\taddCR = false;\n\t\t\t\t\t\t\t\t}\n\t\t            xml += _toXml(v[m], m, ind + \"\\t\");\n\t\t\t\t\t\t\t}\n\t\t        }\n\t\t\t    \txml += (xml.charAt(xml.length-1) == \"\\n\" ? ind :\"\") + \"</\" + name + \">\\n\";\n\t\t\t  \t} else \n\t\t\t\t\t\txml += \"/>\\n\";\n\t\t\t  }\n\t\t\t\telse {\n\t\t\t     xml += ind + \"<\" + name + \">\" + v.toString() +  \"</\" + name + \">\\n\";\n\t\t\t  }\n\t\t\t  return xml;\n\t\t\t}\n\t\t\tvar xml = \"\";\n\t\t\tif (o && ('string' === typeof o)) {\n\t\t\t\ttry {\n\t\t\t\t\to = ctx.json.parse(o);\n\t\t\t\t} catch (ex) {}\n\t\t\t}\n\t\t\tfor (var m in o)\n\t\t\t  xml += _toXml(o[m], m, \"\");\n\t\t\tif (tab === undefined) tab = '';\n\t\t\tif (!tab)\n\t\t\t\txml = xml.replace(/\\t|\\n/g, \"\"); // remove indentations and CR\n\t\t\telse if (tab !== '\\t')\n\t\t\t\txml = xml.replace(/\\t/g, tab);\n\t\t\t//if (xml.charAt(xml.length-1) == \"\\n\") \n\t\t\t//\txml = xml.substr(0, xml.length-1); // suppress last CR\n\t\t\treturn xml;\n\t\t},"
  },
  {
    "tags": [
      {
        "type": "description",
        "string": "__Ex.:__\n<code javascript>\nvar xml = ctx.xml.parse(\"<customer><firstname>Joe</firstname><name>Smith</name></customer>\");\n</code>"
      },
      {
        "type": "method",
        "string": "parse"
      },
      {
        "type": "path",
        "string": "ctx.xml.parse"
      },
      {
        "type": "param",
        "types": [
          "string"
        ],
        "name": "data",
        "description": "string to be parsed",
        "optional": false
      },
      {
        "type": "return",
        "types": [
          "Object"
        ],
        "description": "XML object"
      }
    ],
    "description": {
      "full": "Parses an XML string to return a IXMLNode object",
      "summary": "Parses an XML string to return a IXMLNode object",
      "body": ""
    },
    "isPrivate": false,
    "ignore": false,
    "code": "parse : function (data) {\n\t\t\tvar xml, tmp;\n\t\t\ttry {\n\t\t\t\tif (!data || typeof data !== \"string\") {\n\t\t\t\t\treturn null;\n\t\t\t\t}\n\t\t\t\tif (data.substring(0, 1) != '<') {\n\t\t\t\t\treturn null;\n\t\t\t\t}\n\t\t\t\tvar xmlDoc = new ActiveXObject(\"Microsoft.XMLDOM\");\n\t\t\t\t//var xmlDoc = new ActiveXObject(\"Msxml2.DOMDocument.3.0\");\n\t\t\t\txmlDoc.async = false;\n\t\t\t\txmlDoc.loadXML(data);\n\t\t\t\tif (xmlDoc.parseError.errorCode !== 0) {\n\t\t\t\t\tctx.log(\"Invalid XML: \" + data, e.logIconType.Warning);\n\t\t\t\t} else {\n\t\t\t\t\txml = xmlDoc.documentElement;\n\t\t\t\t}\n\t\t\t} catch (ex) {\n\t\t\t\ttry {\n\t\t\t\t\ttmp = new DOMParser();\n\t\t\t\t\txml = tmp.parseFromString(data, \"text/xml\");\n\t\t\t\t} catch (ex2) {\n\t\t\t\t\txml = undefined;\n\t\t\t\t\tif (!xml || xml.getElementsByTagName(\"parsererror\").length) {\n\t\t\t\t\t\tctx.log(\"Invalid XML: \" + data, e.logIconType.Warning);\n\t\t\t\t\t}\n\t\t\t\t}\n\t\t\t}\n\t\t\treturn xml;\n\t\t},"
  },
  {
    "tags": [
      {
        "type": "description",
        "string": "__Ex.:__\n<code javascript>\nvar xml = ctx.xml.stringify(strNode); // returns \"<customer><firstname>Joe</firstname><name>Smith</name></customer>\"\n</code>"
      },
      {
        "type": "method",
        "string": "stringify"
      },
      {
        "type": "path",
        "string": "ctx.xml.stringify"
      },
      {
        "type": "param",
        "types": [
          "Node"
        ],
        "name": "xmlNode",
        "description": "object",
        "optional": false
      },
      {
        "type": "param",
        "types": [
          "boolean"
        ],
        "name": "removeCR",
        "description": "remove \\n, \\t, ... between nodes",
        "optional": false
      },
      {
        "type": "return",
        "types": [
          "string"
        ],
        "description": "data string"
      }
    ],
    "description": {
      "full": "Stringifies an IXMLNode object to return an XML string ",
      "summary": "Stringifies an IXMLNode object to return an XML string ",
      "body": ""
    },
    "isPrivate": false,
    "ignore": false,
    "code": "stringify : function (xmlNode, removeCR) {\n\t\t\tvar strXml = (xmlNode.xml ? xmlNode.xml : (new XMLSerializer()).serializeToString(xmlNode));\n\t\t\tif (removeCR) {\n\t\t\t\tstrXml = strXml.replace(/>\\r\\n\\t*</g, '><');\n\t\t\t}\n\t\t\treturn strXml;\n\t\t},"
  },
  {
    "tags": [
      {
        "type": "description",
        "string": "__Ex.:__\n<code javascript>\nvar obj = ctx.xml.xml2object(xml);\n</code>\n\nThis function is inspired from [[http://goessner.net/download/prj/jsonxml/|xml2json.js library]]\n"
      },
      {
        "type": "method",
        "string": "xml2object"
      },
      {
        "type": "path",
        "string": "ctx.xml.xml2object"
      },
      {
        "type": "param",
        "types": [
          "*"
        ],
        "name": "xml",
        "description": "XML object or string to be converted",
        "optional": false
      },
      {
        "type": "param",
        "types": [
          "boolean"
        ],
        "name": "[removeCData]",
        "description": "",
        "optional": true
      },
      {
        "type": "return",
        "types": [
          "Object"
        ],
        "description": "object"
      }
    ],
    "description": {
      "full": "Converts an XML object or string to a Javascript object",
      "summary": "Converts an XML object or string to a Javascript object",
      "body": ""
    },
    "isPrivate": false,
    "ignore": false,
    "code": "xml2object : function(xml, removeCData) {\n\t\t\tvar X = {\n\t\t\t  toObj: function(xml, removeCData) {\n\t\t\t     var o = {};\n\t\t\t     if (xml.nodeType==1) {   // element node ..\n\t\t\t        if (xml.attributes.length)   // element with attributes  ..\n\t\t\t           for (var i=0; i<xml.attributes.length; i++)\n\t\t\t              o[\"@\"+xml.attributes[i].nodeName] = (xml.attributes[i].nodeValue||\"\").toString();\n\t\t\t        if (xml.firstChild) { // element has child nodes ..\n\t\t\t           var textChild=0, cdataChild=0, hasElementChild=false;\n\t\t\t           for (var n=xml.firstChild; n; n=n.nextSibling) {\n\t\t\t              if (n.nodeType==1) hasElementChild = true;\n\t\t\t              else if (n.nodeType==3 && n.nodeValue.match(/[^ \\f\\n\\r\\t\\v]/)) textChild++; // non-whitespace text\n\t\t\t              else if (n.nodeType==4) cdataChild++; // cdata section node\n\t\t\t           }\n\t\t\t           if (hasElementChild) {\n\t\t\t              if (textChild < 2 && cdataChild < 2) { // structured element with evtl. a single text or/and cdata node ..\n\t\t\t                 X.removeWhite(xml);\n\t\t\t                 for (var n=xml.firstChild; n; n=n.nextSibling) {\n\t\t\t                    if (n.nodeType == 3) {  // text node\n\t\t\t\t                    if (removeCData) \n\t\t\t\t\t\t\t\t\t\t\t\t\t\t\to = X.escape(n.nodeValue);\n\t\t\t\t\t\t\t\t\t\t\t\t\t\telse\n\t\t\t                       o[\"#text\"] = X.escape(n.nodeValue);\n\t\t\t                    } else if (n.nodeType == 4) { // cdata node\n\t\t\t\t                    if (removeCData) \n\t\t\t\t\t\t\t\t\t\t\t\t\t\t\to = X.escape(n.nodeValue);\n\t\t\t\t\t\t\t\t\t\t\t\t\t\telse\n\t\t\t                       o[\"#cdata\"] = X.escape(n.nodeValue);\n\t\t\t                    } else if (o[n.nodeName]) {  // multiple occurence of element ..\n\t\t\t                       if (o[n.nodeName] instanceof Array)\n\t\t\t                          o[n.nodeName][o[n.nodeName].length] = X.toObj(n, removeCData);\n\t\t\t                       else\n\t\t\t                          o[n.nodeName] = [o[n.nodeName], X.toObj(n, removeCData)];\n\t\t\t                    }\n\t\t\t                    else  // first occurence of element..\n\t\t\t                       o[n.nodeName] = X.toObj(n, removeCData);\n\t\t\t                 }\n\t\t\t              }\n\t\t\t              else { // mixed content\n\t\t\t                 if (!xml.attributes.length)\n\t\t\t                    o = X.escape(X.innerXml(xml));\n\t\t\t                 else {\n\t\t                    if (removeCData) \n\t\t\t                    o = X.escape(X.innerXml(xml));\t\t\t\t\t\t\t\t\t\t\t \t\n\t\t\t\t\t\t\t\t\t\t\t\telse\n\t\t\t                    o[\"#text\"] = X.escape(X.innerXml(xml));\t\t\t\t\t\t\t\t\t\t\t \t\n\t\t\t\t\t\t\t\t\t\t\t }\n\t\t\t              }\n\t\t\t           }\n\t\t\t           else if (textChild) { // pure text\n\t\t\t              if (!xml.attributes.length)\n\t\t\t                 o = X.escape(X.innerXml(xml));\n\t\t\t              else\n\t                    if (removeCData) \n\t\t\t                 o = X.escape(X.innerXml(xml));\n\t\t\t\t\t\t\t\t\t\t\telse\n\t\t\t                 o[\"#text\"] = X.escape(X.innerXml(xml));\n\t\t\t           }\n\t\t\t           else if (cdataChild) { // cdata\n\t\t\t              if (cdataChild > 1)\n\t\t\t                 o = X.escape(X.innerXml(xml));\n\t\t\t              else\n\t\t\t                 for (var n=xml.firstChild; n; n=n.nextSibling) {\n\t\t\t                    if (removeCData) \n\t\t\t\t\t\t\t\t\t\t\t\t\t\to = X.escape(n.nodeValue);\n\t\t\t\t\t\t\t\t\t\t\t\t\telse\n\t\t\t\t                    o[\"#cdata\"] = X.escape(n.nodeValue);\n\t\t\t\t\t\t\t\t\t\t\t }\n\t\t\t           }\n\t\t\t        }\n\t\t\t        if (!xml.attributes.length && !xml.firstChild) o = null;\n\t\t\t     }\n\t\t\t     else if (xml.nodeType==8) { // comment : garbage\n\t\t\t     }\n\t\t\t     else if (xml.nodeType==9) { // document.node\n\t\t\t        o = X.toObj(xml.documentElement, removeCData);\n\t\t\t     }\n\t\t\t     else\n\t\t\t        ctx.log(\"unhandled node type: \" + xml.nodeType, e.logIconType.Warning);\n\t\t\t     return o;\n\t\t\t  },\n//\t\t\t  toJson: function(o, name, ind) {\n//\t\t\t     var json = name ? (\"\\\"\"+name+\"\\\"\") : \"\";\n//\t\t\t     if (o instanceof Array) {\n//\t\t\t        for (var i=0,n=o.length; i<n; i++)\n//\t\t\t           o[i] = X.toJson(o[i], \"\", ind+\"\\t\");\n//\t\t\t        json += (name?\":[\":\"[\") + (o.length > 1 ? (\"\\n\"+ind+\"\\t\"+o.join(\",\\n\"+ind+\"\\t\")+\"\\n\"+ind) : o.join(\"\")) + \"]\";\n//\t\t\t     }\n//\t\t\t     else if (o == null)\n//\t\t\t        json += (name&&\":\") + \"null\";\n//\t\t\t     else if (typeof(o) == \"object\") {\n//\t\t\t        var arr = [];\n//\t\t\t        for (var m in o)\n//\t\t\t           arr[arr.length] = X.toJson(o[m], m, ind+\"\\t\");\n//\t\t\t        json += (name?\":{\":\"{\") + (arr.length > 1 ? (\"\\n\"+ind+\"\\t\"+arr.join(\",\\n\"+ind+\"\\t\")+\"\\n\"+ind) : arr.join(\"\")) + \"}\";\n//\t\t\t     }\n//\t\t\t     else if (typeof(o) == \"string\")\n//\t\t\t        json += (name&&\":\") + \"\\\"\" + o.toString() + \"\\\"\";\n//\t\t\t     else\n//\t\t\t        json += (name&&\":\") + o.toString();\n//\t\t\t     return json;\n//\t\t\t  },\n\t\t\t  innerXml: function(node) {\n\t\t\t     var s = \"\"\n\t\t\t     if (\"innerHTML\" in node)\n\t\t\t        s = node.innerHTML;\n\t\t\t     else {\n\t\t\t        var asXml = function(n) {\n\t\t\t           var s = \"\";\n\t\t\t           if (n.nodeType == 1) {\n\t\t\t              s += \"<\" + n.nodeName;\n\t\t\t              for (var i=0; i<n.attributes.length;i++)\n\t\t\t                 s += \" \" + n.attributes[i].nodeName + \"=\\\"\" + (n.attributes[i].nodeValue||\"\").toString() + \"\\\"\";\n\t\t\t              if (n.firstChild) {\n\t\t\t                 s += \">\";\n\t\t\t                 for (var c=n.firstChild; c; c=c.nextSibling)\n\t\t\t                    s += asXml(c);\n\t\t\t                 s += \"</\"+n.nodeName+\">\";\n\t\t\t              }\n\t\t\t              else\n\t\t\t                 s += \"/>\";\n\t\t\t           }\n\t\t\t           else if (n.nodeType == 3)\n\t\t\t              s += n.nodeValue;\n\t\t\t           else if (n.nodeType == 4)\n\t\t\t              s += \"<![CDATA[\" + n.nodeValue + \"]]>\";\n\t\t\t           return s;\n\t\t\t        };\n\t\t\t        for (var c=node.firstChild; c; c=c.nextSibling)\n\t\t\t           s += asXml(c);\n\t\t\t     }\n\t\t\t     return s;\n\t\t\t  },\n\t\t\t  escape: function(txt) {\n\t\t\t    return txt;\n\t\t//\t    return txt.replace(/[\\\\]/g, \"\\\\\\\\\")\n\t\t//        .replace(/[\\\"]/g, \"\\\\\\\"\")\n\t\t//        .replace(/[\\b]/g, \"\\\\b\")\n\t\t//        .replace(/[\\f]/g, \"\\\\f\")\n\t\t//        .replace(/[\\n]/g, \"\\\\n\")\n\t\t//        .replace(/[\\r]/g, \"\\\\r\")\n\t\t//        .replace(/[\\t]/g, \"\\\\t\");\n//\t\t\t     return txt.replace(/[\\\\]/g, \"\\\\\\\\\")\n//\t\t\t               .replace(/[\\\"]/g, '\\\\\"')\n//\t\t\t               .replace(/[\\n]/g, '\\\\n')\n//\t\t\t               .replace(/[\\r]/g, '\\\\r');\n\t\t\t  },\n\t\t\t  removeWhite: function(e) {\n\t\t\t     e.normalize();\n\t\t\t     for (var n = e.firstChild; n; ) {\n\t\t\t        if (n.nodeType == 3) {  // text node\n\t\t\t           if (!n.nodeValue.match(/[^ \\f\\n\\r\\t\\v]/)) { // pure whitespace text node\n\t\t\t              var nxt = n.nextSibling;\n\t\t\t              e.removeChild(n);\n\t\t\t              n = nxt;\n\t\t\t           }\n\t\t\t           else\n\t\t\t              n = n.nextSibling;\n\t\t\t        }\n\t\t\t        else if (n.nodeType == 1) {  // element node\n\t\t\t           X.removeWhite(n);\n\t\t\t           n = n.nextSibling;\n\t\t\t        }\n\t\t\t        else                      // any other node\n\t\t\t           n = n.nextSibling;\n\t\t\t     }\n\t\t\t     return e;\n\t\t\t  }\n\t\t\t};\n\t\t\t\n\t\t\tvar xmlRoot;\n\t\t\tif (typeof xml === 'string') {\n\t\t\t\t// input is an XML string\n\t\t\t\txmlRoot = ctx.xml.parse(xml);\n\t\t\t} else {\n\t\t\t\t// input is an XML object\n\t\t\t\txmlRoot = xml;\n\t\t\t}\n\t\t\tif (xmlRoot.nodeType == 9) // document node\n\t\t\t  xmlRoot = xmlRoot.documentElement;\n\t\t\tvar obj = {}\n\t\t\tobj[xmlRoot.nodeName] = X.toObj(X.removeWhite(xmlRoot), removeCData);\n\t\t\treturn obj;\n\t\t\t//var json = X.toJson(obj, xmlRoot.nodeName, \"\\t\");\n\t\t\t//tab = tab || '';\n\t\t\t//return \"{\" + tab + (tab ? json.replace(/\\t/g, tab) : json.replace(/\\t|\\n/g, \"\")) + \"}\";\n\t\t},"
  },
  {
    "tags": [
      {
        "type": "description",
        "string": "__Ex.:__\n<code javascript>\nvar htmlCode = ctx.xml.xml2json(xml);\n</code>\n\nThis function is inspired from [[http://goessner.net/download/prj/jsonxml/|xml2json.js library]]\n"
      },
      {
        "type": "method",
        "string": "xml2json"
      },
      {
        "type": "path",
        "string": "ctx.xml.xml2json"
      },
      {
        "type": "param",
        "types": [
          "*"
        ],
        "name": "xml",
        "description": "XML object or string to be converted",
        "optional": false
      },
      {
        "type": "param",
        "types": [
          "string"
        ],
        "name": "[tab]",
        "description": "tab separator",
        "optional": true
      },
      {
        "type": "return",
        "types": [
          "string"
        ],
        "description": "Json string"
      }
    ],
    "description": {
      "full": "Converts an XML object to a JSON string",
      "summary": "Converts an XML object to a JSON string",
      "body": ""
    },
    "isPrivate": false,
    "ignore": false,
    "code": "xml2json : function(xml, tab) {\n\t\t\tvar obj = ctx.xml.xml2object(xml);\n\t\t\treturn ctx.json.stringify(obj);\n\t\t}\n\t};\n\treturn self;\n})();"
  },
  {
    "tags": [
      {
        "type": "path",
        "string": "ctx.options.json"
      },
      {
        "type": "class",
        "string": "ctx.options.json"
      },
      {
        "type": "struct",
        "string": ""
      }
    ],
    "description": {
      "full": "Options for the 'ctx.json' library",
      "summary": "Options for the 'ctx.json' library",
      "body": ""
    },
    "isPrivate": false,
    "ignore": false,
    "code": "ctx.options.json = {"
  },
  {
    "tags": [
      {
        "type": "property",
        "types": [
          "e.trace.level"
        ],
        "name": "traceLevel",
        "description": "",
        "optional": false
      },
      {
        "type": "path",
        "string": "ctx.options.json.traceLevel"
      }
    ],
    "description": {
      "full": "Trace level (see [[lib:common:ctx.enum#etracelevel|e.trace.level]])",
      "summary": "Trace level (see [[lib:common:ctx.enum#etracelevel|e.trace.level]])",
      "body": ""
    },
    "isPrivate": false,
    "ignore": false,
    "code": "traceLevel: e.trace.level.None\n};"
  },
  {
    "tags": [
      {
        "type": "class",
        "string": "ctx.json"
      },
      {
        "type": "path",
        "string": "ctx.json"
      },
      {
        "type": "constructor",
        "string": ""
      }
    ],
    "description": {
      "full": "JSON parser library",
      "summary": "JSON parser library",
      "body": ""
    },
    "isPrivate": false,
    "ignore": false,
    "code": "ctx.json = (function () {",
    "ctx": {
      "type": "property",
      "receiver": "ctx",
      "name": "json",
      "value": "(function () {",
      "string": "ctx.json"
    }
  },
  {
    "tags": [
      {
        "type": "ignore",
        "string": "\t   JPath 1.0.5 - json equivalent to xpath\n\t   Copyright (C) 2009-2011  Bryan English <bryan at bluelinecity dot com>\n\n\t\tPermission is hereby granted, free of charge, to any person obtaining a copy\n\t\tof this software and associated documentation files (the \"Software\"), to deal\n\t\tin the Software without restriction, including without limitation the rights\n\t\tto use, copy, modify, merge, publish, distribute, sublicense, and/or sell\n\t\tcopies of the Software, and to permit persons to whom the Software is\n\t\tfurnished to do so, subject to the following conditions:\n\n\t\tThe above copyright notice and this permission notice shall be included in\n\t\tall copies or substantial portions of the Software.\n\n\t\tTHE SOFTWARE IS PROVIDED \"AS IS\", WITHOUT WARRANTY OF ANY KIND, EXPRESS OR\n\t\tIMPLIED, INCLUDING BUT NOT LIMITED TO THE WARRANTIES OF MERCHANTABILITY,\n\t\tFITNESS FOR A PARTICULAR PURPOSE AND NONINFRINGEMENT. IN NO EVENT SHALL THE\n\t\tAUTHORS OR COPYRIGHT HOLDERS BE LIABLE FOR ANY CLAIM, DAMAGES OR OTHER\n\t\tLIABILITY, WHETHER IN AN ACTION OF CONTRACT, TORT OR OTHERWISE, ARISING FROM,\n\t\tOUT OF OR IN CONNECTION WITH THE SOFTWARE OR THE USE OR OTHER DEALINGS IN\n\t\tTHE SOFTWARE.\n\n\t   Usage:      \n\t      var jpath = new JPath( myjsonobj );\n\n\t      var somevalue = jpath.$('book/title').json;  //results in title\n\t         //or\n\t      var somevalue = jpath.query('book/title');   //results in title\n\n\t   Supported XPath-like Syntax:\n\t      /tagname\n\t      //tagname\n\t      tagname\nwildcard\n\t      [] predicates\n\t      operators ( >=, ==, <= )\n\t      array selection\n\t      .. \t         \n\n\t      and, or\n\t      nodename[0]\n\t      nodename[last()]\n\t      nodename[position()]\n\t      nodename[last()-1]\n\t      nodename[somenode > 3]/node\n\t      nodename[count() > 3]/node\n\n\t   Tested With:\n\t      Firefox 2-3, IE 6-7\n\t   \n\t   Update Log:\n\t      1.0.1 - Bugfix for zero-based element selection\n\t      1.0.2 - Bugfix for IE not handling eval() and returning a function\n\t      1.0.3 - Bugfix added support for underscore and dash in query() function\n\t                  Bugfix improper use of Array.concat which was flattening arrays\n\t                  Added support for single equal sign in query() function\n\t                  Added support for count() xpath function\n\t                  Added support for and, or boolean expression in predicate blocks\n\t                  Added support for global selector $$ and //\n\t                  Added support for wildcard (*) selector support \n\t\t  1.0.4 - Changed to MIT license\n\t\t  1.0.5 - Bugfix for greedy regexp"
      }
    ],
    "description": {
      "full": "",
      "summary": "",
      "body": ""
    },
    "isPrivate": false,
    "ignore": false
  },
  {
    "tags": [
      {
        "type": "constructor",
        "string": ""
      },
      {
        "type": "param",
        "types": [
          "Object"
        ],
        "name": "json",
        "description": "JS object",
        "optional": false
      },
      {
        "type": "param",
        "types": [
          "Object"
        ],
        "name": "[parent]",
        "description": "parent object",
        "optional": true
      },
      {
        "type": "param",
        "types": [
          "string"
        ],
        "name": "[lastAtt]",
        "description": "last memorized attribute",
        "optional": true
      }
    ],
    "description": {
      "full": "",
      "summary": "",
      "body": ""
    },
    "isPrivate": false,
    "ignore": false,
    "code": "function JPath( json, parent, lastAtt )\n\t{ \n\t    this.json = json; \n\t    this._parent = parent; \n\t    this._lastAtt = lastAtt; \n\t}\n\n\tJPath.prototype = {",
    "ctx": {
      "type": "function",
      "name": "JPath",
      "string": "JPath()"
    }
  },
  {
    "tags": [
      {
        "type": "ignore",
        "string": "\t      Property: json\n\t      Copy of current json segment to operate on"
      }
    ],
    "description": {
      "full": "",
      "summary": "",
      "body": ""
    },
    "isPrivate": false,
    "ignore": false,
    "code": "json: null,"
  },
  {
    "tags": [
      {
        "type": "ignore",
        "string": "\t      Property: parent\n\t      Parent json object, null if root."
      }
    ],
    "description": {
      "full": "",
      "summary": "",
      "body": ""
    },
    "isPrivate": false,
    "ignore": false,
    "code": "_parent: null,"
  },
  {
    "tags": [
      {
        "type": "ignore",
        "string": "\t      Property: lastAtt\n\t      Last memorized attribute."
      }
    ],
    "description": {
      "full": "",
      "summary": "",
      "body": ""
    },
    "isPrivate": false,
    "ignore": false,
    "code": "_lastAtt: '',"
  },
  {
    "tags": [
      {
        "type": "ignore",
        "string": "\t      Method: $\n\t      Performs a find query on the current jpath object.\n\n\t      Parameters:\n\t        str - mixed, find query to perform. Can consist of a nodename or nodename path or function object or integer.\n\n\t      Return:\n\t        jpath - Returns the resulting jpath object after performing find query."
      }
    ],
    "description": {
      "full": "",
      "summary": "",
      "body": ""
    },
    "isPrivate": false,
    "ignore": false
  },
  {
    "tags": [
      {
        "type": "ignore",
        "string": ""
      },
      {
        "type": "param",
        "types": [
          "string"
        ],
        "name": "str",
        "description": "",
        "optional": false
      },
      {
        "type": "param",
        "types": [
          "boolean"
        ],
        "name": "[bCreate]",
        "description": "if true, force object creation",
        "optional": true
      },
      {
        "type": "param",
        "types": [
          "boolean"
        ],
        "name": "[isSSCall]",
        "description": "",
        "optional": true
      }
    ],
    "description": {
      "full": "",
      "summary": "",
      "body": ""
    },
    "isPrivate": false,
    "ignore": false,
    "code": "'$': function ( str, bCreate, isSSCall )\n\t  {\n\t      var result = null;\n\t      var working = this;\n\t      \n\t      if ( this.json && str !== null )\n\t      {\n\t         switch ( typeof(str) )\n\t         {\n\t            case 'function':\n\t               result = this.f(str).json;\n\t            break;\n\n\t            case 'number':\n\t               result = this.json[str] || null;\n\t            break;\n\n\t            case 'string':\n\t               var names = str.split('/');     \n\n\t               //foreach slash delimited node name//\n\t               for ( var i=0; i<names.length ; i++ )\n\t               {\n\t                  var name = new RegExp('^' + names[i].replace(/\\*/g,'.*') + '$');                  \n\t                  var isArray = (working.json instanceof Array);\n\t                  var a = new Array();\n\t\t\t\t\t\t\t\t\t var lastAtt = '';\n\t                  \n\t                  //foreach working node property//\n\t                  for ( var p in working.json )\n\t                  {\n\t                     if ( typeof( working.json[p] ) != 'function' )\n\t                     {\n\t                        //if ( isArray && (arguments.callee.caller != this.$$) )\n\t                        if ( isArray && (!isSSCall) )\n\t                        {\n\t                           var res = this.findAllByRegExp( name, working.json[p] );\n\t                           a = a.concat( res );\n\t                        }\n\t                        else if ( name.test(p) )\n\t                        {                        \n\t                           a.push( working.json[p] );\n\t\t\t\t\t\t\t\t\t\t\t\t\t\tlastAtt = p;\n\t                        }\n\t                     }                  \n\t                  }\n\t\t\t\t\t\t\t\t\t\tif (bCreate && ( a.length==0)) {\n\t\t\t\t\t\t\t\t\t\t\t// force creation\n\t\t\t\t\t\t\t\t\t\t\tif (working.json && isArray && (typeof working.json[0] === 'object')) {\n\t\t\t\t\t\t\t\t\t\t\t\tlastAtt = names[i];\n\t\t\t\t\t\t\t\t\t\t\t\tworking.json[0][lastAtt] = {};\n\t\t\t\t\t\t\t\t\t\t\t\ta.push( working.json[0][lastAtt] );\n\t\t\t\t\t\t\t\t\t\t\t} else {\n\t\t\t\t\t\t\t\t\t\t\t\tlastAtt = names[i];\n\t\t\t\t\t\t\t\t\t\t\t\tworking.json[lastAtt] = {};\n\t\t\t\t\t\t\t\t\t\t\t\ta.push( working.json[lastAtt] );\n\t\t\t\t\t\t\t\t\t\t\t}\n\t\t\t\t\t\t\t\t\t\t}\n\t                  working = new JPath( ( a.length==0 ? null : ( ( a.length == 1) ? a[0] : a ) ), working, lastAtt );\n\t               }\n\n\t               return working;\n\t            break;\n\t         }   \n\t      }\n\t      \n\t      return new JPath( result, this );\n\t   },"
  },
  {
    "tags": [
      {
        "type": "ignore",
        "string": "\t      Method: $$\n\t      Performs a global, recursive find query on the current jpath object.\n\n\t      Parameters:\n\t        str - mixed, find query to perform. Can consist of a nodename or nodename path or function object or integer.\n\n\t      Return:\n\t        jpath - Returns the resulting jpath object after performing find query."
      }
    ],
    "description": {
      "full": "",
      "summary": "",
      "body": ""
    },
    "isPrivate": false,
    "ignore": false
  },
  {
    "tags": [
      {
        "type": "ignore",
        "string": ""
      },
      {
        "type": "param",
        "types": [
          "string"
        ],
        "name": "str",
        "description": "",
        "optional": false
      },
      {
        "type": "param",
        "types": [
          "boolean"
        ],
        "name": "[bCreate]",
        "description": "if true, force object creation",
        "optional": true
      }
    ],
    "description": {
      "full": "",
      "summary": "",
      "body": ""
    },
    "isPrivate": false,
    "ignore": false,
    "code": "'$$': function( str, bCreate )\n\t   {   \n\t      var r = this.$(str, false, true).json; // don't propagate 'bCreate'\n\t      var arr = new Array();\n\t      \n\t      if ( r instanceof Array ) \n\t         arr = arr.concat(r); \n\t      else if ( r !== null )\n\t         arr.push(r);\n\t         \n\t      for ( var p in this.json )\n\t      {\n\t         if ( typeof( this.json[p] ) == 'object' )\n\t         {\n\t            arr = arr.concat( new JPath( this.json[p], this ).$$(str, bCreate).json );\n\t         }\n\t      }\n\t      \n\t      return new JPath( arr, this );\n\t   },"
  },
  {
    "tags": [
      {
        "type": "ignore",
        "string": "\t      Method: findAllByRegExp\n\t      Looks through a list of an object properties using a regular expression\n\n\t      Parameters:\n\t         re - regular expression, to use to search with\n\t         obj - object, the object to search through\n\n\t      Returns:\n\t         array - resulting properties"
      }
    ],
    "description": {
      "full": "",
      "summary": "",
      "body": ""
    },
    "isPrivate": false,
    "ignore": false,
    "code": "findAllByRegExp: function( re, obj )\n\t   {\n\t      var a = new Array();\n\t   \n\t      ctx.each(obj, function(p, value) {\n\t         if ( obj instanceof Array )\n\t         {\n\t            a = a.concat( this.findAllByRegExp( re,value ) );\n\t         }\n\t         else if ( typeof(value ) != 'function' && re.test(p) )\n\t         {\n\t            //a.push( value );\n\t            a = a.concat( value );\n\t         }\n\t\t\t\t});\n//\t      for ( var p in obj )\n//\t      {\n//\t      }\n\n\t      return a;\n\t   },"
  },
  {
    "tags": [
      {
        "type": "ignore",
        "string": "\t      Method: get\n\t      Returns the object\n\n\t      Parameters:\n\t         re - regular expression, to use to search with\n\t         obj - object, the object to search through\n\n\t      Returns:\n\t         array - resulting properties"
      }
    ],
    "description": {
      "full": "",
      "summary": "",
      "body": ""
    },
    "isPrivate": false,
    "ignore": false,
    "code": "get: function( )\n\t   {\n\t      return this.json;\n\t   },"
  },
  {
    "tags": [
      {
        "type": "ignore",
        "string": "\t      Method: set\n\t      Returns the object\n\n\t      Parameters:\n\t         re - regular expression, to use to search with\n\t         obj - object, the object to search through\n\n\t      Returns:\n\t         array - resulting properties"
      }
    ],
    "description": {
      "full": "",
      "summary": "",
      "body": ""
    },
    "isPrivate": false,
    "ignore": false,
    "code": "set: function( value, bRemove )\n\t  \t{\n\t\t\t\tvar res = false;\n\t\t\t\tif (this._lastAtt && this._parent && this._parent.json) {\n\t\t\t\t\tif (bRemove) {\n\t\t\t\t\t\tif (this._parent.json[this._lastAtt] !== undefined) {\n\t\t\t\t\t\t\tdelete this._parent.json[this._lastAtt];\n\t\t\t\t\t\t\tres = true;\t\t\t\t\t\t\t\n\t\t\t\t\t\t}\n\t\t\t\t\t} else {\n\t\t\t\t\t\tif ((typeof this._parent.json[this._lastAtt] === 'object') && (typeof value === 'object'))\n\t\t\t\t\t\t\tctx.set(value, this._parent.json[this._lastAtt]);\n\t\t\t\t\t\telse\n\t\t\t\t\t\t\tthis._parent.json[this._lastAtt] = value;\n\t\t\t\t\t\tres = true;\t\t\t\t\t\t\t\n\t\t\t\t\t}\n\t\t\t\t}\n\t      return res;\n\t   \t},"
  },
  {
    "tags": [
      {
        "type": "ignore",
        "string": "\t      Method: query (beta)\n\t      Performs a find query on the current jpath object using a single string similar to xpath. This method\n\t      is currently expirimental.\n\n\t      Parameters:\n\t        str - string, full xpath-like query to perform on the current object.\n\t        value - Object|string, optional value or object to be set.\n\n\t      Return:\n\t        mixed - Returns the resulting json value after performing find query."
      }
    ],
    "description": {
      "full": "",
      "summary": "",
      "body": ""
    },
    "isPrivate": false,
    "ignore": false
  },
  {
    "tags": [
      {
        "type": "param",
        "types": [
          "string"
        ],
        "name": "str",
        "description": "",
        "optional": false
      },
      {
        "type": "param",
        "types": [
          "*"
        ],
        "name": "[value]",
        "description": "",
        "optional": true
      },
      {
        "type": "param",
        "types": [
          "boolean"
        ],
        "name": "[bCreate]",
        "description": "if true, force object creation",
        "optional": true
      },
      {
        "type": "param",
        "types": [
          "boolean"
        ],
        "name": "[bRemove]",
        "description": "if true, force object deletion",
        "optional": true
      }
    ],
    "description": {
      "full": "",
      "summary": "",
      "body": ""
    },
    "isPrivate": false,
    "ignore": false,
    "code": "query: function( str, value, bCreate, bRemove )\n\t   {\n//\t      var re = {\n//\t         \" and \":\" && \",\n//\t         \" or \":\" || \",\n//\t         \"([\\\\#\\\\*\\\\@a-z\\\\_][\\\\*a-z0-9_\\\\-]*)(?=(?:\\\\s|$|\\\\[|\\\\]|\\\\/))\" : \"\\$('$1').\",\n//\t         \"\\\\[([0-9])+\\\\]\" : \"\\$($1).\",\n//\t         \"\\\\.\\\\.\" : \"parent().\",\n//\t         \"\\/\\/\" : \"$\",\n//\t         \"(^|\\\\[|\\\\s)\\\\/\" : \"$1root().\",\n//\t         \"\\\\/\" : '',\n//\t         \"([^\\\\=\\\\>\\\\<\\\\!])\\\\=([^\\\\=])\" : '$1==$2',\n//\t         \"\\\\[\" : \"$(function(j){ with(j){return(\",\n//\t         \"\\\\]\" : \");}}).\",\n//\t         \"\\\\(\\\\.\":'(',\n//\t         \"(\\\\.|\\\\])(?!\\\\$|\\\\p)\":\"$1json\",\n//\t         \"count\\\\(([^\\\\)]+)\\\\)\":\"count('$1')\"\n//\t      };\n\t\t\tvar bSet = (typeof value !== 'undefined' ?  true : false );\n      var re = {\n         \" and \":\" && \",\n         \" or \":\" || \",\n         \"([\\\\#\\\\*\\\\@a-z\\\\_][\\\\*a-z0-9_\\\\-]*)(?=(?:\\\\s|$|\\\\[|\\\\]|\\\\/))\" : '$(\\'$1\\', bCreate).',\n         \"('\\\\)\\\\.([^$|\\\\[|\\\\]|\\\\/]+)\\\"])\" : '$2\\').]',\n         \"\\\\[([0-9])+\\\\]\" : '$($1, false).',\n         '(\"\\\\$\\\\(\\')' : \"\\\\$\\\\('\",\n         \"\\\\.\\\\.\" : \"parent().\",\n         \"\\/\\/\" : \"$\",\n         \"(^|\\\\[|\\\\s)\\\\/\" : \"$1root().\",\n         \"\\\\/\" : '',\n         \"([^\\\\=\\\\>\\\\<\\\\!])\\\\=([^\\\\=])\" : '$1==$2',\n         \"\\\\[\" : \"$(function(j){ with(j){return(\",\n         \"\\\\!\": \"false === \",\n         \"\\\\]\" : \");}}, false).\",\n         \"\\\\(\\\\.\":'(',\n         \"(\\\\.|\\\\])[^$](?!\\\\$|\\\\p)\": \"$1get()\",\n         \"(\\\\.|\\\\])$(?!\\\\$|\\\\p)\": (bSet ? \"$1set(value, bRemove)\" : \"$1get()\"),\n         \"starts\\\\-with\\\\(([^\\\\),]+),\\\\s?([^\\\\)]+)\\\\)\":\"startsWith('$1', $2)\",\n         \"ends\\\\-with\\\\(([^\\\\),]+),\\\\s?([^\\\\)]+)\\\\)\":\"endsWith('$1', $2)\",\n         \"contains\\\\(([^\\\\),]+),\\\\s?([^\\\\)]+)\\\\)\":\"contains('$1', $2)\",\n         \"matches\\\\(([^\\\\),]+),\\\\s?([^\\\\)]+)\\\\)\":\"matches('$1', new RegExp($2))\",\n         \"count\\\\(([^\\\\)]+)\\\\)\":\"count('$1')\"\n      };\n\t\t\t\tvar val = String(str).trim();\n\t      //save quoted strings//\n\t      //var quotes = new RegExp('/(\\'|\\\")([^\\\\1]*)\\\\1/');\n\t      var quotes = /(\\'|\\\")([^\\1]*?)\\1/;\n\t      var saves = new Array();\n\t      while ( quotes.test(val) )\n\t      {\n\t         saves.push( val.match(quotes)[2] ); \n\t         val = val.replace(quotes,'%'+ (saves.length-1) +'%');\n\t      }\n\n\t      for ( var expression in re )\n\t      {\n\t         val = val.replace( new RegExp(expression,'ig'), re[expression] );\n\t      }\n\t      val = 'this.' + val.replace(/\\%(\\d+)\\%/g,'saves[$1]');\n\n\t      val = val + \";\";\n\t\t\t\t\n\t\t\t\tif ((val.indexOf('.get()') == -1) && (val.indexOf('.set(value, bRemove)') == -1)) {\n\t\t\t\t\t// invalid query\n\t\t      throw new Error(e.error.InvalidArgument, 'jPath.query: invalid syntax \\'' + str + '\\'');\n\t\t\t\t}\n\t\t\t\tvar res = [];\n\t\t\t\ttry {\n\t\t\t\t\tres = eval(val);\n\t\t\t\t} catch (ex) {\n\t\t      throw new Error(e.error.InvalidArgument, 'jPath.query: invalid syntax \\'' + str + '\\'');\n\t\t\t\t}\n\t\t\t\t\n\t\t\t\treturn res; \n\t   },"
  },
  {
    "tags": [
      {
        "type": "ignore",
        "string": "\t      Method: f\n\t      Performs the equivilant to an xpath predicate eval on the current nodeset.\n\n\t      Parameters:\n\t        f - function, an iterator function that is executed for every json node and is expected to return a boolean\n\t        value which determines if that particular node is selected. Alternativly you can submit a string which will be\n\t        inserted into a prepared function.\n\n\t      Return:\n\t        jpath - Returns the resulting jpath object after performing find query."
      }
    ],
    "description": {
      "full": "",
      "summary": "",
      "body": ""
    },
    "isPrivate": false,
    "ignore": false,
    "code": "f: function ( iterator )\n\t   {\n\t      var a = new Array();\n\n\t      if ( typeof(iterator) == 'string' )\n\t      {\n\t         eval('iterator = function(j){with(j){return('+ iterator +');}}');\n\t      }\n\t\t\t\tvar lastAtt = '';\n\t      for ( var p in this.json )\n\t      {\n\t        var j = new JPath(this.json[p], this);\n\t        j.index = p;\n\t        if ( iterator( j ) )\n\t        {\n\t        \ta.push( this.json[p] );\n\t\t\t\t\t\tlastAtt = p;\n\t        }\n\t      }\n\n\t      return new JPath( a, this, lastAtt );\n\t   },"
  },
  {
    "tags": [
      {
        "type": "ignore",
        "string": "\t      Method: parent\n\t      Returns the parent jpath object or itself if its the root node\n\n\t      Return:\n\t        jpath - Returns the parent jpath object or itself if its the root node"
      }
    ],
    "description": {
      "full": "",
      "summary": "",
      "body": ""
    },
    "isPrivate": false,
    "ignore": false,
    "code": "parent: function()\n\t   {\n\t      return ( (this._parent) ? this._parent : this );\n\t   },"
  },
  {
    "tags": [
      {
        "type": "ignore",
        "string": "\t      Method: position\n\t      Returns the index position of the current node. Only valid within a function or predicate\n\n\t      Return:\n\t        int - array index position of this json object."
      }
    ],
    "description": {
      "full": "",
      "summary": "",
      "body": ""
    },
    "isPrivate": false,
    "ignore": false,
    "code": "position: function()\n\t   {\n\t      return this.index;\n\t   },"
  },
  {
    "tags": [
      {
        "type": "ignore",
        "string": "\t      Method: last\n\t      Returns true if this is the last node in the nodeset. Only valid within a function or predicate\n\n\t      Return:\n\t        booean - Returns true if this is the last node in the nodeset"
      }
    ],
    "description": {
      "full": "",
      "summary": "",
      "body": ""
    },
    "isPrivate": false,
    "ignore": false,
    "code": "last: function()\n\t   {\n\t      return (this.index == (this._parent.json.length-1));\n\t   },"
  },
  {
    "tags": [
      {
        "type": "ignore",
        "string": "\t      Method: count\n\t      Returns the count of child nodes in the current node\n\n\t      Parameters:\n\t         string - optional node name to count, defaults to all\n\t      \n\t      Return:\n\t        booean - Returns number of child nodes found"
      }
    ],
    "description": {
      "full": "",
      "summary": "",
      "body": ""
    },
    "isPrivate": false,
    "ignore": false,
    "code": "count: function(n)\n\t   {\n\t      var found = this.$( n || '*').json;         \n\t      return ( found ? ( found instanceof Array ? found.length : 1 ) : 0 );\n\t   },\n\n   startsWith: function(n, s)\n   {\n      var found = this.$( n || '*').json;\n      if( found !== null && found.indexOf(s) === 0)\n      {\n          return found;\n      }\n      return;\n   },\n\n   endsWith: function(n, s)\n   {\n      var found = this.$( n || '*').json,\n          d = found ? found.length - s.length : -1;\n\n      if( found !== null && d >= 0 && found.lastIndexOf(s) === d)\n      {\n          return found;\n      }\n      return;\n   },"
  },
  {
    "tags": [],
    "description": {
      "full": "",
      "summary": "",
      "body": ""
    },
    "isPrivate": false,
    "ignore": false,
    "code": "contains: function(n, s)\n   {\n      var found = this.$( n || '*').json;\n      if( found !== null && found.indexOf(s) > -1)\n      {\n          return found;\n      }\n      return;\n   },"
  },
  {
    "tags": [],
    "description": {
      "full": "",
      "summary": "",
      "body": ""
    },
    "isPrivate": false,
    "ignore": false,
    "code": "matches: function(n, re)\n   {\n      var found = this.$( n || '*').json;\n\n      if(found !== null && re.test(found))\n      {\n          return found;\n      }\n\n      return;\n   },"
  },
  {
    "tags": [
      {
        "type": "ignore",
        "string": "\t      Method: root\n\t      Returns the root jpath object.\n\n\t      Return:\n\t        jpath - The top level, root jpath object."
      }
    ],
    "description": {
      "full": "",
      "summary": "",
      "body": ""
    },
    "isPrivate": false,
    "ignore": false,
    "code": "root: function ()\n\t   {\n\t      return ( this._parent ? this._parent.root() : this );\n\t   }\n\n\t};"
  },
  {
    "tags": [
      {
        "type": "method",
        "string": "serializer"
      },
      {
        "type": "param",
        "types": [
          "Array<string>",
          "function(string",
          "*)",
          "null"
        ],
        "name": "[replacer]",
        "description": "transforms values and properties encountered while stringifying; if an array, specifies the set of properties included in objects in the final string",
        "optional": true
      },
      {
        "type": "param",
        "types": [
          "function(string",
          "*)"
        ],
        "name": "[cycleReplacer]",
        "description": "function to be used as replacer for circular references.",
        "optional": true
      },
      {
        "type": "param",
        "types": [
          "boolean"
        ],
        "name": "[isShort]",
        "description": "if 'true', serialize using short description if objects owns a method 'ctxShort()' (default is true)",
        "optional": true
      },
      {
        "type": "see",
        "title": "",
        "url": "https://github.com/isaacs/json-stringify-safe/blob/master/stringify.js"
      },
      {
        "type": "private",
        "visibility": "private"
      },
      {
        "type": "ignore",
        "string": ""
      }
    ],
    "description": {
      "full": "Custom replacer function used to stringify objects without failing 'circular' references",
      "summary": "Custom replacer function used to stringify objects without failing 'circular' references",
      "body": ""
    },
    "isPrivate": true,
    "ignore": false,
    "code": "function serializer(replacer, cycleReplacer, isShort) { \n\t\tvar stack = [], keys = [] \n\t\tif (cycleReplacer == null) cycleReplacer = function(key, value) { \n\t\t\tif (stack[0] === value) return \"[~]\" \n\t\t\treturn \"[~.\" + keys.slice(0, indexOf(stack, value)).join(\".\") + \"]\" \n\t\t} \n\t\treturn function(key, value) { \n\t\t\tif (stack.length > 0) { \n\t\t\t\tvar thisPos = indexOf(stack, this) ;\n\t\t\t\t~thisPos ? stack.splice(thisPos + 1) : stack.push(this) ;\n\t\t\t\t~thisPos ? keys.splice(thisPos, Infinity, key) : keys.push(key) ;\n\t\t\t\tif (~indexOf(stack, value)) value = cycleReplacer.call(this, key, value) ;\n\t\t\t} else {\n\t\t\t\tstack.push(value);\n\t\t\t}\n\t\t\tvar properties;\n\t\t\tif (isShort && value && ('function' === typeof value.ctxShort)) { \n\t\t\t\tproperties = value.ctxShort();\n\t\t\t}\n\t\t\tif (properties) {\n\t\t\t\tvar obj = {};\n\t\t\t\tctx.each(properties, function(id, property) {\n\t\t\t\t\tobj[property] = value[property];\n\t\t\t\t});\n\t\t\t\tvalue = obj;\n\t\t\t}\n//\t\t\tif (isShort && ( key == 'ctxType')) { \n//\t\t\t\tvalue = undefined; // skip 'ctxType'\n//\t\t\t}\n\t\t\treturn replacer == null ? value : replacer.call(this, key, value) ;\n\t\t} \n\t}",
    "ctx": {
      "type": "function",
      "name": "serializer",
      "string": "serializer()"
    }
  },
  {
    "tags": [
      {
        "type": "method",
        "string": "indexOf"
      },
      {
        "type": "param",
        "types": [
          "Array"
        ],
        "name": "tab",
        "description": "array to be searched",
        "optional": false
      },
      {
        "type": "param",
        "types": [
          "*"
        ],
        "name": "obj",
        "description": "object to be searched.",
        "optional": false
      },
      {
        "type": "param",
        "types": [
          "number"
        ],
        "name": "[start]",
        "description": "the index to start the search at.",
        "optional": true
      },
      {
        "type": "path",
        "string": "ctx.json.indexOf"
      }
    ],
    "description": {
      "full": "Custom 'indexOf' function",
      "summary": "Custom 'indexOf' function",
      "body": ""
    },
    "isPrivate": false,
    "ignore": false,
    "code": "function indexOf(tab, obj, start) {\n\t\tfor (var i = (start || 0); i < tab.length; i++) {\n\t\t\tif (i in tab && tab[i] === obj) { return i; }\n\t\t}\n\t\treturn -1;\n\t}\n\t\n//\t/*\n//\t * JsonSQL\n//\t * By: Trent Richardson [http://trentrichardson.com]\n//\t * Version 0.1\n//\t * Last Modified: 1/1/2008\n//\t * \n//\t * Copyright 2008 Trent Richardson\n//\t *\n//\t * Licensed under the Apache License, Version 2.0 (the \"License\");\n//\t * you may not use this file except in compliance with the License.\n//\t * You may obtain a copy of the License at\n//\t *\n//\t *     http://www.apache.org/licenses/LICENSE-2.0\n//\t *\n//\t * Unless required by applicable law or agreed to in writing, software\n//\t * distributed under the License is distributed on an \"AS IS\" BASIS,\n//\t * WITHOUT WARRANTIES OR CONDITIONS OF ANY KIND, either express or implied.\n//\t * See the License for the specific language governing permissions and\n//\t * limitations under the License.\n//\t */\n\tvar jsonSql = (function  () {\n\t\tvar self = {};\n\t\tvar returnFields = function(scope,fields){\n\t\t\tif(fields.length == 0)\n\t\t\t\tfields = [\"*\"];\n\t\t\t\t\n\t\t\tif(fields[0] == \"*\")\n\t\t\t\treturn scope;\n\t\t\t\t\n\t\t\tvar returnobj = {};\n\t\t\tfor(var i in fields)\n\t\t\t\treturnobj[fields[i]] = scope[fields[i]];\n\t\t\t\n\t\t\treturn returnobj;\n\t\t};",
    "ctx": {
      "type": "function",
      "name": "indexOf",
      "string": "indexOf()"
    }
  },
  {
    "tags": [
      {
        "type": "param",
        "types": [
          "string"
        ],
        "name": "json",
        "description": "",
        "optional": false
      },
      {
        "type": "param",
        "types": [
          "Object"
        ],
        "name": "jsonsql_o",
        "description": "",
        "optional": false
      },
      {
        "type": "return",
        "types": [
          "Array<string>"
        ],
        "description": "result value"
      },
      {
        "type": "suppress",
        "string": "{es5Strict } warning \"The 'with' statement cannot be used in ES5 strict mode.\""
      }
    ],
    "description": {
      "full": "",
      "summary": "",
      "body": ""
    },
    "isPrivate": false,
    "ignore": false,
    "code": "var returnFilter = function(json, jsonsql_o){\n\t\t\t\n\t\t\tvar jsonsql_scope = eval(jsonsql_o.from);\n\t\t\tvar jsonsql_result = [];\n\t\t\t//var jsonsql_rc = 0;\n\t\t\tif (jsonsql_o.where == \"\") \n\t\t\t\tjsonsql_o.where = \"true\";\n\t\t\tfor (var jsonsql_i in jsonsql_scope){\n\t\t\t\twith (jsonsql_scope[jsonsql_i]){\n\t\t\t\t\tif (eval(jsonsql_o.where)){\n\t\t\t\t\t\t//jsonsql_result[jsonsql_rc++] = returnFields(jsonsql_scope[jsonsql_i], jsonsql_o.fields);\n\t\t\t\t\t\tjsonsql_result.push(returnFields(jsonsql_scope[jsonsql_i], jsonsql_o.fields));\n\t\t\t\t\t}\n\t\t\t\t}\n\t\t\t}\n\t\t\treturn jsonsql_result;\n\t\t};\n\t\t\n\t\tvar returnOrderBy = function(result,orderby,order){\n\t\t\tif(orderby.length == 0) \n\t\t\t\treturn result;\n\t\t\tresult.sort(function(a,b){\t\n\t\t\t\tswitch(order.toLowerCase()){\n\t\t\t\t\tcase \"desc\": return (eval('a.'+ orderby[0] +' < b.'+ orderby[0]))? 1:-1;\n\t\t\t\t\tcase \"asc\":  return (eval('a.'+ orderby[0] +' > b.'+ orderby[0]))? 1:-1;\n\t\t\t\t\tcase \"descnum\": return (eval('a.'+ orderby[0] +' - b.'+ orderby[0]));\n\t\t\t\t\tcase \"ascnum\":  return (eval('b.'+ orderby[0] +' - a.'+ orderby[0]));\n\t\t\t\t}\n\t\t\t});\n\t\t\treturn result;\t\n\t\t};\n\t\t\n\t\tvar returnLimit = function(result,limit){\n\t\t\tswitch(limit.length){\n\t\t\t\tcase 0: return result;\n\t\t\t\tcase 1: return result.splice(0,limit[0]);\n\t\t\t\tcase 2: return result.splice(limit[0]-1,limit[1]);\n\t\t\t}\n\t\t};\n\t\t\n\t\tvar parse = function(json,ops){\n\t\t\tvar o = { fields:[\"*\"], from:\"json\", where:\"\", orderby:[], order: \"asc\", limit:[] };\n\t\t\tfor(var i in ops) o[i] = ops[i];\n\n\t\t\tvar result = [];\t\t\n\t\t\tresult = returnFilter(json,o);\n\t\t\tresult = returnOrderBy(result,o.orderby,o.order);\n\t\t\tresult = returnLimit(result,o.limit);\n\t\t\t\t\t\n\t\t\treturn result;\n\t\t};\n\t\t\n\t\tself.query = function(json, sql) {\n\n\t\t\tvar returnfields = sql.match(/^(select)\\s+([a-z0-9_\\,\\.\\s\\*]+)\\s+from\\s+([a-z0-9_\\.]+)(?: where\\s+\\((.+)\\))?\\s*(?:order\\sby\\s+([a-z0-9_\\,]+))?\\s*(asc|desc|ascnum|descnum)?\\s*(?:limit\\s+([0-9_\\,]+))?/i);\n\t\t\tif (!returnfields) {\n\t\t\t\treturn null;\n\t\t\t}\n\t\t\tvar ops = { \n\t\t\t\tfields: returnfields[2].replace(' ','').split(','), \n\t\t\t\tfrom: returnfields[3].replace(' ',''), \n\t\t\t\twhere: (!returnfields[4]) ? \"true\" : returnfields[4],\n\t\t\t\torderby: (!returnfields[5]) ? [] : returnfields[5].replace(' ','').split(','),\n\t\t\t\torder: (!returnfields[6]) ? \"asc\" : returnfields[6],\n\t\t\t\tlimit: (!returnfields[7]) ? [] : returnfields[7].replace(' ','').split(',')\n\t\t\t};\n\n\t\t\treturn parse(json, ops);\t\t\n\t\t}\n\t\treturn self;\n\t})();\n\n//\t * JSONPath 0.8.0 - XPath for JSON\n//\t * Copyright (c) 2007 Stefan Goessner (goessner.net)\n//\t * Licensed under the MIT (MIT-LICENSE.txt) licence.",
    "ctx": {
      "type": "function",
      "name": "returnFilter",
      "string": "returnFilter()"
    }
  },
  {
    "tags": [
      {
        "type": "see",
        "title": "",
        "url": "http://goessner.net/articles/JsonPath/"
      },
      {
        "type": "param",
        "types": [
          "Object"
        ],
        "name": "obj",
        "description": "",
        "optional": false
      },
      {
        "type": "param",
        "types": [
          "string"
        ],
        "name": "expr",
        "description": "",
        "optional": false
      },
      {
        "type": "param",
        "types": [
          "*"
        ],
        "name": "[arg]",
        "description": "",
        "optional": true
      }
    ],
    "description": {
      "full": "",
      "summary": "",
      "body": ""
    },
    "isPrivate": false,
    "ignore": false,
    "code": "function jsonPath(obj, expr, arg) {\n\t   var P = {\n\t      resultType: arg && arg.resultType || \"VALUE\",\n\t      result: [],\n\t      normalize: function(expr) {\n\t         var subx = [];\n\t         return expr.replace(/[\\['](\\??\\(.*?\\))[\\]']/g, function($0,$1){return \"[#\"+(subx.push($1)-1)+\"]\";})\n\t                    .replace(/'?\\.'?|\\['?/g, \";\")\n\t                    .replace(/;;;|;;/g, \";..;\")\n\t                    .replace(/;$|'?\\]|'$/g, \"\")\n\t                    .replace(/#([0-9]+)/g, function($0,$1){return subx[$1];});\n\t      },\n\t      asPath: function(path) {\n\t         var x = path.split(\";\"), p = \"$\";\n\t         for (var i=1,n=x.length; i<n; i++)\n\t            p += /^[0-9*]+$/.test(x[i]) ? (\"[\"+x[i]+\"]\") : (\"['\"+x[i]+\"']\");\n\t         return p;\n\t      },\n\t      store: function(p, v) {\n\t         if (p) P.result[P.result.length] = P.resultType == \"PATH\" ? P.asPath(p) : v;\n\t         return !!p;\n\t      },\n\t      trace: function(expr, val, path) {\n\t         if (expr) {\n\t            var x = expr.split(\";\"), loc = x.shift();\n\t            x = x.join(\";\");\n\t            if (val && val.hasOwnProperty(loc))\n\t               P.trace(x, val[loc], path + \";\" + loc);\n\t            else if (loc === \"*\")\n\t               P.walk(loc, x, val, path, function(m,l,x,v,p) { P.trace(m+\";\"+x,v,p); });\n\t            else if (loc === \"..\") {\n\t               P.trace(x, val, path);\n\t               P.walk(loc, x, val, path, function(m,l,x,v,p) { typeof v[m] === \"object\" && P.trace(\"..;\"+x,v[m],p+\";\"+m); });\n\t            }\n\t            else if (/,/.test(loc)) { // [name1,name2,...]\n\t               for (var s=loc.split(/'?,'?/),i=0,n=s.length; i<n; i++)\n\t                  P.trace(s[i]+\";\"+x, val, path);\n\t            }\n\t            else if (/^\\(.*?\\)$/.test(loc)) // [(expr)]\n\t               P.trace(P.eval(loc, val, path.substr(path.lastIndexOf(\";\")+1))+\";\"+x, val, path);\n\t            else if (/^\\?\\(.*?\\)$/.test(loc)) // [?(expr)]\n\t               P.walk(loc, x, val, path, function(m,l,x,v,p) { if (P.eval(l.replace(/^\\?\\((.*?)\\)$/,\"$1\"),v[m],m)) P.trace(m+\";\"+x,v,p); });\n\t            else if (/^(-?[0-9]*):(-?[0-9]*):?([0-9]*)$/.test(loc)) // [start:end:step]  phyton slice syntax\n\t               P.slice(loc, x, val, path);\n\t         }\n\t         else\n\t            P.store(path, val);\n\t      },\n\t      walk: function(loc, expr, val, path, f) {\n\t         if (val instanceof Array) {\n\t            for (var i=0,n=val.length; i<n; i++)\n\t               if (i in val)\n\t                  f(i,loc,expr,val,path);\n\t         }\n\t         else if (typeof val === \"object\") {\n\t            for (var m in val)\n\t               if (val.hasOwnProperty(m))\n\t                  f(m,loc,expr,val,path);\n\t         }\n\t      },\n\t      slice: function(loc, expr, val, path) {\n\t         if (val instanceof Array) {\n\t            var len=val.length, start=0, end=len, step=1;\n\t            loc.replace(/^(-?[0-9]*):(-?[0-9]*):?(-?[0-9]*)$/g, function($0,$1,$2,$3){start=parseInt($1||start, 10);end=parseInt($2||end, 10);step=parseInt($3||step, 10);});\n\t            start = (start < 0) ? Math.max(0,start+len) : Math.min(len,start);\n\t            end   = (end < 0)   ? Math.max(0,end+len)   : Math.min(len,end);\n\t            for (var i=start; i<end; i+=step)\n\t               P.trace(i+\";\"+expr, val, path);\n\t         }\n\t      },\n\t      eval: function(x, _v, _vname) {\n\t         try { return $ && _v && eval(x.replace(/@/g, \"_v\")); }\n\t         catch(e) { throw new SyntaxError(\"jsonPath: \" + e.message + \": \" + x.replace(/@/g, \"_v\").replace(/\\^/g, \"_a\")); }\n\t      }\n\t   };\n\n\t   var $ = obj;\n\t   if (expr && obj && (P.resultType == \"VALUE\" || P.resultType == \"PATH\")) {\n\t      P.trace(P.normalize(expr).replace(/^\\$;/,\"\"), obj, \"$\");\n\t      return P.result.length ? P.result : false;\n\t   }\n\t} \n\n\tvar self =",
    "ctx": {
      "type": "function",
      "name": "jsonPath",
      "string": "jsonPath()"
    }
  },
  {
    "tags": [
      {
        "type": "lends",
        "parent": "ctx.json"
      }
    ],
    "description": {
      "full": "",
      "summary": "",
      "body": ""
    },
    "isPrivate": false,
    "ignore": false,
    "code": "{"
  },
  {
    "tags": [
      {
        "type": "description",
        "string": "This will parse a delimited string into an array of arrays. The default delimiter is the ','.\n\n__Ex.:__\n<code javascript>\n// source text is : \nvar txt = \"A, B, C \\n \\\n 1, 2, 3 \\n \\\n 6, 5, 4 \";\nvar obj = ctx.json.CSV2Array(txt);\n// obj is [[\"A\",\"B\",\"C\"],[\"1\",\"2\",\"3\"],[\"6\",\"5\",\"4\"]]\n</code>"
      },
      {
        "type": "method",
        "string": "CSV2Array"
      },
      {
        "type": "path",
        "string": "ctx.json.CSV2Array"
      },
      {
        "type": "param",
        "types": [
          "string"
        ],
        "name": "strData",
        "description": "CSV file with headers",
        "optional": false
      },
      {
        "type": "param",
        "types": [
          "string"
        ],
        "name": "[strDelimiter]",
        "description": "splitter character (default is ',')",
        "optional": true
      },
      {
        "type": "param",
        "types": [
          "string"
        ],
        "name": "[newLine]",
        "description": "new line character (default is '\\n')",
        "optional": true
      },
      {
        "type": "see",
        "title": "",
        "url": "http://stackoverflow.com/a/1293163/2343"
      },
      {
        "type": "return",
        "types": [
          "Object"
        ],
        "description": "result object"
      }
    ],
    "description": {
      "full": "Reads a text in CSV format, returns an 2-dimension array",
      "summary": "Reads a text in CSV format, returns an 2-dimension array",
      "body": ""
    },
    "isPrivate": false,
    "ignore": false,
    "code": "CSV2Array : function ( strData, strDelimiter, newLine ){\n\t\t\tctx.notifyAction('ctx.json.CSV2Array');\n      // Check to see if the delimiter is defined. If not,\n      // then default to comma.\n      strDelimiter = (strDelimiter || \",\");\n      newLine = (newLine || \"\\n\");\t\t\t\n\n      // Create a regular expression to parse the CSV values.\n      var objPattern = new RegExp(\n          (\n              // Delimiters.\n              \"(\\\\\" + strDelimiter + \"|\\\\r?\\\\n|\\\\r|^)\" +\n\n              // Quoted fields.\n              \"(?:\\\"([^\\\"]*(?:\\\"\\\"[^\\\"]*)*)\\\"|\" +\n\n              // Standard fields.\n              \"([^\\\"\\\\\" + strDelimiter + \"\\\\r\\\\n]*))\"\n          ),\n          \"gi\"\n          );\n\n      // Create an array to hold our data. Give the array\n      // a default empty first row.\n      var arrData = [[]];\n\n      // Create an array to hold our individual pattern\n      // matching groups.\n      var arrMatches = null;\n\n      // Keep looping over the regular expression matches\n      // until we can no longer find a match.\n      while (arrMatches = objPattern.exec( strData )){\n\n        // Get the delimiter that was found.\n        var strMatchedDelimiter = arrMatches[ 1 ];\n\n        // Check to see if the given delimiter has a length\n        // (is not the start of string) and if it matches\n        // field delimiter. If id does not, then we know\n        // that this delimiter is a row delimiter.\n        if (\n          strMatchedDelimiter.length &&\n          strMatchedDelimiter !== strDelimiter\n          ){\n\n          // Since we have reached a new row of data,\n          // add an empty row to our data array.\n          arrData.push( [] );\n\n        }\n\n        var strMatchedValue;\n\n        // Now that we have our delimiter out of the way,\n        // let's check to see which kind of value we\n        // captured (quoted or unquoted).\n        if (arrMatches[ 2 ]){\n\n          // We found a quoted value. When we capture\n          // this value, unescape any double quotes.\n          strMatchedValue = arrMatches[ 2 ].replace(\n            new RegExp( \"\\\"\\\"\", \"g\" ),\n            \"\\\"\"\n            );\n        } else {\n          // We found a non-quoted value.\n          strMatchedValue = arrMatches[ 3 ];\n        }\n        // Now that we have our value string, let's add\n        // it to the data array.\n        arrData[ arrData.length - 1 ].push( strMatchedValue );\n\t    }\n      // Return the parsed data.\n      return( arrData );\n    },"
  },
  {
    "tags": [
      {
        "type": "description",
        "string": "The first line is supposed to be the header, with column names.\n\n__Ex.:__\n<code javascript>\n// source text is : \nvar txt = \"A, B, C \\n \\\n 1, 2, 3 \\n \\\n 6, 5, 4 \";\nvar obj = ctx.json.CSV2Object(txt);\n// obj is [{\"A\":\"1\", \"B\":\"2\",\"C\":\"3\"},{\"A\":\"6\", \"B\":\"5\",\"C\":\"4\"}]\n</code>\n\n__Ex.:__\n<code javascript>\n// 'ProductMapping.csv' is a Windows UTF8 CSV file, with ';' separator\nvar file = ctx.options.path.bin + \"/ProductMapping.csv\";\nif(ctx.fso.file.exist(file)) {\n  var txt = ctx.readFile(file);\n  var tab = ctx.json.CSV2Object(txt, ';', '\\r\\n');\n}\n</code>"
      },
      {
        "type": "method",
        "string": "CSV2Object"
      },
      {
        "type": "path",
        "string": "ctx.json.CSV2Object"
      },
      {
        "type": "param",
        "types": [
          "string"
        ],
        "name": "csv",
        "description": "CSV file with headers",
        "optional": false
      },
      {
        "type": "param",
        "types": [
          "string"
        ],
        "name": "[splitter]",
        "description": "splitter character (default is ',')",
        "optional": true
      },
      {
        "type": "param",
        "types": [
          "string"
        ],
        "name": "[newLine]",
        "description": "new line character (default is '\\n')",
        "optional": true
      },
      {
        "type": "param",
        "types": [
          "number"
        ],
        "name": "[headerLine]",
        "description": "index of the line containing the column headers (default is 0)",
        "optional": true
      },
      {
        "type": "return",
        "types": [
          "Object"
        ],
        "description": "result object"
      }
    ],
    "description": {
      "full": "Gets a text in CSV format, returns an object",
      "summary": "Gets a text in CSV format, returns an object",
      "body": ""
    },
    "isPrivate": false,
    "ignore": false,
    "code": "CSV2Object : function (csv, splitter, newLine, headerLine) {\n\t\t\tctx.notifyAction('ctx.json.CSV2Object');\n\t\t\tvar arrData = self.CSV2Array(csv, splitter, newLine);\n\t\t\theaderLine = headerLine || 0;\n\t\t  var result = [];\n\t\t  var headers = arrData[headerLine];\n\t\t  for ( var i = headerLine + 1; i < arrData.length; i++ ) {\n\t\t\t  var obj = {};\n\t\t\t  for ( var j = 0; j < headers.length; j++ ) {\n\t\t\t\t  obj[headers[j]] = arrData[i][j];\n\t\t\t  }\n\t\t\t  result.push(obj);\n\t\t  }\n\t\t  return result;\n\t\t},"
  },
  {
    "tags": [
      {
        "type": "description",
        "string": "The first line will contain column names, based on object attribute names.\n\n__Ex.:__\n<code javascript>\n// source text is : \nvar obj = [{\"A\":\"1\", \"B\":\"2\",\"C\":\"3\"},{\"A\":\"6\", \"B\":\"5\",\"C\":\"4\"}]\nvar txt = ctx.json.object2CSV(obj, ',', '\\n');\n// txt is : \"A,B,C\\n1,2,3\\n6,5,4\";\n</code>\n"
      },
      {
        "type": "method",
        "string": "object2CSV"
      },
      {
        "type": "path",
        "string": "ctx.json.object2CSV"
      },
      {
        "type": "param",
        "types": [
          "Object"
        ],
        "name": "obj",
        "description": "object to be serialized",
        "optional": false
      },
      {
        "type": "param",
        "types": [
          "string"
        ],
        "name": "[splitter]",
        "description": "splitter character (default is ',')",
        "optional": true
      },
      {
        "type": "param",
        "types": [
          "string"
        ],
        "name": "[newLine]",
        "description": "new line character (default is '\\r\\n')",
        "optional": true
      },
      {
        "type": "return",
        "types": [
          "string"
        ],
        "description": "result string in CSV format"
      }
    ],
    "description": {
      "full": "Generates a text in CSV format, based on an object",
      "summary": "Generates a text in CSV format, based on an object",
      "body": ""
    },
    "isPrivate": false,
    "ignore": false,
    "code": "object2CSV : function (obj, splitter, newLine) {\n\t\t\tctx.notifyAction('ctx.json.object2CSV');\n\t\t\tvar txtLine = '';\n\t\t\tvar txt = '';\n\t\t\tvar value = '';\n\t\t\tvar firstLine = true;"
  },
  {
    "tags": [
      {
        "type": "type",
        "types": [
          "string"
        ]
      }
    ],
    "description": {
      "full": "",
      "summary": "",
      "body": ""
    },
    "isPrivate": false,
    "ignore": false,
    "code": "var split = splitter || \",\";",
    "ctx": {
      "type": "declaration",
      "name": "split",
      "value": "splitter || \",\"",
      "string": "split"
    }
  },
  {
    "tags": [
      {
        "type": "type",
        "types": [
          "string"
        ]
      }
    ],
    "description": {
      "full": "",
      "summary": "",
      "body": ""
    },
    "isPrivate": false,
    "ignore": false,
    "code": "var newL = newLine || \"\\r\\n\";\n\t\t\tctx.each(obj, function(lineIndex, line) {\n\t\t\t\ttxtLine = '';\n\t\t\t\tctx.each(line, function(colId, value) {\n\t\t\t\t\tif (colId && (colId[0]  != '_')) { // skip attributes starting with '_'\n\t\t\t\t\t\tif (firstLine) {\n\t\t\t\t\t\t\tif (txt) txt = txt + split;\n\t\t\t\t\t\t\ttxt = txt + colId;\n\t\t\t\t\t\t}\t\n\t\t\t\t\t\tif (txtLine) txtLine = txtLine + split;\n\t\t\t\t\t\tif (typeof value === 'string') {\n\t\t\t\t\t\t\tif ((value.indexOf(split) >= 0) || (value.indexOf(newL) >= 0))\n\t\t\t\t\t\t\t{\n\t\t\t\t\t\t\t\t// escape splitter and newLine characters : if the value contains some, use double quotes\n\t\t\t\t\t\t\t\t//value = value.replace()\n\t\t\t\t\t\t\t\ttxtLine = txtLine + '\"' + value + '\"';\n\t\t\t\t\t\t\t} else {\n\t\t\t\t\t\t\t\ttxtLine = txtLine + value;\t\t\t\t\t\n\t\t\t\t\t\t\t}\n\t\t\t\t\t\t} else {\n\t\t\t\t\t\t\ttxtLine = txtLine + String(value);\t\t\t\t\t\n\t\t\t\t\t\t}\n\t\t\t\t\t}\n\t\t\t\t});\n\t\t\t\ttxt = txt + newL;\n\t\t\t\ttxt = txt + txtLine;\n\t\t\t\tfirstLine = false;\n\t\t\t});\n\t\t  return txt;\n\t\t},",
    "ctx": {
      "type": "declaration",
      "name": "newL",
      "value": "newLine || \"\\r\\n\"",
      "string": "newL"
    }
  },
  {
    "tags": [
      {
        "type": "description",
        "string": "__Ex.:__\n<code javascript>\nvar xml = ctx.json.parse(\"{ \\\"firstname\\\": \\\"Joe\\\", \\\"name\\\": \\\"Smith\\\" }\");\n</code>"
      },
      {
        "type": "method",
        "string": "parse"
      },
      {
        "type": "path",
        "string": "ctx.json.parse"
      },
      {
        "type": "param",
        "types": [
          "string"
        ],
        "name": "text",
        "description": "The string to parse.",
        "optional": false
      },
      {
        "type": "param",
        "types": [
          "function(string",
          "*)"
        ],
        "name": "[reviver]",
        "description": "If a function, prescribes how the value originally produced by parsing is transformed, before being returned.",
        "optional": true
      },
      {
        "type": "see",
        "title": "",
        "url": "https://developer.mozilla.org/en-US/docs/Web/JavaScript/Reference/Global_Objects/JSON/parse"
      },
      {
        "type": "return",
        "types": [
          "*"
        ],
        "description": "The parsed object."
      }
    ],
    "description": {
      "full": "Parses a JSON string to return a Javascript object",
      "summary": "Parses a JSON string to return a Javascript object",
      "body": ""
    },
    "isPrivate": false,
    "ignore": false,
    "code": "parse : function (text, reviver) {\n\t\t\tvar obj = null;\n\t\t\ttry {\n\t\t\t\tobj = JSON.parse(text, reviver);\n\t\t\t\t//obj = JSON.parse2(text, reviver);\n\t\t\t} catch (ex) {\n\t\t\t\tctx.log(ex, e.logIconType.Warning, 'ctx.json.parse failed: '+ ex.name + ' ('+ ex.number + '): ' + ex.message);\n\t\t\t}\n\t\t\treturn obj;\n\t\t},"
  },
  {
    "tags": [
      {
        "type": "description",
        "string": "__Ex.:__\n<code javascript>\n</code>"
      },
      {
        "type": "method",
        "string": "search"
      },
      {
        "type": "path",
        "string": "ctx.json.search"
      },
      {
        "type": "param",
        "types": [
          "Object"
        ],
        "name": "obj",
        "description": "Object to be searched",
        "optional": false
      },
      {
        "type": "param",
        "types": [
          "string"
        ],
        "name": "path",
        "description": "request path ",
        "optional": false
      },
      {
        "type": "param",
        "types": [
          "boolean"
        ],
        "name": "[returnPath]",
        "description": "if true, returns a set of paths instead of object value",
        "optional": true
      },
      {
        "type": "return",
        "types": [
          "*"
        ],
        "description": "The JSON object."
      }
    ],
    "description": {
      "full": "Executes a 'JSonPath-like' query in a Javascript object",
      "summary": "Executes a 'JSonPath-like' query in a Javascript object",
      "body": ""
    },
    "isPrivate": false,
    "ignore": false,
    "code": "search : function (obj, path, returnPath) {\n\t\t\treturn jsonPath(obj, path, (returnPath ? {resultType : 'PATH'} : undefined));\n\t\t},"
  },
  {
    "tags": [
      {
        "type": "description",
        "string": "__Ex.:__\n<code javascript>\n</code>"
      },
      {
        "type": "method",
        "string": "searchSQL"
      },
      {
        "type": "path",
        "string": "ctx.json.searchSQL"
      },
      {
        "type": "param",
        "types": [
          "Object"
        ],
        "name": "obj",
        "description": "Object to be searched",
        "optional": false
      },
      {
        "type": "param",
        "types": [
          "string"
        ],
        "name": "path",
        "description": "request path ",
        "optional": false
      },
      {
        "type": "return",
        "types": [
          "*"
        ],
        "description": "The JSON object."
      }
    ],
    "description": {
      "full": "Executes a 'SQL-like' query in a Javascript object",
      "summary": "Executes a 'SQL-like' query in a Javascript object",
      "body": ""
    },
    "isPrivate": false,
    "ignore": false,
    "code": "searchSQL : function (obj, path) {\n\t\t\treturn jsonSql.query(obj, path);\n\t\t},"
  },
  {
    "tags": [
      {
        "type": "description",
        "string": "__Ex.:__\n<code javascript>\n</code>"
      },
      {
        "type": "method",
        "string": "searchXPath"
      },
      {
        "type": "path",
        "string": "ctx.json.searchXPath"
      },
      {
        "type": "param",
        "types": [
          "Object"
        ],
        "name": "obj",
        "description": "Object to be searched",
        "optional": false
      },
      {
        "type": "param",
        "types": [
          "string"
        ],
        "name": "path",
        "description": "request path ",
        "optional": false
      },
      {
        "type": "param",
        "types": [
          "*"
        ],
        "name": "[value]",
        "description": "value or object to be set ",
        "optional": true
      },
      {
        "type": "param",
        "types": [
          "boolean"
        ],
        "name": "[bCreate]",
        "description": "if true, force object creation",
        "optional": true
      },
      {
        "type": "param",
        "types": [
          "boolean"
        ],
        "name": "[bRemove]",
        "description": "if true, force object deletion",
        "optional": true
      },
      {
        "type": "return",
        "types": [
          "*"
        ],
        "description": "The JSON object."
      }
    ],
    "description": {
      "full": "Executes a 'XPath-like' query in a Javascript object (and sets value if provided)",
      "summary": "Executes a 'XPath-like' query in a Javascript object (and sets value if provided)",
      "body": ""
    },
    "isPrivate": false,
    "ignore": false,
    "code": "searchXPath : function (obj, path, value, bCreate, bRemove) {\n\t\t\tvar jp = new JPath(obj);\n\t\t\treturn jp.query(path, value, bCreate, bRemove);\n\t\t},"
  },
  {
    "tags": [
      {
        "type": "description",
        "string": "__Ex.:__\n<code javascript>\n</code>"
      },
      {
        "type": "method",
        "string": "getJPath"
      },
      {
        "type": "path",
        "string": "ctx.json.getJPath"
      },
      {
        "type": "param",
        "types": [
          "Object"
        ],
        "name": "obj",
        "description": "Object to be searched",
        "optional": false
      },
      {
        "type": "return",
        "types": [
          "*"
        ],
        "description": "The JPath object."
      }
    ],
    "description": {
      "full": "Creates and returns a JPath object",
      "summary": "Creates and returns a JPath object",
      "body": ""
    },
    "isPrivate": false,
    "ignore": false,
    "code": "getJPath : function (obj) {\n\t\t\treturn new JPath(obj);\n\t\t},"
  },
  {
    "tags": [
      {
        "type": "description",
        "string": "The function removes circular references\n\n__Ex.:__\n<code javascript>\nfunction escape (key, val) { ... }\nvar txt = ctx.json.stringify(data, escape );\n</code>"
      },
      {
        "type": "method",
        "string": "stringify"
      },
      {
        "type": "path",
        "string": "ctx.json.stringify"
      },
      {
        "type": "param",
        "types": [
          "*"
        ],
        "name": "value",
        "description": "Object to be serialized",
        "optional": false
      },
      {
        "type": "param",
        "types": [
          "Array<string>",
          "function(string",
          "*)",
          "null"
        ],
        "name": "[replacer]",
        "description": "transforms values and properties encountered while stringifying; if an array, specifies the set of properties included in objects in the final string",
        "optional": true
      },
      {
        "type": "param",
        "types": [
          "number",
          "string"
        ],
        "name": "[space]",
        "description": "causes the resulting string to be pretty-printed",
        "optional": true
      },
      {
        "type": "param",
        "types": [
          "function(string",
          "*)"
        ],
        "name": "[cycleReplacer]",
        "description": "function to be used as replacer for circular references.",
        "optional": true
      },
      {
        "type": "param",
        "types": [
          "boolean"
        ],
        "name": "[isShort]",
        "description": "if 'true', serialize using short description",
        "optional": true
      },
      {
        "type": "see",
        "title": "",
        "url": "https://developer.mozilla.org/en-US/docs/Web/JavaScript/Reference/Global_Objects/JSON/stringify"
      },
      {
        "type": "return",
        "types": [
          "string"
        ],
        "description": "JSON string which represents input object."
      }
    ],
    "description": {
      "full": "Serializes a Javascript object to return a JSON string",
      "summary": "Serializes a Javascript object to return a JSON string",
      "body": ""
    },
    "isPrivate": false,
    "ignore": false,
    "code": "stringify : function (value, replacer, space, cycleReplacer, isShort) {\n\t\t\tvar str = \"\";\n\t\t\ttry {\n\t\t\t\t//if (isShort !== false) { isShort = true; }\n\t\t\t\tstr = JSON.stringify(value, serializer(replacer, cycleReplacer, isShort), space);\n\t\t\t\t//str = JSON.stringify2(value, serializer(replacer, cycleReplacer, isShort), space);\n\t\t\t} catch (ex) {\n\t\t\t\tctx.log(ex, e.logIconType.Warning, 'ctx.json.stringify failed: '+ ex.name + ' ('+ ex.number + '): ' + ex.message);\n\t\t\t\tstr = \"\";\n\t\t\t}\n\t\t\treturn str;\n\t\t}\n\n\t};\n\treturn self;\n})();"
  }
]