[
  {
    "tags": [],
    "description": {
      "full": "++++Status: Validated|\n<WRAP indent>\n|< 100% 10% 10% >|\n^ 21/04/2016 ^ ctxt8 ^ Validated ^\n</WRAP>\n++++\n~~NOTOC~~\n====== ctx.systray class ======\n\\\\\n// :!: __Caution:__ this page is auto-generated from source code and should not be modified from wiki application. //\n\n\\\\\nFor a general overview about 'Systray', see [[:pg:gui.systray|Systray and menu-bar management]].",
      "summary": "++++Status: Validated|\n<WRAP indent>\n|< 100% 10% 10% >|\n^ 21/04/2016 ^ ctxt8 ^ Validated ^\n</WRAP>\n++++\n~~NOTOC~~\n====== ctx.systray class ======\n\\\\\n// :!: __Caution:__ this page is auto-generated from source code and should not be modified from wiki application. //",
      "body": "\\\\\nFor a general overview about 'Systray', see [[:pg:gui.systray|Systray and menu-bar management]]."
    },
    "isPrivate": false,
    "ignore": false
  },
  {
    "tags": [
      {
        "type": "ignore",
        "string": ""
      },
      {
        "type": "summary",
        "string": "map of systrays and menubars "
      },
      {
        "type": "path",
        "string": "ctx.systrays"
      },
      {
        "type": "type",
        "types": [
          "Object"
        ]
      }
    ],
    "description": {
      "full": "",
      "summary": "",
      "body": ""
    },
    "isPrivate": false,
    "ignore": false,
    "code": "ctx.systrays = {};",
    "ctx": {
      "type": "property",
      "receiver": "ctx",
      "name": "systrays",
      "value": "{}",
      "string": "ctx.systrays"
    }
  },
  {
    "tags": [
      {
        "type": "class",
        "string": "ctx.systray"
      },
      {
        "type": "summary",
        "string": "Class used to manage systray and menu bar\\\\ \\\\\n__Ex.:__\n<code javascript>\nsystray = ctx.systray('systray', GLOBAL);\n</code>"
      },
      {
        "type": "path",
        "string": "ctx.systray"
      },
      {
        "type": "param",
        "types": [
          "string"
        ],
        "name": "[name]",
        "description": "Systray name (by default, 'systray' is used)",
        "optional": true
      },
      {
        "type": "param",
        "types": [
          "ctx.application"
        ],
        "name": "[parentProcess]",
        "description": "parent Process object (by default, 'GLOBAL' is used)",
        "optional": true
      },
      {
        "type": "return",
        "types": [
          "ctx.systrayClass"
        ],
        "description": "Systray object"
      }
    ],
    "description": {
      "full": "",
      "summary": "",
      "body": ""
    },
    "isPrivate": false,
    "ignore": false,
    "code": "ctx.systray = function (name, parentProcess) {\n  name = name || 'SYSTRAY1';\n  if (!ctx.systrays[name])\n    ctx.systrays[name] = new ctx.systrayClass(name, parentProcess); // create new\n  return ctx.systrays[name];\n}",
    "ctx": {
      "type": "method",
      "receiver": "ctx",
      "name": "systray",
      "string": "ctx.systray()"
    }
  },
  {
    "tags": [
      {
        "type": "class",
        "string": "ctx.systrayClass"
      },
      {
        "type": "summary",
        "string": "Class implementing the systray or menu bar object\\\\ \\\\\n__Ex.:__\n<code javascript>\nctx.systrays[name] = new ctx.systrayClass(name, parentProcess);\n</code>"
      },
      {
        "type": "path",
        "string": "ctx.systrayClass"
      },
      {
        "type": "constructor0",
        "string": ""
      },
      {
        "type": "advanced",
        "string": ""
      },
      {
        "type": "param",
        "types": [
          "string"
        ],
        "name": "name",
        "description": "Systray name",
        "optional": false
      },
      {
        "type": "param",
        "types": [
          "ctx.application"
        ],
        "name": "[parentProcess]",
        "description": "parent Process object (by default, 'GLOBAL' is used)",
        "optional": true
      }
    ],
    "description": {
      "full": "",
      "summary": "",
      "body": ""
    },
    "isPrivate": false,
    "ignore": false,
    "code": "ctx.systrayClass = function (name, parentProcess) {",
    "ctx": {
      "type": "method",
      "receiver": "ctx",
      "name": "systrayClass",
      "string": "ctx.systrayClass()"
    }
  },
  {
    "tags": [
      {
        "type": "ignore",
        "string": ""
      },
      {
        "type": "const",
        "string": ""
      },
      {
        "type": "path",
        "string": "ctx.systrayClass.ctxType"
      },
      {
        "type": "property",
        "types": [
          "string"
        ],
        "name": "ctxType",
        "description": "",
        "optional": false
      }
    ],
    "description": {
      "full": "",
      "summary": "",
      "body": ""
    },
    "isPrivate": false,
    "ignore": false,
    "code": "this.ctxType = 'ctx.systrayClass';",
    "ctx": {
      "type": "property",
      "receiver": "this",
      "name": "ctxType",
      "value": "'ctx.systrayClass'",
      "string": "this.ctxType"
    }
  },
  {
    "tags": [
      {
        "type": "type",
        "types": [
          "ctx.page"
        ]
      }
    ],
    "description": {
      "full": "",
      "summary": "",
      "body": ""
    },
    "isPrivate": false,
    "ignore": false,
    "code": "var _page = null; // embedded page object",
    "ctx": {
      "type": "declaration",
      "name": "_page",
      "value": "null",
      "string": "_page"
    }
  },
  {
    "tags": [
      {
        "type": "type",
        "types": [
          "ctx.application"
        ]
      }
    ],
    "description": {
      "full": "",
      "summary": "",
      "body": ""
    },
    "isPrivate": false,
    "ignore": false,
    "code": "var _parentProcess = (parentProcess || GLOBAL); // parent process",
    "ctx": {
      "type": "declaration",
      "name": "_parentProcess",
      "value": "(parentProcess || GLOBAL)",
      "string": "_parentProcess"
    }
  },
  {
    "tags": [
      {
        "type": "path",
        "string": "ctx.systrayClass.name"
      },
      {
        "type": "advanced",
        "string": ""
      },
      {
        "type": "property",
        "types": [
          "string"
        ],
        "name": "name",
        "description": "",
        "optional": false
      }
    ],
    "description": {
      "full": "systray name",
      "summary": "systray name",
      "body": ""
    },
    "isPrivate": false,
    "ignore": false,
    "code": "this.name = name;",
    "ctx": {
      "type": "property",
      "receiver": "this",
      "name": "name",
      "value": "name",
      "string": "this.name"
    }
  },
  {
    "tags": [
      {
        "type": "type",
        "types": [
          "Object"
        ]
      }
    ],
    "description": {
      "full": "",
      "summary": "",
      "body": ""
    },
    "isPrivate": false,
    "ignore": false,
    "code": "var _items = {};",
    "ctx": {
      "type": "declaration",
      "name": "_items",
      "value": "{}",
      "string": "_items"
    }
  },
  {
    "tags": [
      {
        "type": "type",
        "types": [
          "Object"
        ]
      }
    ],
    "description": {
      "full": "",
      "summary": "",
      "body": ""
    },
    "isPrivate": false,
    "ignore": false,
    "code": "var _images = {};",
    "ctx": {
      "type": "declaration",
      "name": "_images",
      "value": "{}",
      "string": "_images"
    }
  },
  {
    "tags": [
      {
        "type": "type",
        "types": [
          "boolean"
        ]
      }
    ],
    "description": {
      "full": "",
      "summary": "",
      "body": ""
    },
    "isPrivate": false,
    "ignore": false,
    "code": "var _bCreated = false;",
    "ctx": {
      "type": "declaration",
      "name": "_bCreated",
      "value": "false",
      "string": "_bCreated"
    }
  },
  {
    "tags": [
      {
        "type": "type",
        "types": [
          "string"
        ]
      }
    ],
    "description": {
      "full": "",
      "summary": "",
      "body": ""
    },
    "isPrivate": false,
    "ignore": false,
    "code": "var _defaultIconId = '';",
    "ctx": {
      "type": "declaration",
      "name": "_defaultIconId",
      "value": "''",
      "string": "_defaultIconId"
    }
  },
  {
    "tags": [
      {
        "type": "type",
        "types": [
          "string"
        ]
      }
    ],
    "description": {
      "full": "",
      "summary": "",
      "body": ""
    },
    "isPrivate": false,
    "ignore": false,
    "code": "var _defaultLabel = '';",
    "ctx": {
      "type": "declaration",
      "name": "_defaultLabel",
      "value": "''",
      "string": "_defaultLabel"
    }
  },
  {
    "tags": [
      {
        "type": "type",
        "types": [
          "number"
        ]
      }
    ],
    "description": {
      "full": "",
      "summary": "",
      "body": ""
    },
    "isPrivate": false,
    "ignore": false,
    "code": "var _timerObj = 0;",
    "ctx": {
      "type": "declaration",
      "name": "_timerObj",
      "value": "0",
      "string": "_timerObj"
    }
  },
  {
    "tags": [
      {
        "type": "type",
        "types": [
          "boolean"
        ]
      }
    ],
    "description": {
      "full": "",
      "summary": "",
      "body": ""
    },
    "isPrivate": false,
    "ignore": false,
    "code": "var _alternativeIcon = false;",
    "ctx": {
      "type": "declaration",
      "name": "_alternativeIcon",
      "value": "false",
      "string": "_alternativeIcon"
    }
  },
  {
    "tags": [
      {
        "type": "type",
        "types": [
          "number"
        ]
      }
    ],
    "description": {
      "full": "",
      "summary": "",
      "body": ""
    },
    "isPrivate": false,
    "ignore": false,
    "code": "var _maxIdLength = 48;",
    "ctx": {
      "type": "declaration",
      "name": "_maxIdLength",
      "value": "48",
      "string": "_maxIdLength"
    }
  },
  {
    "tags": [
      {
        "type": "method",
        "string": "addMenu"
      },
      {
        "type": "summary",
        "string": "Adds a menu in a systray or menu bar."
      },
      {
        "type": "description",
        "string": "__Ex.:__\n<code javascript>\n// *** syntax 1 : menu declaration and menu handler in two different functions ***\n// menu declaration \nsystray.addMenu('', 'evVersion', GLOBAL.labels.menu.about + ' (MESSBOX)', 'about');\n});\n...\n// menu handler\nsystray.on('evVersion', function (ev) {\n  // add code here...\n});\n  \n// *** syntax 2 : menu declaration and menu handler in a single function ***\nsystray.addMenu('ScnAppMenu', 'evScnAppStartScn', 'Start data collect', '', function(ev) {\n  var scn = ScnApp.scenarios.scCollectData.start();\n});\n</code>\n\n<WRAP tip>You can use 'snippets' to accelerate development :\n  * **systray.addMenu** + 'TAB' :\n\n<code javascript>\nsystray.addMenu('parent', 'event', 'text', 'image', function(ev) {\n  var data = {};\n  ...\n});\n</code>\n</WRAP>"
      },
      {
        "type": "path",
        "string": "ctx.systrayClass.addMenu"
      },
      {
        "type": "param",
        "types": [
          "string"
        ],
        "name": "parentId",
        "description": "Parent menu identifier (if empty, menu is a root menu)",
        "optional": false
      },
      {
        "type": "param",
        "types": [
          "string"
        ],
        "name": "id",
        "description": "Event id menu identifier (should be unique)",
        "optional": false
      },
      {
        "type": "param",
        "types": [
          "string"
        ],
        "name": "label",
        "description": "Menu text",
        "optional": false
      },
      {
        "type": "param",
        "types": [
          "string",
          "function(ctx.event)"
        ],
        "name": "[iconId]",
        "description": "Icon identifier (loaded in ''ctx.systray.loadImage()''). If this parameter is a function, then icon is omitted and it represents the menu handler function",
        "optional": true
      },
      {
        "type": "param",
        "types": [
          "function(ctx.event)"
        ],
        "name": "[func]",
        "description": "Menu handler function",
        "optional": true
      },
      {
        "type": "return",
        "types": [
          "*"
        ],
        "description": "Return value"
      }
    ],
    "description": {
      "full": "",
      "summary": "",
      "body": ""
    },
    "isPrivate": false,
    "ignore": false,
    "code": "this.addMenu = function (parentId, id, label, iconId, func) {\n    var res = '';\n    //this.items[id] = id;\n\t\tid = String(id).substring(0, _maxIdLength);\n    if (typeof iconId === 'function') {\n      // iconId omitted\n      func = iconId;\n      iconId = '';\n    }\n    \n\t\t// skip action if a menu with the same id and parent exists\n    if (_items[id] && _items[id].created && (_items[id].parentId == parentId))\n\t\t\treturn res;\n\n\t\t// memorize parameters for later creation (in case page not yet created)\n\t\t_items[id] = _items[id] || {};\n    _items[id].parentId = parentId,\n    _items[id].id = id,\n    _items[id].label = label,\n    _items[id].iconId = iconId,\n    _items[id].created = false\n    if (func) { _items[id].func = func; }    \n    if (_bCreated) {\n      // page created : add menu\n      var desc = _page.getObjectDescriptor();\n      var evObj = {};\n      evObj[id] = '';\n      _page.addEvent(evObj);\n      if ((!parentId) || (parentId === '') || (parentId === 'SYSTRAY1')){\n        parentId = this.name; // give systray name to the root menu        \n      }\n      res = ctx.actionApp(desc, 'addMenu', 'ADDMENUITEM', parentId, id, '', label, iconId);\n      // if callback is defined, add a handler\n      if (_items[id].func) {\n        this.on(id, _items[id].func);\n      }\n      _items[id].created = true;\n    }\n    return res;\n  }",
    "ctx": {
      "type": "method",
      "receiver": "this",
      "name": "addMenu",
      "string": "this.addMenu()"
    }
  },
  {
    "tags": [
      {
        "type": "method",
        "string": "autoDisable"
      },
      {
        "type": "summary",
        "string": "Auto-enables or auto-disables a menu item."
      },
      {
        "type": "description",
        "string": "__Ex.:__\n<code javascript>\nsystray.autoDisable('evMenu1', true);\n</code>"
      },
      {
        "type": "path",
        "string": "ctx.systrayClass.autoDisable"
      },
      {
        "type": "param",
        "types": [
          "string"
        ],
        "name": "id",
        "description": "Menu identifer",
        "optional": false
      },
      {
        "type": "param",
        "types": [
          "boolean"
        ],
        "name": "[bAutoDisable]",
        "description": "Auto-disable if true (default), auto-enable if false",
        "optional": true
      },
      {
        "type": "return",
        "types": [
          "*"
        ],
        "description": "Return value"
      },
      {
        "type": "private",
        "visibility": "private"
      }
    ],
    "description": {
      "full": "",
      "summary": "",
      "body": ""
    },
    "isPrivate": true,
    "ignore": false,
    "code": "this.autoDisable = function (id, bAutoDisable) {\n\t\tid = String(id).substring(0, _maxIdLength);\n    return this.setParam(id, (bAutoDisable === false) ? 'NOAUTODISABLE' : 'AUTODISABLE');\n  }",
    "ctx": {
      "type": "method",
      "receiver": "this",
      "name": "autoDisable",
      "string": "this.autoDisable()"
    }
  },
  {
    "tags": [
      {
        "type": "method",
        "string": "check"
      },
      {
        "type": "summary",
        "string": "Checks or unchecks a menu item."
      },
      {
        "type": "description",
        "string": "__Ex.:__\n<code javascript>\nsystray.check('evMenu1', true);\n</code>"
      },
      {
        "type": "path",
        "string": "ctx.systrayClass.check"
      },
      {
        "type": "param",
        "types": [
          "string"
        ],
        "name": "id",
        "description": "Menu identifer",
        "optional": false
      },
      {
        "type": "param",
        "types": [
          "boolean"
        ],
        "name": "[bCheck]",
        "description": "check if true (default), uncheck if false",
        "optional": true
      },
      {
        "type": "return",
        "types": [
          "*"
        ],
        "description": "Return value"
      }
    ],
    "description": {
      "full": "",
      "summary": "",
      "body": ""
    },
    "isPrivate": false,
    "ignore": false,
    "code": "this.check = function (id, bCheck) {\n\t\tid = String(id).substring(0, _maxIdLength);\n    return this.setParam(id, (bCheck === false) ? 'UNCHECK' : 'CHECK');\n  }",
    "ctx": {
      "type": "method",
      "receiver": "this",
      "name": "check",
      "string": "this.check()"
    }
  },
  {
    "tags": [
      {
        "type": "method",
        "string": "createBarMenu"
      },
      {
        "type": "summary",
        "string": "Creates a menu bar."
      },
      {
        "type": "description",
        "string": "__Ex.:__\n<code javascript>\nmenuBar.createBarMenu(ctx.options.projectName, 'ICON1');\n</code>"
      },
      {
        "type": "path",
        "string": "ctx.systrayClass.createBarMenu"
      },
      {
        "type": "param",
        "types": [
          "string"
        ],
        "name": "label",
        "description": "Tooltip ",
        "optional": false
      },
      {
        "type": "param",
        "types": [
          "string"
        ],
        "name": "[iconId]",
        "description": "Icon id (default is 'ICON1') ",
        "optional": true
      },
      {
        "type": "param",
        "types": [
          "string"
        ],
        "name": "[iconType]",
        "description": "Resource type (executable icon (ICON (default)) or external bitmap file (FILE)) ",
        "optional": true
      },
      {
        "type": "param",
        "types": [
          "string"
        ],
        "name": "[filename]",
        "description": "Resource name or icon file",
        "optional": true
      },
      {
        "type": "param",
        "types": [
          "ctx.systrayClass"
        ],
        "name": "[systray]",
        "description": "Systray object on which route all events ",
        "optional": true
      },
      {
        "type": "return",
        "types": [
          "*"
        ],
        "description": "Return value"
      }
    ],
    "description": {
      "full": "",
      "summary": "",
      "body": ""
    },
    "isPrivate": false,
    "ignore": false,
    "code": "this.createBarMenu = function (label, iconId, iconType, filename, systray) {\n    // dynamically create the page from ExpBar2 extended pilot\n    if (!_page)\n    _page = _parentProcess.createExtendedConnector(e.extendedConnector.ExpBar, this.name);\n    if (!_defaultIconId) _defaultIconId = iconId || 'ICON1';\n    if (!_defaultLabel) _defaultLabel = label;\n\n    _bCreated = true;\n    this.loadImage(iconId, iconType, filename);\n    var desc = _page.getObjectDescriptor();\n    var res = ctx.actionApp(desc, 'createBarMenu', 'CREATEBAR', this.name, '', '', label, iconId);\n    var it = null;\n    // later create menu items\n    for (var id in _items) {\n      it = _items[id];\n      if (it.id && !it.created) {\n        this.addMenu(it.parentId, it.id, it.label, it.iconId, it.func);\n        it.created = true;\n      }\n    }\n    if (systray && (systray instanceof ctx.systrayClass)) {\n      // route all events on the 'systray' object\n      var evCallback = {};\n      evCallback[ctx.anyEvent] = function(ev) { systray.notify(ev.name); }\n      _page.addOn( evCallback);\n    }\n    return res;\n  }",
    "ctx": {
      "type": "method",
      "receiver": "this",
      "name": "createBarMenu",
      "string": "this.createBarMenu()"
    }
  },
  {
    "tags": [
      {
        "type": "method",
        "string": "createSystrayMenu"
      },
      {
        "type": "summary",
        "string": "Creates a systray."
      },
      {
        "type": "description",
        "string": "__Ex.:__\n<code javascript>\nsystray.createSystrayMenu(ctx.options.projectName, 'ICON1', 'FILE', '/bmp/chart_pie.png');\n</code>"
      },
      {
        "type": "path",
        "string": "ctx.systrayClass.createSystrayMenu"
      },
      {
        "type": "param",
        "types": [
          "string"
        ],
        "name": "label",
        "description": "Tooltip text",
        "optional": false
      },
      {
        "type": "param",
        "types": [
          "string"
        ],
        "name": "[iconId]",
        "description": "Icon id (default is 'ICON1') ",
        "optional": true
      },
      {
        "type": "param",
        "types": [
          "string"
        ],
        "name": "[iconType]",
        "description": "Resource type (executable icon (ICON (default)) or external bitmap file (FILE)) ",
        "optional": true
      },
      {
        "type": "param",
        "types": [
          "string"
        ],
        "name": "[filename]",
        "description": "Resource name or icon file",
        "optional": true
      },
      {
        "type": "param",
        "types": [
          "ctx.systrayClass"
        ],
        "name": "[systray]",
        "description": "Systray object on which route all events ",
        "optional": true
      },
      {
        "type": "return",
        "types": [
          "*"
        ],
        "description": "Return value"
      }
    ],
    "description": {
      "full": "",
      "summary": "",
      "body": ""
    },
    "isPrivate": false,
    "ignore": false,
    "code": "this.createSystrayMenu = function (label, iconId, iconType, filename, systray) {\n    // dynamically create the page from ExpBar2 extended pilot\n    if (!_page)\n      _page = _parentProcess.createExtendedConnector(e.extendedConnector.ExpBar, this.name);\n    if (!_defaultIconId) _defaultIconId = iconId || 'ICON1';\n    if (!_defaultLabel) _defaultLabel = label;\n    \n    _bCreated = true;\n    var it = null;\n    // later load icons\n    for (var id in _images) {\n      it = _images[id];\n      if (it.id && !it.created) {\n        this.loadImage(it.id, it.type, it.filename);\n        it.created = true;\n      }\n    }\n     this.loadImage(iconId, iconType, filename);\n    var desc = _page.getObjectDescriptor();\n    var res = ctx.actionApp(desc, 'createSystrayMenu', 'CREATESYSTRAY', this.name, '', '', label, iconId);\n    // later create menu items\n    for (var id in _items) {\n      it = _items[id];\n      if (it.id && !it.created) {\n        this.addMenu(it.parentId, it.id, it.label, it.iconId, it.func);\n        it.created = true;\n      }\n    }\n    if (systray && (systray instanceof ctx.systrayClass)) {\n      // route all events on the 'systray' object\n      var evCallback = {};\n      evCallback[ctx.anyEvent] = function(ev) { systray.notify(ev.name); }\n      _page.addOn( evCallback);\n    }\n    return res;\n  }",
    "ctx": {
      "type": "method",
      "receiver": "this",
      "name": "createSystrayMenu",
      "string": "this.createSystrayMenu()"
    }
  },
  {
    "tags": [
      {
        "type": "method",
        "string": "deleteMenu"
      },
      {
        "type": "summary",
        "string": "Deletes a menu item."
      },
      {
        "type": "description",
        "string": "__Ex.:__\n<code javascript>\nsystray.deleteMenu('evMenu1');\n</code>"
      },
      {
        "type": "path",
        "string": "ctx.systrayClass.deleteMenu"
      },
      {
        "type": "param",
        "types": [
          "string"
        ],
        "name": "id",
        "description": "Menu id",
        "optional": false
      },
      {
        "type": "return",
        "types": [
          "*"
        ],
        "description": "Return value"
      }
    ],
    "description": {
      "full": "",
      "summary": "",
      "body": ""
    },
    "isPrivate": false,
    "ignore": false,
    "code": "this.deleteMenu = function (id) {\n\t\tid = String(id).substring(0, _maxIdLength);\n    var desc = _page.getObjectDescriptor();\n    if (_items[id]) { delete _items[id]; }\n    return ctx.actionApp(desc, 'deleteMenu', 'DELETE', id);\n  }",
    "ctx": {
      "type": "method",
      "receiver": "this",
      "name": "deleteMenu",
      "string": "this.deleteMenu()"
    }
  },
  {
    "tags": [
      {
        "type": "method",
        "string": "enable"
      },
      {
        "type": "summary",
        "string": "Enables or disables a menu item."
      },
      {
        "type": "description",
        "string": "__Ex.:__\n<code javascript>\nsystray.enable('evMenu1', false);\n</code>"
      },
      {
        "type": "path",
        "string": "ctx.systrayClass.enable"
      },
      {
        "type": "param",
        "types": [
          "string"
        ],
        "name": "id",
        "description": "Menu identifer",
        "optional": false
      },
      {
        "type": "param",
        "types": [
          "boolean"
        ],
        "name": "[bEnable]",
        "description": "Enable if 'true' (default), disable if 'false'",
        "optional": true
      },
      {
        "type": "return",
        "types": [
          "*"
        ],
        "description": "Return value"
      }
    ],
    "description": {
      "full": "",
      "summary": "",
      "body": ""
    },
    "isPrivate": false,
    "ignore": false,
    "code": "this.enable = function (id, bEnable) {\n\t\tid = String(id).substring(0, _maxIdLength);\n    return this.setParam(id, (bEnable === false) ? 'DISABLE' : 'ENABLE');\n  }",
    "ctx": {
      "type": "method",
      "receiver": "this",
      "name": "enable",
      "string": "this.enable()"
    }
  },
  {
    "tags": [
      {
        "type": "method",
        "string": "flashIcon"
      },
      {
        "type": "summary",
        "string": "Triggers icon flashing."
      },
      {
        "type": "description",
        "string": "__Ex.:__\n<code javascript>\nsystray.flashIcon('ICON2');\n</code>"
      },
      {
        "type": "path",
        "string": "ctx.systrayClass.flashIcon"
      },
      {
        "type": "param",
        "types": [
          "string"
        ],
        "name": "iconId",
        "description": "Alternative icon id ",
        "optional": false
      },
      {
        "type": "param",
        "types": [
          "number"
        ],
        "name": "[timer]",
        "description": "Timer in ms (default is 2000 ms)",
        "optional": true
      },
      {
        "type": "param",
        "types": [
          "boolean"
        ],
        "name": "[enable]",
        "description": "Activates or disables the flash effect",
        "optional": true
      }
    ],
    "description": {
      "full": "",
      "summary": "",
      "body": ""
    },
    "isPrivate": false,
    "ignore": false,
    "code": "this.flashIcon = function (iconId, timer, enable) {\n    timer = timer || 2000;\n    var sys = this;\n    if (enable) {\n      _timerObj = setInterval(function() {\n        _alternativeIcon = !_alternativeIcon;\n        sys.createSystrayMenu(_defaultLabel, (_alternativeIcon ? _defaultIconId : iconId));\n      }, timer);\n    } else {\n      if (_timerObj)\n        clearInterval(_timerObj);\n      if (_alternativeIcon) {\n        _alternativeIcon = false;\n        sys.createSystrayMenu(_defaultLabel, _defaultIconId);\n      }\n    }    \n  }",
    "ctx": {
      "type": "method",
      "receiver": "this",
      "name": "flashIcon",
      "string": "this.flashIcon()"
    }
  },
  {
    "tags": [
      {
        "type": "method",
        "string": "loadImage"
      },
      {
        "type": "summary",
        "string": "Loads a bitmap to be later used as icon in the systray or menu bar."
      },
      {
        "type": "description",
        "string": "__Ex.:__\n<code javascript>\n// Load icon, associated with id 'about'\nsystray.loadImage('about', 'FILE', e.popup.icon16.help);\n...\n// Use icon in menu\nsystray.addMenu('', 'evVersion', GLOBAL.labels.menu.about + ' (MESSBOX)', 'about');\n});\n</code>"
      },
      {
        "type": "path",
        "string": "ctx.systrayClass.loadImage"
      },
      {
        "type": "param",
        "types": [
          "string"
        ],
        "name": "[id]",
        "description": "Image identifier",
        "optional": true
      },
      {
        "type": "param",
        "types": [
          "string"
        ],
        "name": "[type]",
        "description": "Type : 'FILE|ICON'",
        "optional": true
      },
      {
        "type": "param",
        "types": [
          "string"
        ],
        "name": "[filename]",
        "description": "Image filename",
        "optional": true
      },
      {
        "type": "return",
        "types": [
          "boolean"
        ],
        "description": "true for success, false otherwise"
      }
    ],
    "description": {
      "full": "",
      "summary": "",
      "body": ""
    },
    "isPrivate": false,
    "ignore": false,
    "code": "this.loadImage = function (id, type, filename) {\n    id = id || 'ICON1'; // default 'Interactive' icon\n    type = type || 'ICON';\n    if (_images[id] && _images[id].created)\n      return true;\n    if (filename && (!ctx.fso.isPathAbsolute(filename))) {\n      if ((!filename.startsWith('/')) && (!filename.startsWith('\\\\')))\n        filename = '\\\\' + filename;\n      filename = ctx.options.path.resources + filename;\n    }\n   //this.images[id] = id;\n    // page not yet created : just memorize parameters for later creation\n    _images[id] = {\n      id: id,\n      type: type,\n      created: false,\n      filename: filename\n    };\n    if (_bCreated) { \n      var desc = _page.getObjectDescriptor();\n      var res = ctx.actionApp(desc, 'loadImage', 'LOADIMAGE', id, type, filename);\n      _images[id].created = true;\n      if (res != '')\n        ctx.log('ctx.loadImage (' + id + '): ' + res, e.logIconType.Error);\n      return (res == '');\n    }\n    return true;\n  }",
    "ctx": {
      "type": "method",
      "receiver": "this",
      "name": "loadImage",
      "string": "this.loadImage()"
    }
  },
  {
    "tags": [
      {
        "type": "method",
        "string": "notify"
      },
      {
        "type": "summary",
        "string": "Triggers a menu action."
      },
      {
        "type": "description",
        "string": "__Ex.:__\n<code javascript>\n// Send an 'About...' menu notification\nsystray.notify('evVersion');\n</code>"
      },
      {
        "type": "path",
        "string": "ctx.systrayClass.notify"
      },
      {
        "type": "param",
        "types": [
          "string"
        ],
        "name": "id",
        "description": "Menu identifier",
        "optional": false
      },
      {
        "type": "return",
        "types": [
          "*"
        ],
        "description": "Action result"
      }
    ],
    "description": {
      "full": "",
      "summary": "",
      "body": ""
    },
    "isPrivate": false,
    "ignore": false,
    "code": "this.notify = function (id) {\n\t\tid = String(id).substring(0, _maxIdLength);\n    return _page.notify(id);\n  }",
    "ctx": {
      "type": "method",
      "receiver": "this",
      "name": "notify",
      "string": "this.notify()"
    }
  },
  {
    "tags": [
      {
        "type": "method",
        "string": "on"
      },
      {
        "type": "summary",
        "string": "Sets a callback handler on an menu action."
      },
      {
        "type": "description",
        "string": "__Ex.:__\n<code javascript>\n// 'About...' menu handler\nsystray.on('evVersion', function (ev) {\n  // add code here...\n});\n</code>"
      },
      {
        "type": "path",
        "string": "ctx.systrayClass.on"
      },
      {
        "type": "param",
        "types": [
          "string"
        ],
        "name": "id",
        "description": "Menu id",
        "optional": false
      },
      {
        "type": "param",
        "types": [
          "function(ctx.event)"
        ],
        "name": "func",
        "description": "Callback to be called on event reception",
        "optional": false
      },
      {
        "type": "return",
        "types": [
          "Object"
        ],
        "description": "Object to be provided to 'ctx.off()' to disable listening"
      }
    ],
    "description": {
      "full": "",
      "summary": "",
      "body": ""
    },
    "isPrivate": false,
    "ignore": false,
    "code": "this.on = function (id, func) {\n    // memorize parameters for later creation (in case page not yet created)\n\t\tid = String(id).substring(0, _maxIdLength);\n    _items[id] = _items[id] || { };\n    if (func) { _items[id].func = func; }    \n    if (_bCreated) {\n      var evObj = {};\n      evObj[id] = '';\n      return ctx.on(_page.addEvent(evObj), func);\n    }\n    return null;\n  }",
    "ctx": {
      "type": "method",
      "receiver": "this",
      "name": "on",
      "string": "this.on()"
    }
  },
  {
    "tags": [
      {
        "type": "ignore",
        "string": ""
      },
      {
        "type": "method",
        "string": "setParam"
      },
      {
        "type": "summary",
        "string": "Modifies a menu item (checks, disables, ...)"
      },
      {
        "type": "description",
        "string": "__Ex.:__\n<code javascript>\nsystray.setParam('evMenu1', 'CHECK');\n</code>"
      },
      {
        "type": "private",
        "visibility": "private"
      },
      {
        "type": "path",
        "string": "ctx.systrayClass.setParam"
      },
      {
        "type": "param",
        "types": [
          "string"
        ],
        "name": "id",
        "description": "Event id",
        "optional": false
      },
      {
        "type": "param",
        "types": [
          "string"
        ],
        "name": "state",
        "description": "",
        "optional": false
      },
      {
        "type": "param",
        "types": [
          "string"
        ],
        "name": "[value]",
        "description": "",
        "optional": true
      },
      {
        "type": "param",
        "types": [
          "string"
        ],
        "name": "[label]",
        "description": "",
        "optional": true
      },
      {
        "type": "return",
        "types": [
          "*"
        ],
        "description": "Return value"
      }
    ],
    "description": {
      "full": "",
      "summary": "",
      "body": ""
    },
    "isPrivate": true,
    "ignore": false,
    "code": "this.setParam = function (id, state, value, label) {\n\t\tid = String(id).substring(0, _maxIdLength);\n    var desc = _page.getObjectDescriptor();\n    var evObj = {};\n    evObj[id] = '';\n    _page.addEvent(evObj);\n    return ctx.actionApp(desc, 'setParam', 'SETPARAM', id, state, value, label);\n  }",
    "ctx": {
      "type": "method",
      "receiver": "this",
      "name": "setParam",
      "string": "this.setParam()"
    }
  },
  {
    "tags": [
      {
        "type": "method",
        "string": "setTitle"
      },
      {
        "type": "summary",
        "string": "Updates the title in the systray or menu bar."
      },
      {
        "type": "description",
        "string": "__Ex.:__\n<code javascript>\nsystray.setTitle('In progress...');\n</code>"
      },
      {
        "type": "path",
        "string": "ctx.systrayClass.setTitle"
      },
      {
        "type": "param",
        "types": [
          "string"
        ],
        "name": "text",
        "description": "Bar title",
        "optional": false
      },
      {
        "type": "return",
        "types": [
          "*"
        ],
        "description": "Return value"
      }
    ],
    "description": {
      "full": "",
      "summary": "",
      "body": ""
    },
    "isPrivate": false,
    "ignore": false,
    "code": "this.setTitle = function (text) {\n    var desc = _page.getObjectDescriptor();\n    return ctx.actionApp(desc, 'setTitle', 'SETTEXT', text);\n  }",
    "ctx": {
      "type": "method",
      "receiver": "this",
      "name": "setTitle",
      "string": "this.setTitle()"
    }
  },
  {
    "tags": [
      {
        "type": "method",
        "string": "show"
      },
      {
        "type": "summary",
        "string": "Shows or hides the systray or menu bar."
      },
      {
        "type": "description",
        "string": "__Ex.:__\n<code javascript>\nsystray.show(false);\n</code>"
      },
      {
        "type": "path",
        "string": "ctx.systrayClass.show"
      },
      {
        "type": "param",
        "types": [
          "boolean"
        ],
        "name": "[bShow]",
        "description": "show if true (default), hide if false",
        "optional": true
      },
      {
        "type": "return",
        "types": [
          "*"
        ],
        "description": "Return value"
      }
    ],
    "description": {
      "full": "",
      "summary": "",
      "body": ""
    },
    "isPrivate": false,
    "ignore": false,
    "code": "this.show = function (bShow) {\n    var desc = _page.getObjectDescriptor();\n    return ctx.actionApp(desc, 'show', (bShow === false) ? 'HIDE' : 'SHOW');\n  }",
    "ctx": {
      "type": "method",
      "receiver": "this",
      "name": "show",
      "string": "this.show()"
    }
  },
  {
    "tags": [
      {
        "type": "method",
        "string": "showBalloon"
      },
      {
        "type": "summary",
        "string": "Displays a balloon message on the systray or menu bar."
      },
      {
        "type": "description",
        "string": "__Ex.:__\n<code javascript>\nsystray.showBalloon(ctx.options.projectLabel, 'Ready for testing...', e.systray.iconType.Warning, 10000);\n</code>"
      },
      {
        "type": "path",
        "string": "ctx.systrayClass.showBalloon"
      },
      {
        "type": "param",
        "types": [
          "string"
        ],
        "name": "title",
        "description": "Balloon title",
        "optional": false
      },
      {
        "type": "param",
        "types": [
          "string"
        ],
        "name": "text",
        "description": "Balloon text",
        "optional": false
      },
      {
        "type": "param",
        "types": [
          "e.systray.iconType"
        ],
        "name": "iconType",
        "description": "Icon type (see [[lib:common:ctx.enum#esystrayicontype|e.systray.iconType]])",
        "optional": false
      },
      {
        "type": "param",
        "types": [
          "number"
        ],
        "name": "duration",
        "description": "Balloon display duration (in ms)",
        "optional": false
      },
      {
        "type": "return",
        "types": [
          "*"
        ],
        "description": "Return value"
      }
    ],
    "description": {
      "full": "",
      "summary": "",
      "body": ""
    },
    "isPrivate": false,
    "ignore": false,
    "code": "this.showBalloon = function (title, text, iconType, duration) {\n    var desc = _page.getObjectDescriptor();\n    return ctx.actionApp(desc, 'showBalloon', 'SHOWBALLOON', this.name, title, text, iconType, duration);\n  }",
    "ctx": {
      "type": "method",
      "receiver": "this",
      "name": "showBalloon",
      "string": "this.showBalloon()"
    }
  },
  {
    "tags": [
      {
        "type": "method",
        "string": "updateMenu"
      },
      {
        "type": "summary",
        "string": "Updates an existing menu in the systray or menu bar."
      },
      {
        "type": "description",
        "string": "__Ex.:__\n<code javascript>\nsystray.updateMenu('', 'evVersion', GLOBAL.labels.menu.about, 'about');\n...\n</code>\n\n<WRAP tip>You can use 'snippets' to accelerate development :\n  * **systray.updateMenu** + 'TAB' :\n\n<code javascript>\nsystray.updateMenu('', 'event', 'text', 'image');\n</code>\n</WRAP>"
      },
      {
        "type": "path",
        "string": "ctx.systrayClass.updateMenu"
      },
      {
        "type": "param",
        "types": [
          "string"
        ],
        "name": "parentId",
        "description": "Parent menu identifier (if empty, menu is a root menu)",
        "optional": false
      },
      {
        "type": "param",
        "types": [
          "string"
        ],
        "name": "id",
        "description": "Event id menu identifier (should be unique)",
        "optional": false
      },
      {
        "type": "param",
        "types": [
          "string"
        ],
        "name": "label",
        "description": "Menu text",
        "optional": false
      },
      {
        "type": "param",
        "types": [
          "string"
        ],
        "name": "[iconId]",
        "description": "Icon identifier (loaded in ''ctx.systray.loadImage()'')",
        "optional": true
      },
      {
        "type": "return",
        "types": [
          "*"
        ],
        "description": "Return value"
      }
    ],
    "description": {
      "full": "",
      "summary": "",
      "body": ""
    },
    "isPrivate": false,
    "ignore": false,
    "code": "this.updateMenu = function (parentId, id, label, iconId) {\n    var res = '';\n\t\tid = String(id).substring(0, _maxIdLength);\n    if ((!parentId) || (parentId === '')){\n      parentId = this.name; // give systray name to the root menu        \n    }\n    if (_bCreated) {\n      var desc = _page.getObjectDescriptor();\n      res = ctx.actionApp(desc, 'updateMenu', 'ADDMENUITEM', parentId, id, '', label, iconId);\n    }\n    return res;\n  }\n\n};",
    "ctx": {
      "type": "method",
      "receiver": "this",
      "name": "updateMenu",
      "string": "this.updateMenu()"
    }
  }
]