[
  {
    "tags": [],
    "description": {
      "full": "++++Status: Validated|\n<WRAP indent>\n|< 100% 10% 10% >|\n^ 21/04/2016 ^ ctxt8 ^ Validated ^\n</WRAP>\n++++\n====== ctx.sso class ======\n\n// :!: __Caution:__ this page is auto-generated from source code and should not be modified from wiki application //\n\n===== Presentation =====\n\nThe ''ctx.sso'' class implements a Single Sign On mechanism to auto-logon applications.\\\\\n\\\\\nFor more details about the Single Sign On mechanism, refer to the programming guide: [[:pg:sdk.sso|Single Sign On management]]. \n\\\\",
      "summary": "++++Status: Validated|\n<WRAP indent>\n|< 100% 10% 10% >|\n^ 21/04/2016 ^ ctxt8 ^ Validated ^\n</WRAP>\n++++\n====== ctx.sso class ======",
      "body": "// :!: __Caution:__ this page is auto-generated from source code and should not be modified from wiki application //\n\n===== Presentation =====\n\nThe ''ctx.sso'' class implements a Single Sign On mechanism to auto-logon applications.\\\\\n\\\\\nFor more details about the Single Sign On mechanism, refer to the programming guide: [[:pg:sdk.sso|Single Sign On management]]. \n\\\\"
    },
    "isPrivate": false,
    "ignore": false,
    "code": "//require('ctx.language');"
  },
  {
    "tags": [
      {
        "type": "ignore",
        "string": ""
      },
      {
        "type": "summary",
        "string": "Options for the 'ctx.sso' library"
      },
      {
        "type": "path",
        "string": "ctx.options.sso"
      },
      {
        "type": "class",
        "string": "ctx.options.sso"
      },
      {
        "type": "struct",
        "string": ""
      }
    ],
    "description": {
      "full": "",
      "summary": "",
      "body": ""
    },
    "isPrivate": false,
    "ignore": false,
    "code": "ctx.options.sso = {"
  },
  {
    "tags": [
      {
        "type": "summary",
        "string": "Trace level (see [[lib:common:ctx.enum#etracelevel|e.trace.level]])"
      },
      {
        "type": "property",
        "types": [
          "e.trace.level"
        ],
        "name": "traceLevel",
        "description": "",
        "optional": false
      },
      {
        "type": "path",
        "string": "ctx.options.sso.traceLevel"
      }
    ],
    "description": {
      "full": "",
      "summary": "",
      "body": ""
    },
    "isPrivate": false,
    "ignore": false,
    "code": "traceLevel: e.trace.level.None\n};"
  },
  {
    "tags": [
      {
        "type": "ignore",
        "string": ""
      },
      {
        "type": "constructor",
        "string": ""
      }
    ],
    "description": {
      "full": "",
      "summary": "",
      "body": ""
    },
    "isPrivate": false,
    "ignore": false,
    "code": "ctx.sso = (function () {",
    "ctx": {
      "type": "property",
      "receiver": "ctx",
      "name": "sso",
      "value": "(function () {",
      "string": "ctx.sso"
    }
  },
  {
    "tags": [
      {
        "type": "type",
        "types": [
          "Object"
        ]
      }
    ],
    "description": {
      "full": "",
      "summary": "",
      "body": ""
    },
    "isPrivate": false,
    "ignore": false,
    "code": "var _options = ctx.options.sso;\n  // array used to memorize temporarly the sso parameters.\n  // ex _map[App1][Page11]{login:..., password:'...', disabled:false}\n  //               [Page12]{login:..., password:'...', disabled:false}\n  //        [App2][Page21]{login:..., password:'...', disabled:false}\n  var _map = {}; \n\n  var _initPage = function(pg) {\n    if (pg && pg.parent && pg.parent.name && pg.name) {\n      if (!_map[pg.parent.name])\n        _map[pg.parent.name] = {};\n      if (!_map[pg.parent.name][pg.name])\n        _map[pg.parent.name][pg.name] = {};\n      _map[pg.parent.name][pg.name] = {\n        disabled: false,\n        login: '',\n        password: ''\n      }\n      return true;\n    }\n    return false;\n  };\n\n  var self =",
    "ctx": {
      "type": "declaration",
      "name": "_options",
      "value": "ctx.options.sso",
      "string": "_options"
    }
  },
  {
    "tags": [
      {
        "type": "lends",
        "parent": "ctx.sso"
      }
    ],
    "description": {
      "full": "",
      "summary": "",
      "body": ""
    },
    "isPrivate": false,
    "ignore": false,
    "code": "{"
  },
  {
    "tags": [
      {
        "type": "method",
        "string": "clearCredentials"
      },
      {
        "type": "summary",
        "string": "Clears credentials (login / password) saved in registry."
      },
      {
        "type": "description",
        "string": "\n__Ex.:__\n<code javascript>\nctx.sso.clearCredentials(Mantis.pLogin);\n</code>"
      },
      {
        "type": "path",
        "string": "ctx.sso.clearCredentials"
      },
      {
        "type": "param",
        "types": [
          "ctx.page"
        ],
        "name": "pg",
        "description": "Page",
        "optional": false
      },
      {
        "type": "return",
        "types": [
          "boolean"
        ],
        "description": "true for success, false otherwise"
      }
    ],
    "description": {
      "full": "",
      "summary": "",
      "body": ""
    },
    "isPrivate": false,
    "ignore": false,
    "code": "clearCredentials : function (pg) {\n      ctx.notifyAction('ctx.sso.clearCredentials');\n      if (pg && pg.parent && pg.parent.name && pg.name) {\n        var root = ctx.registry.getRoot(\"SSO\") + pg.parent.name + \"\\\\\" + pg.name + \"\\\\\";\n        ctx.registry.del(root + \"Login\", e.registry.root.CurrentUser);\n        ctx.registry.del(root + \"Password\", e.registry.root.CurrentUser);\n        if (_map[pg.parent.name][pg.name]) {\n          _map[pg.parent.name][pg.name].login = '';\n          _map[pg.parent.name][pg.name].password = '';\n        }\n        return true;\n      }\n      return false;\n    },"
  },
  {
    "tags": [
      {
        "type": "method",
        "string": "disable"
      },
      {
        "type": "summary",
        "string": "Disables/enables automatic login SSO mechanism."
      },
      {
        "type": "description",
        "string": "\n__Ex.:__\n<code javascript>\n// Disable mechanism\nctx.sso.disable(Mantis.pLogin, false);\n</code>"
      },
      {
        "type": "path",
        "string": "ctx.sso.disable"
      },
      {
        "type": "param",
        "types": [
          "ctx.page"
        ],
        "name": "pg",
        "description": "Page on which SSO mechanism is enabled",
        "optional": false
      },
      {
        "type": "param",
        "types": [
          "boolean"
        ],
        "name": "[state]",
        "description": "SSO auto-login state : 'disable' (true) or 'enable' (false) (default is 'disable')",
        "optional": true
      },
      {
        "type": "return",
        "types": [
          "boolean"
        ],
        "description": "true for success, false otherwise"
      }
    ],
    "description": {
      "full": "",
      "summary": "",
      "body": ""
    },
    "isPrivate": false,
    "ignore": false,
    "code": "disable : function (pg, state) {\n      ctx.notifyAction('ctx.sso.disable');\n      if (pg && _map[pg.parent.name] && _map[pg.parent.name][pg.name]) {\n        _map[pg.parent.name][pg.name].disabled = (state === false ? false : true);\n        return true;\n      }\n      return false;\n    },"
  },
  {
    "tags": [
      {
        "type": "method",
        "string": "getCredentials"
      },
      {
        "type": "summary",
        "string": "Collects credentials from objects in page or from captured data."
      },
      {
        "type": "description",
        "string": "__Ex.:__\n<code javascript>\nMantis.pLogin.events.UNLOAD.on(function(ev) {\n  ctx.sso.getCredentials(this.oUsername, this.oPassword, ev);\n});\n</code>"
      },
      {
        "type": "advanced",
        "string": ""
      },
      {
        "type": "path",
        "string": "ctx.sso.getCredentials"
      },
      {
        "type": "param",
        "types": [
          "ctx.item"
        ],
        "name": "itLogin",
        "description": "Page item to set login",
        "optional": false
      },
      {
        "type": "param",
        "types": [
          "ctx.item"
        ],
        "name": "itPassword",
        "description": "Page item to set password",
        "optional": false
      },
      {
        "type": "param",
        "types": [
          "ctx.event"
        ],
        "name": "ev",
        "description": "Current event with data XML string containing 'CaptData'",
        "optional": false
      },
      {
        "type": "return",
        "types": [
          "boolean"
        ],
        "description": "true for success, false otherwise"
      }
    ],
    "description": {
      "full": "",
      "summary": "",
      "body": ""
    },
    "isPrivate": false,
    "ignore": false,
    "code": "getCredentials : function (itLogin, itPassword, ev) {\n      ctx.notifyAction('ctx.sso.getCredentials');\n      var pg = (itLogin ? itLogin.parent : null);\n      if (pg) {\n        _initPage(pg);\n        var obj = {};\n        if (pg.exist()) {\n          obj.login = itLogin.get(true); // object is present : collect data\n          obj.password = itPassword.get(true);\n        }\n        var xml;\n        if (!obj.login) {\n          // get data from 'CapturedData'\n          obj.login = itLogin.getCaptData(ev);\n        }\n        if (!obj.password) {\n          // get data from 'CapturedData'\n          obj.password = itPassword.getCaptData(ev);\n        }\n        // store cyphered data in map\n        if (obj.login || obj.password) {\n          _map[pg.parent.name][pg.name].login = ctx.cryptography.protect(obj.login);\n          _map[pg.parent.name][pg.name].password = ctx.cryptography.protect(obj.password);\n          return true;\n        }\n      }\n      return false;\n    },"
  },
  {
    "tags": [
      {
        "type": "method",
        "string": "isDisabled"
      },
      {
        "type": "summary",
        "string": "Disables/enables automatic login SSO mechanism."
      },
      {
        "type": "description",
        "string": "__Ex.:__\n<code javascript>\n// diable mechanism\nif (ctx.sso.isDisabled(Mantis.pLogin)) { ... }\n</code>"
      },
      {
        "type": "path",
        "string": "ctx.sso.isDisabled"
      },
      {
        "type": "param",
        "types": [
          "ctx.page"
        ],
        "name": "pg",
        "description": "Page on which SSO mechanism is enabled",
        "optional": false
      },
      {
        "type": "return",
        "types": [
          "boolean"
        ],
        "description": "Disabled state"
      }
    ],
    "description": {
      "full": "",
      "summary": "",
      "body": ""
    },
    "isPrivate": false,
    "ignore": false,
    "code": "isDisabled : function (pg) {\n      var res = false;\n      ctx.notifyAction('ctx.sso.isDisabled');\n      if (pg && _map[pg.parent.name] && _map[pg.parent.name][pg.name]) {\n        res = (_map[pg.parent.name][pg.name].disabled ? true : false);\n      }\n      return res;\n    },"
  },
  {
    "tags": [
      {
        "type": "method",
        "string": "saveCredentials"
      },
      {
        "type": "summary",
        "string": "Saves credentials to registry."
      },
      {
        "type": "description",
        "string": "Credentials are previously saved in memory using 'ctx.sso.getCredentials'.\\\\ \\\\ \n__Ex.:__\n<code javascript>\nMantis.pHome.events.LOAD.on(function(ev) {\n  ctx.sso.saveCredentials(Mantis.pLogin);\n});\nMantis.pMyDisplay.events.LOAD.on(function(ev) {\n  ctx.sso.saveCredentials(Mantis.pLogin);\n});\n</code>"
      },
      {
        "type": "advanced",
        "string": ""
      },
      {
        "type": "path",
        "string": "ctx.sso.saveCredentials"
      },
      {
        "type": "param",
        "types": [
          "ctx.page"
        ],
        "name": "pg",
        "description": "Page with added attributes",
        "optional": false
      },
      {
        "type": "return",
        "types": [
          "boolean"
        ],
        "description": "true for success, false otherwise"
      }
    ],
    "description": {
      "full": "",
      "summary": "",
      "body": ""
    },
    "isPrivate": false,
    "ignore": false,
    "code": "saveCredentials : function (pg) {\n      ctx.notifyAction('ctx.sso.saveCredentials');\n      if (pg && _map[pg.parent.name] && _map[pg.parent.name][pg.name] && _map[pg.parent.name][pg.name].login) {\n        var root = ctx.registry.getRoot(\"SSO\") + pg.parent.name + \"\\\\\" + pg.name + \"\\\\\";\n        ctx.registry.set(root + \"Login\", _map[pg.parent.name][pg.name].login);\n        ctx.registry.set(root + \"Password\", _map[pg.parent.name][pg.name].password);\n        _map[pg.parent.name][pg.name].login = '';\n        _map[pg.parent.name][pg.name].password = '';\n        return true;\n      }\n      return false;\n    },"
  },
  {
    "tags": [
      {
        "type": "method",
        "string": "setCredentials"
      },
      {
        "type": "summary",
        "string": "Reads credentials from registry and set values in page."
      },
      {
        "type": "description",
        "string": "__Ex.:__\n<code javascript>\nMantis.pLogin.events.LOAD.on(function(ev) {\n  if (ctx.sso.setCredentials(this.oUsername, this.oPassword))  {\n    // auto logon\n    ...\n  }\n});\n</code>"
      },
      {
        "type": "advanced",
        "string": ""
      },
      {
        "type": "path",
        "string": "ctx.sso.setCredentials"
      },
      {
        "type": "param",
        "types": [
          "ctx.item"
        ],
        "name": "itLogin",
        "description": "Page item to set login",
        "optional": false
      },
      {
        "type": "param",
        "types": [
          "ctx.item"
        ],
        "name": "itPassword",
        "description": "Page item to set password",
        "optional": false
      },
      {
        "type": "return",
        "types": [
          "boolean"
        ],
        "description": "true for success, false otherwise"
      }
    ],
    "description": {
      "full": "",
      "summary": "",
      "body": ""
    },
    "isPrivate": false,
    "ignore": false,
    "code": "setCredentials : function (itLogin, itPassword) {\n      ctx.notifyAction('ctx.sso.setCredentials');\n      var pg = (itLogin ? itLogin.parent : null);\n      var obj = {};\n      //if (pg && !(itWarning && itWarning.exist())) {\n      if (pg) {\n        // read values from registry and uncypher\n        var root = ctx.registry.getRoot(\"SSO\") + pg.parent.name + \"\\\\\" + pg.name + \"\\\\\";\n        var val;\n        val = ctx.registry.get(root + \"Login\");\n        obj.login = ctx.cryptography.unprotect(String(val));    \n        val = ctx.registry.get(root + \"Password\");\n        obj.password = ctx.cryptography.unprotect(String(val));\n        if ((obj.login != '') && (typeof obj.login != 'undefined') && (obj.login != '_Error') && (typeof obj.password != 'undefined') && (obj.password != '_Error')) {\n          if (pg.exist()) {\n            itLogin.set(obj.login, true);\n            itPassword.set(obj.password, true);\n            return true;\n          }\n        }\n      }\n      return false;\n    },"
  },
  {
    "tags": [
      {
        "type": "method",
        "string": "setup"
      },
      {
        "type": "summary",
        "string": "Sets a complete SSO process in a single function."
      },
      {
        "type": "description",
        "string": "__Ex.:__\n<code javascript>\nctx.sso.setup(Mantis.pLogin.oUsername, Mantis.pLogin.oPassword, \n  function(ev) { \n    ... \n  }, \n  function(ev) { \n    ... \n  }\n);\n</code>"
      },
      {
        "type": "path",
        "string": "ctx.sso.setup"
      },
      {
        "type": "param",
        "types": [
          "ctx.item"
        ],
        "name": "itLogin",
        "description": "Page item to set login",
        "optional": false
      },
      {
        "type": "param",
        "types": [
          "ctx.item"
        ],
        "name": "itPassword",
        "description": "Page item to set password",
        "optional": false
      },
      {
        "type": "param",
        "types": [
          "function(ctx.event)"
        ],
        "name": "[callback]",
        "description": "Callback called after credentials were set",
        "optional": true
      },
      {
        "type": "param",
        "types": [
          "function(ctx.event)"
        ],
        "name": "[failCallback]",
        "description": "Callback called if credentials could not be set",
        "optional": true
      },
      {
        "type": "return",
        "types": [
          "boolean"
        ],
        "description": "true for success, false otherwise"
      }
    ],
    "description": {
      "full": "",
      "summary": "",
      "body": ""
    },
    "isPrivate": false,
    "ignore": false,
    "code": "setup : function (itLogin, itPassword, callback, failCallback) {\n      ctx.notifyAction('ctx.sso.setup');"
  },
  {
    "tags": [
      {
        "type": "type",
        "types": [
          "ctx.page"
        ]
      }
    ],
    "description": {
      "full": "",
      "summary": "",
      "body": ""
    },
    "isPrivate": false,
    "ignore": false,
    "code": "var pg = (itLogin ? itLogin.parent : null);\n      if (pg) {\n        _initPage(pg);",
    "ctx": {
      "type": "declaration",
      "name": "pg",
      "value": "(itLogin ? itLogin.parent : null)",
      "string": "pg"
    }
  },
  {
    "tags": [
      {
        "type": "type",
        "types": [
          "ctx.application"
        ]
      }
    ],
    "description": {
      "full": "",
      "summary": "",
      "body": ""
    },
    "isPrivate": false,
    "ignore": false,
    "code": "var app = pg.parent;\n        \n        // *** scenario and step to implement SSO, named \"scSSO_+page name\" and \"stSSO_+page name\" ***\n        var stepName = 'stSSO_' + pg.name;\n        var scenarioName = 'scSSO_' + pg.name;\n\n        if (!app.steps[stepName]) {\n          var step = {};\n          step[stepName] =  function(ev, sc, st) {\n            // when Login page is displayed, try to set username / password \n            // (unless auto-login is disabled)\n            if ((!ctx.sso.isDisabled(pg)) && ctx.sso.setCredentials(itLogin, itPassword))\n            {\n              if (typeof callback === 'function') {\n                ctx.on(null, callback, true, null, true, 0);\n              }\n            } else {\n              if (typeof failCallback === 'function') {\n                ctx.on(null, failCallback, true, null, true, 0);\n              }\n              ctx.sso.disable(pg, false); // re-enable auto-login\n            }\n            // wait page closure\n            pg.waitClose(function(ev) {\n              // save login/password in memory \n              if (ctx.sso.getCredentials(itLogin, itPassword, ev)) {\n                app.waitPages(function(ev) {\n                  if (ev.page) {\n                    if (ev.page.name != pg.name) {\n                      // if a page different from 'Login' is reached (for instance 'Home'), then credentials are valid, so can be cyphered and saved in registry\n                      ctx.sso.saveCredentials(pg);\n                    //} else {\n                    //  // if loaded page is 'Login' again, then there is probably an issue (expired or wrong password, application unreachable, ...)\n                    //  // call the failure callback\n                    //  if (typeof failCallback === 'function') {\n                    //    ctx.on(null, failCallback, true, null, true, 0);\n                    //  }\n                    }\n                  }\n                  sc.endStep();\n                });\n              } else {\n                // not saved : end step...\n                sc.endStep();\n              }\n            });\n          };\n          app.step(step);\n        }\n\n        if (!app.scenarios[scenarioName]) {\n          var scenario = {};\n          scenario[scenarioName] =  function(ev, sc) {\n            sc.onError(function(sc, st, ex) { sc.endScenario();  }); // default error handler\n            sc.setMode(e.scenario.mode.clearIfRunning);\n            // add steps here...\n            sc.step(app.steps[stepName]);\n          };\n          app.scenario(scenario);\n        }\n\n        // start scenario on login page LOAD\n        pg.waitAll(function(ev) {\n          app.scenarios[scenarioName].start();\n        });\n        return true;\n      }\n      return false;\n    }\n  };\n  return self;\n})();",
    "ctx": {
      "type": "declaration",
      "name": "app",
      "value": "pg.parent",
      "string": "app"
    }
  }
]