[
  {
    "tags": [],
    "description": {
      "full": "++++Status: Validated|\n<WRAP indent>\n|< 100% 10% 10% >|\n^ 21/04/2016 ^ ctxt8 ^ Validated ^\n</WRAP>\n++++\n~~NOTOC~~\n====== ctx.diagnostic class ======\n\\\\\n// :!: __Caution:__ this page is auto-generated from source code and should not be modified from wiki application //\n\\\\\n\\\\\n===== Presentation =====\n\n\\\\\nThe ''ctx.diagnostic'' class implements a set of functions to help troubleshooting issues, making local or remote analysis.\\\\\n\nThe services can be used during developement phase or even production phase to enable trace collection from desktops:\n  * Activate/disable recording traces ('.pscl'), \n  * Collect a set of information about the current project, the desktop, ...\n  * Record traces during scenario execution (auto-recording mode)\n\nFor more details, see [[:pg:orch.diagnostic|Audit and diagnostic]].",
      "summary": "++++Status: Validated|\n<WRAP indent>\n|< 100% 10% 10% >|\n^ 21/04/2016 ^ ctxt8 ^ Validated ^\n</WRAP>\n++++\n~~NOTOC~~\n====== ctx.diagnostic class ======\n\\\\\n// :!: __Caution:__ this page is auto-generated from source code and should not be modified from wiki application //\n\\\\\n\\\\\n===== Presentation =====",
      "body": "\\\\\nThe ''ctx.diagnostic'' class implements a set of functions to help troubleshooting issues, making local or remote analysis.\\\\\n\nThe services can be used during developement phase or even production phase to enable trace collection from desktops:\n  * Activate/disable recording traces ('.pscl'), \n  * Collect a set of information about the current project, the desktop, ...\n  * Record traces during scenario execution (auto-recording mode)\n\nFor more details, see [[:pg:orch.diagnostic|Audit and diagnostic]]."
    },
    "isPrivate": false,
    "ignore": false,
    "code": "// init diagnostic labels\nGLOBAL.labels.set({\n  diagnostic: {\n    initTitle: { \n      en:\"Enable trace recording\", \n      fr:\"Enregistrement de traces\", \n      de:\"Enable trace recording\" },\n    recordingTitle: { \n      en:\"Recording in progress...\", \n      fr:\"Enregistrement en cours...\", \n      de:\"Recording in progress...\" },\n    submitTitle: { \n      en:\"Submit a diagnostic\", \n      fr:\"Soumettre un diagnostique\", \n      de:\"Submit a diagnostic\" },\n    diag: { \n      en:\"Diagnostic\", \n      fr:\"Diagnostique\", \n      de:\"Diagnostic\" },\n    initRecording: {\n      en:'Prepare the process to record, then click \\'Start\\' when ready',\n      fr:'Préparer le processus à enregistrer puis cliquer sur \\'Démarrer\\'',\n      de:'Prepare the process to record, then click \\'Start\\' when ready'\n    },\n    submitLabel: {\n      en:'Add comment and submit',\n      fr:'Ajouter un commentaire et cliquer \\'Soumettre\\'',\n      de:'Add comment and submit'\n    },\n    submitComment: {\n      en:'Click to validate recording',\n      fr:'Cliquer pour soumettre l\\'enregistrement',\n      de:'Click to validate recording'\n    },\n    cancelComment: {\n      en:'Click to cancel',\n      fr:'Cliquer pour annuler',\n      de:'Click to cancel'\n    },\n    commentTooltip: {\n      en:'Free comment',\n      fr:'Commentaire',\n      de:'Free comment'\n    },\n    saveTooltip: { \n      en:\"Click to save desktop and Contextor diagnostics\", \n      fr:\"Cliquer pour enregistrer le diagnostique du poste et de Contextor\", \n      de:\"Click to save desktop and Contextor diagnostics\" },\n    archiveReady: { \n      en:\"A trace archive was created\", \n      fr:\"Une archive de traces a été créée\", \n      de:\"A trace archive was created\" },\n    archiveTitle: { \n      en:\"Trace archive\", \n      fr:\"Archive de traces\", \n      de:\"Trace archive\" },\n    openArchive: { \n      en:\"Open\", \n      fr:\"Ouvrir\", \n      de:\"Open\" },\n    openArchiveTooltip: { \n      en:\"Click to open archive\", \n      fr:\"Cliquer pour ouvrir l'archive\", \n      de:\"Click to open archive\" },\n    start: { \n      en:\"Start\", \n      fr:\"Démarrer\", \n      de:\"Start\" },\n    startTooltip: { \n      en:\"Click to start recording\", \n      fr:\"Cliquer pour démarrer l'enregistrement\", \n      de:\"Click to start recording\" },\n    stop: { \n      en:\"Stop\", \n      fr:\"Arrêter\", \n      de:\"Stop\" },\n    stopTooltip: { \n      en:\"Click to stop recording\", \n      fr:\"Cliquer pour arrêter l'enregistrement\", \n      de:\"Click to stop recording\" },\n    archiveSaved: { \n      en:\"Diagnostic archive was saved\", \n      fr:\"L'archive de diagnostic a été sauvegardée\", \n      de:\"Diagnostic archive was saved\" },\n    archiveSavedKO: { \n      en:\"Diagnostic archive could not be saved\", \n      fr:\"L'archive de diagnostic n'a pu être sauvegardée\", \n      de:\"Diagnostic archive could not be saved\" },\n    screenshot: { \n      en:\"Include screenshots\", \n      fr:\"Copies d'écran\", \n      de:\"Include screenshots\" },\n    screenshotTooltip: { \n      en:\"Include screenshots with captured data\", \n      fr:\"Inclure les copies d'écrans dans la capture\", \n      de:\"Include screenshots with captured data\" },\n    comment: { \n      en:\"Comment\", \n      fr:\"Commentaire\", \n      de:\"Comment\" },\n    addComment: { \n      en:\"Comment\", \n      fr:\"Commentaire\", \n      de:\"Comment\" },\n    addCommentTooltip: { \n      en:\"Click to insert a comment\", \n      fr:\"Cliquer pour insérer un commentaire\", \n      de:\"Click to insert a comment\" },\n    close: { \n      en:\"Close\", \n      fr:\"Fermer\", \n      de:\"Schließen\" },\n    closeTooltip: { \n      en:\"Click to close window\", \n      fr:\"Cliquer pour fermer\", \n      de:\"Click to close window\" },\n    checkBHOSuccess: { \n      en:\"Contextor Web connector is enabled\", \n      fr:\"Le connecteur Web Contextor est activé\", \n      de:\"Contextor Web connector is enabled\" },\n    checkBHOFail: { \n      en:\"Contextor Web connector is disabled\", \n      fr:\"Le connecteur Web Contextor est désactivé\", \n      de:\"Contextor Web connector is disabled\" }\n  }\n});"
  },
  {
    "tags": [
      {
        "type": "path",
        "string": "ctx.options.diagnostic"
      },
      {
        "type": "class",
        "string": "ctx.options.diagnostic"
      },
      {
        "type": "struct",
        "string": ""
      }
    ],
    "description": {
      "full": "Options for the 'ctx.diagnostic' library",
      "summary": "Options for the 'ctx.diagnostic' library",
      "body": ""
    },
    "isPrivate": false,
    "ignore": false,
    "code": "ctx.options.diagnostic = {"
  },
  {
    "tags": [
      {
        "type": "property",
        "types": [
          "boolean"
        ],
        "name": "checkBHO",
        "description": "",
        "optional": false
      },
      {
        "type": "path",
        "string": "ctx.options.diagnostic.checkBHO"
      }
    ],
    "description": {
      "full": "Check if Web connector is available (default is 'true')",
      "summary": "Check if Web connector is available (default is 'true')",
      "body": ""
    },
    "isPrivate": false,
    "ignore": false,
    "code": "checkBHO: true,"
  },
  {
    "tags": [
      {
        "type": "property",
        "types": [
          "boolean"
        ],
        "name": "displayPopup",
        "description": "",
        "optional": false
      },
      {
        "type": "path",
        "string": "ctx.options.diagnostic.displayPopup"
      }
    ],
    "description": {
      "full": "Display a popup when the archive is ready (default is 'true')",
      "summary": "Display a popup when the archive is ready (default is 'true')",
      "body": ""
    },
    "isPrivate": false,
    "ignore": false,
    "code": "displayPopup : true,"
  },
  {
    "tags": [
      {
        "type": "property",
        "types": [
          "boolean"
        ],
        "name": "generateSingleDevelopmentDiagnostic",
        "description": "",
        "optional": false
      },
      {
        "type": "path",
        "string": "ctx.options.diagnostic.generateSingleDevelopmentDiagnostic"
      }
    ],
    "description": {
      "full": "Generate a diagnostic on a development machine at first startup",
      "summary": "Generate a diagnostic on a development machine at first startup",
      "body": ""
    },
    "isPrivate": false,
    "ignore": false,
    "code": "generateSingleDevelopmentDiagnostic : true,"
  },
  {
    "tags": [
      {
        "type": "property",
        "types": [
          "boolean"
        ],
        "name": "saveCrashDumps",
        "description": "",
        "optional": false
      },
      {
        "type": "path",
        "string": "ctx.options.diagnostic.saveCrashDumps"
      }
    ],
    "description": {
      "full": "Include the Contextor crash dumps in the archive (default is 'false')",
      "summary": "Include the Contextor crash dumps in the archive (default is 'false')",
      "body": ""
    },
    "isPrivate": false,
    "ignore": false,
    "code": "saveCrashDumps: false,"
  },
  {
    "tags": [
      {
        "type": "property",
        "types": [
          "boolean"
        ],
        "name": "saveDesktop",
        "description": "",
        "optional": false
      },
      {
        "type": "path",
        "string": "ctx.options.diagnostic.saveDesktop"
      }
    ],
    "description": {
      "full": "Include Desktop information (OS, HW, ...) in the archive (default is 'true')",
      "summary": "Include Desktop information (OS, HW, ...) in the archive (default is 'true')",
      "body": ""
    },
    "isPrivate": false,
    "ignore": false,
    "code": "saveDesktop: true,"
  },
  {
    "tags": [
      {
        "type": "property",
        "types": [
          "boolean"
        ],
        "name": "saveEventViewer",
        "description": "",
        "optional": false
      },
      {
        "type": "path",
        "string": "ctx.options.diagnostic.saveEventViewer"
      }
    ],
    "description": {
      "full": "Include the Event Viewer errors in the archive (default is 'false')",
      "summary": "Include the Event Viewer errors in the archive (default is 'false')",
      "body": ""
    },
    "isPrivate": false,
    "ignore": false,
    "code": "saveEventViewer: false,"
  },
  {
    "tags": [
      {
        "type": "property",
        "types": [
          "boolean"
        ],
        "name": "savePageStatus",
        "description": "",
        "optional": false
      },
      {
        "type": "path",
        "string": "ctx.options.diagnostic.savePageStatus"
      }
    ],
    "description": {
      "full": "Include active page status (default is 'true')",
      "summary": "Include active page status (default is 'true')",
      "body": ""
    },
    "isPrivate": false,
    "ignore": false,
    "code": "savePageStatus: true,"
  },
  {
    "tags": [
      {
        "type": "property",
        "types": [
          "boolean"
        ],
        "name": "savePrograms",
        "description": "",
        "optional": false
      },
      {
        "type": "path",
        "string": "ctx.options.diagnostic.savePrograms"
      }
    ],
    "description": {
      "full": "Include the list of installed programs in the archive (default is 'true')",
      "summary": "Include the list of installed programs in the archive (default is 'true')",
      "body": ""
    },
    "isPrivate": false,
    "ignore": false,
    "code": "savePrograms: true,"
  },
  {
    "tags": [
      {
        "type": "property",
        "types": [
          "boolean"
        ],
        "name": "saveXMLContext",
        "description": "",
        "optional": false
      },
      {
        "type": "path",
        "string": "ctx.options.diagnostic.saveXMLContext"
      }
    ],
    "description": {
      "full": "Include the XML context in the archive (default is 'false')",
      "summary": "Include the XML context in the archive (default is 'false')",
      "body": ""
    },
    "isPrivate": false,
    "ignore": false,
    "code": "saveXMLContext: false,"
  },
  {
    "tags": [
      {
        "type": "ignore",
        "string": ""
      },
      {
        "type": "property",
        "types": [
          "string"
        ],
        "name": "techTraceFolder",
        "description": "",
        "optional": false
      },
      {
        "type": "path",
        "string": "ctx.options.diagnostic.techTraceFolder"
      }
    ],
    "description": {
      "full": "Technical trace folder",
      "summary": "Technical trace folder",
      "body": ""
    },
    "isPrivate": false,
    "ignore": false,
    "code": "techTraceFolder: '%localappdata%Low\\\\Contextor\\\\Interactive',"
  },
  {
    "tags": [
      {
        "type": "ignore",
        "string": ""
      },
      {
        "type": "property",
        "types": [
          "string"
        ],
        "name": "archiveURL",
        "description": "",
        "optional": false
      },
      {
        "type": "path",
        "string": "ctx.options.diagnostic.archiveURL"
      }
    ],
    "description": {
      "full": "External archive URL",
      "summary": "External archive URL",
      "body": ""
    },
    "isPrivate": false,
    "ignore": false,
    "code": "archiveURL: '',"
  },
  {
    "tags": [
      {
        "type": "property",
        "types": [
          "e.trace.level"
        ],
        "name": "traceLevel",
        "description": "",
        "optional": false
      },
      {
        "type": "path",
        "string": "ctx.options.diagnostic.traceLevel"
      }
    ],
    "description": {
      "full": "Trace level (see [[lib:common:ctx.enum#etracelevel|e.trace.level]])",
      "summary": "Trace level (see [[lib:common:ctx.enum#etracelevel|e.trace.level]])",
      "body": ""
    },
    "isPrivate": false,
    "ignore": false,
    "code": "traceLevel: e.trace.level.None,"
  },
  {
    "tags": [
      {
        "type": "path",
        "string": "ctx.options.diagnostic.archiveFTP"
      },
      {
        "type": "class",
        "string": "ctx.options.diagnostic.archiveFTP"
      },
      {
        "type": "struct",
        "string": ""
      }
    ],
    "description": {
      "full": "Options to save archive with FTP",
      "summary": "Options to save archive with FTP",
      "body": ""
    },
    "isPrivate": false,
    "ignore": false,
    "code": "archiveFTP : {"
  },
  {
    "tags": [
      {
        "type": "property",
        "types": [
          "boolean"
        ],
        "name": "archiveFTP.enabled",
        "description": "",
        "optional": false
      },
      {
        "type": "path",
        "string": "ctx.options.diagnostic.archiveFTP.enabled"
      }
    ],
    "description": {
      "full": "Enable FTP archive mode",
      "summary": "Enable FTP archive mode",
      "body": ""
    },
    "isPrivate": false,
    "ignore": false,
    "code": "enabled: false,"
  },
  {
    "tags": [
      {
        "type": "property",
        "types": [
          "boolean"
        ],
        "name": "archiveFTP.useFTPS",
        "description": "",
        "optional": false
      },
      {
        "type": "path",
        "string": "ctx.options.diagnostic.archiveFTP.useFTPS"
      }
    ],
    "description": {
      "full": "Use FTPS (instead of FTP)",
      "summary": "Use FTPS (instead of FTP)",
      "body": ""
    },
    "isPrivate": false,
    "ignore": false,
    "code": "useFTPS: false,"
  },
  {
    "tags": [
      {
        "type": "property",
        "types": [
          "string"
        ],
        "name": "archiveFTP.site",
        "description": "",
        "optional": false
      },
      {
        "type": "path",
        "string": "ctx.options.diagnostic.archiveFTP.site"
      }
    ],
    "description": {
      "full": "FTP site",
      "summary": "FTP site",
      "body": ""
    },
    "isPrivate": false,
    "ignore": false,
    "code": "site: '',"
  },
  {
    "tags": [
      {
        "type": "property",
        "types": [
          "string"
        ],
        "name": "archiveFTP.remoteFolder",
        "description": "",
        "optional": false
      },
      {
        "type": "path",
        "string": "ctx.options.diagnostic.archiveFTP.remoteFolder"
      }
    ],
    "description": {
      "full": "Remote folder on the FTP server",
      "summary": "Remote folder on the FTP server",
      "body": ""
    },
    "isPrivate": false,
    "ignore": false,
    "code": "remoteFolder: '',"
  },
  {
    "tags": [
      {
        "type": "property",
        "types": [
          "ctx.cryptography.credentialClass"
        ],
        "name": "archiveFTP.credential",
        "description": "",
        "optional": false
      },
      {
        "type": "path",
        "string": "ctx.options.diagnostic.archiveFTP.credential"
      }
    ],
    "description": {
      "full": "Credential",
      "summary": "Credential",
      "body": ""
    },
    "isPrivate": false,
    "ignore": false,
    "code": "credential: null\n      \n//    /** User login\n//    * @property {string} archiveFTP.user\n//    * @path ctx.options.diagnostic.archiveFTP.user */ user: '',\n      \n//    /** User password\n//    * @property {string} archiveFTP.password\n//    * @path ctx.options.diagnostic.archiveFTP.password */ password: ''\n  },"
  },
  {
    "tags": [
      {
        "type": "path",
        "string": "ctx.options.diagnostic.archiveCopy"
      },
      {
        "type": "class",
        "string": "ctx.options.diagnostic.archiveCopy"
      },
      {
        "type": "struct",
        "string": ""
      }
    ],
    "description": {
      "full": "Options to save archive on a server",
      "summary": "Options to save archive on a server",
      "body": ""
    },
    "isPrivate": false,
    "ignore": false,
    "code": "archiveCopy : {"
  },
  {
    "tags": [
      {
        "type": "property",
        "types": [
          "boolean"
        ],
        "name": "archiveCopy.enabled",
        "description": "",
        "optional": false
      },
      {
        "type": "path",
        "string": "ctx.options.diagnostic.archiveCopy.enabled"
      }
    ],
    "description": {
      "full": "Enable server archive mode",
      "summary": "Enable server archive mode",
      "body": ""
    },
    "isPrivate": false,
    "ignore": false,
    "code": "enabled: false,"
  },
  {
    "tags": [
      {
        "type": "property",
        "types": [
          "boolean"
        ],
        "name": "archiveCopy.useXCopy",
        "description": "",
        "optional": false
      },
      {
        "type": "path",
        "string": "ctx.options.diagnostic.archiveCopy.useXCopy"
      }
    ],
    "description": {
      "full": "Use XCopy command to copy archive on network",
      "summary": "Use XCopy command to copy archive on network",
      "body": ""
    },
    "isPrivate": false,
    "ignore": false,
    "code": "useXCopy: false,"
  },
  {
    "tags": [
      {
        "type": "property",
        "types": [
          "boolean"
        ],
        "name": "archiveCopy.useRobocopy",
        "description": "",
        "optional": false
      },
      {
        "type": "path",
        "string": "ctx.options.diagnostic.archiveCopy.useRobocopy"
      }
    ],
    "description": {
      "full": "Use Robocopy command to copy archive on network",
      "summary": "Use Robocopy command to copy archive on network",
      "body": ""
    },
    "isPrivate": false,
    "ignore": false,
    "code": "useRobocopy: true,"
  },
  {
    "tags": [
      {
        "type": "property",
        "types": [
          "boolean"
        ],
        "name": "archiveCopy.useExecRun",
        "description": "",
        "optional": false
      },
      {
        "type": "path",
        "string": "ctx.options.diagnostic.archiveCopy.useExecRun"
      }
    ],
    "description": {
      "full": "Use ctx.execRun instead of ctx.exec",
      "summary": "Use ctx.execRun instead of ctx.exec",
      "body": ""
    },
    "isPrivate": false,
    "ignore": false,
    "code": "useExecRun: false,"
  },
  {
    "tags": [
      {
        "type": "property",
        "types": [
          "string"
        ],
        "name": "archiveCopy.remoteFolder",
        "description": "",
        "optional": false
      },
      {
        "type": "path",
        "string": "ctx.options.diagnostic.archiveCopy.remoteFolder"
      }
    ],
    "description": {
      "full": "Remote server path",
      "summary": "Remote server path",
      "body": ""
    },
    "isPrivate": false,
    "ignore": false,
    "code": "remoteFolder: ''\n    //user: '',\n    //password: '',\n  },"
  },
  {
    "tags": [
      {
        "type": "path",
        "string": "ctx.options.diagnostic.outlookSend"
      },
      {
        "type": "class",
        "string": "ctx.options.diagnostic.outlookSend"
      },
      {
        "type": "struct",
        "string": ""
      }
    ],
    "description": {
      "full": "Options to send archive with Outlook",
      "summary": "Options to send archive with Outlook",
      "body": ""
    },
    "isPrivate": false,
    "ignore": false,
    "code": "outlookSend : {"
  },
  {
    "tags": [
      {
        "type": "property",
        "types": [
          "boolean"
        ],
        "name": "outlookSend.enabled",
        "description": "",
        "optional": false
      },
      {
        "type": "path",
        "string": "ctx.options.diagnostic.outlookSend.enabled"
      }
    ],
    "description": {
      "full": "Enable email sending with Outlook",
      "summary": "Enable email sending with Outlook",
      "body": ""
    },
    "isPrivate": false,
    "ignore": false,
    "code": "enabled: false,"
  },
  {
    "tags": [
      {
        "type": "property",
        "types": [
          "string"
        ],
        "name": "outlookSend.destination",
        "description": "",
        "optional": false
      },
      {
        "type": "path",
        "string": "ctx.options.diagnostic.outlookSend.destination"
      }
    ],
    "description": {
      "full": "Destination email address",
      "summary": "Destination email address",
      "body": ""
    },
    "isPrivate": false,
    "ignore": false,
    "code": "destination: ''\n  }\n};"
  },
  {
    "tags": [
      {
        "type": "class",
        "string": "diagnostic"
      },
      {
        "type": "path",
        "string": "ctx.diagnostic"
      },
      {
        "type": "constructor",
        "string": ""
      }
    ],
    "description": {
      "full": "Diagnostic module integration",
      "summary": "Diagnostic module integration",
      "body": ""
    },
    "isPrivate": false,
    "ignore": false,
    "code": "ctx.diagnostic = (function () {",
    "ctx": {
      "type": "property",
      "receiver": "ctx",
      "name": "diagnostic",
      "value": "(function () {",
      "string": "ctx.diagnostic"
    }
  },
  {
    "tags": [
      {
        "type": "type",
        "types": [
          "Object"
        ]
      }
    ],
    "description": {
      "full": "",
      "summary": "",
      "body": ""
    },
    "isPrivate": false,
    "ignore": false,
    "code": "var _options = ctx.options.diagnostic;\n  var _archiveFolder = '';\n  var _comment = '';\n  var _popupState = {\n    none: 0,\n    init: 1,\n    recording: 2,\n    submit: 3,\n    done: 4\n  };\n  var _currentPopup = _popupState.none;\n  \n  ctx.popup('pDiagnosticTemplate').init({ \n    template: e.popup.template.NoButton,\n    canClose: false,\n    size : \"small\",  \n    XSlide: e.popup.position.Right,\n    X: e.popup.position.Right,\n    Y: e.popup.position.Bottom,\n    CX: 600,\n    CY: 200\n  });\n\n  // memorize start time\n  var _startDate = new Date();",
    "ctx": {
      "type": "declaration",
      "name": "_options",
      "value": "ctx.options.diagnostic",
      "string": "_options"
    }
  },
  {
    "tags": [
      {
        "type": "param",
        "types": [
          "string"
        ],
        "name": "section",
        "description": "WMI section to search",
        "optional": false
      },
      {
        "type": "param",
        "types": [
          "Array<string>"
        ],
        "name": "[params]",
        "description": "array of attributs (if undefined, all attributes)",
        "optional": true
      },
      {
        "type": "param",
        "types": [
          "string"
        ],
        "name": "[where]",
        "description": "selection string ",
        "optional": true
      },
      {
        "type": "return",
        "types": [
          "Array<string>",
          "string"
        ],
        "description": "results"
      }
    ],
    "description": {
      "full": "Performs a WMI query",
      "summary": "Performs a WMI query",
      "body": ""
    },
    "isPrivate": false,
    "ignore": false,
    "code": "var _wmiQuery = function(section, params, where) {\n    ctx.noNotify = true;\n    var tab = ctx.wmi.query(section, params, where);\n    return (tab && (tab.length == 1) ? tab[0] : tab);\n  }\n  \n  var self =",
    "ctx": {
      "type": "function",
      "name": "_wmiQuery",
      "string": "_wmiQuery()"
    }
  },
  {
    "tags": [
      {
        "type": "lends",
        "parent": "ctx.diagnostic"
      }
    ],
    "description": {
      "full": "",
      "summary": "",
      "body": ""
    },
    "isPrivate": false,
    "ignore": false,
    "code": "{"
  },
  {
    "tags": [
      {
        "type": "ignore",
        "string": ""
      },
      {
        "type": "const",
        "string": ""
      },
      {
        "type": "property",
        "types": [
          "string"
        ],
        "name": "ctxType",
        "description": "class type",
        "optional": false
      }
    ],
    "description": {
      "full": "",
      "summary": "",
      "body": ""
    },
    "isPrivate": false,
    "ignore": false,
    "code": "ctxType: 'ctx.diagnostic',\n\n    desktop: {},\n    \n    //comment : '',\n    stopInProgress : false,"
  },
  {
    "tags": [
      {
        "type": "method",
        "string": "areBHOAllowed"
      },
      {
        "type": "summary",
        "string": "Checks if browser extensions are globally enabled."
      },
      {
        "type": "description",
        "string": "__Ex.:__\n<code javascript>\nvar data = {};\nif (!ctx.diagnostic.areBHOAllowed()) { ... }\n</code>"
      },
      {
        "type": "path",
        "string": "ctx.diagnostic.areBHOAllowed"
      },
      {
        "type": "return",
        "types": [
          "boolean"
        ],
        "description": "true if BHOs are enabled"
      }
    ],
    "description": {
      "full": "Checks if browser extensions are globally enabled.",
      "summary": "Checks if browser extensions are globally enabled.",
      "body": ""
    },
    "isPrivate": false,
    "ignore": false,
    "code": "areBHOAllowed : function () {\n      var ebe = ctx.registry.get(\"HKLM\\\\SOFTWARE\\\\Microsoft\\\\Internet Explorer\\\\Main\\\\Enable Browser Extensions\");\n      if (!ebe)\n        ebe = ctx.registry.get(\"HKCU\\\\SOFTWARE\\\\Microsoft\\\\Internet Explorer\\\\Main\\\\Enable Browser Extensions\");\n      //return (ebe == 'yes' ? true : (ebe == 'no' ? false : undefined));\n      return (ebe == 'yes' ? true : false);\n    },"
  },
  {
    "tags": [
      {
        "type": "method",
        "string": "createArchiveFolder"
      },
      {
        "type": "summary",
        "string": "Creates an archive folder to save diagnostic files."
      },
      {
        "type": "description",
        "string": "Folder will be created as  \n__Ex.:__\n<code javascript>\nvar data = {};\nctx.diagnostic.createArchiveFolder();\n</code>"
      },
      {
        "type": "path",
        "string": "ctx.diagnostic.createArchiveFolder"
      },
      {
        "type": "param",
        "types": [
          "string"
        ],
        "name": "[rootFolder]",
        "description": "Root folder (default is ''ctx.options.currentDir'')",
        "optional": true
      }
    ],
    "description": {
      "full": "Creates an archive folder to save diagnostic files.",
      "summary": "Creates an archive folder to save diagnostic files.",
      "body": ""
    },
    "isPrivate": false,
    "ignore": false,
    "code": "createArchiveFolder : function (rootFolder) {\n      ctx.notifyAction('ctx.diagnostic.createArchiveFolder');\n      rootFolder = rootFolder || ctx.options.path.log;\n      if (ctx.options.traceFolder)\n        _archiveFolder = ctx.options.traceFolder; // use trace folder already defined\n      else\n        _archiveFolder = rootFolder + \"/\" + ctx.getTimestamp(null, true);\n      this.setArchiveFolder(_archiveFolder);\n    },"
  },
  {
    "tags": [
      {
        "type": "method",
        "string": "deleteArchiveFolder"
      },
      {
        "type": "summary",
        "string": "Deletes archive folder."
      },
      {
        "type": "description",
        "string": "__Ex.:__\n<code javascript>\nctx.diagnostic.deleteArchiveFolder();\n</code>"
      },
      {
        "type": "throws",
        "types": [
          "Error"
        ],
        "description": ""
      },
      {
        "type": "path",
        "string": "ctx.diagnostic.deleteArchiveFolder"
      }
    ],
    "description": {
      "full": "Deletes archive folder.",
      "summary": "Deletes archive folder.",
      "body": ""
    },
    "isPrivate": false,
    "ignore": false,
    "code": "deleteArchiveFolder : function () {\n      ctx.notifyAction('ctx.diagnostic.deleteArchiveFolder');\n      if (!(_archiveFolder && ctx.fso.folder.exist(_archiveFolder))) {\n        throw new Error(e.error.KO, '[ctx.diagnostic.deleteArchiveFolder] Failed to archive or folder does not exist. ');\n      }\n      ctx.fso.folder.remove(_archiveFolder);\n    },"
  },
  {
    "tags": [
      {
        "type": "method",
        "string": "enableRecording"
      },
      {
        "type": "path",
        "string": "ctx.diagnostic.enableRecording"
      },
      {
        "type": "param",
        "types": [
          "boolean"
        ],
        "name": "enable",
        "description": "start / stop recording",
        "optional": false
      },
      {
        "type": "param",
        "types": [
          "boolean"
        ],
        "name": "[advanced]",
        "description": "advanced diagnostic, including event viewers, program list, ...",
        "optional": true
      },
      {
        "type": "param",
        "types": [
          "boolean"
        ],
        "name": "[recording]",
        "description": "use 'record' folder",
        "optional": true
      }
    ],
    "description": {
      "full": "Starts / stops trace local recording",
      "summary": "Starts / stops trace local recording",
      "body": ""
    },
    "isPrivate": false,
    "ignore": false,
    "code": "enableRecording : function (enable, advanced, recording) {\n      if (enable) {\n        ctx.options.trace.recording = true;\n        // archive traces, create a new folder\n        ctx.reinitTraceFolder(false, true, (recording !== false));\n      } else {\n        // *** Save diagnostic ***\n        ctx.wait(function(ev) {\n          // force file saving\n          ctx.options.trace.recording = true;\n          // *** Insert comment ***\n          self.saveComment();\n          // generate a full diagnostic\n          self.saveAll((advanced === false) ? false : true );\n          // archive traces, don't create a new folder\n          ctx.reinitTraceFolder(true, false, (recording !== false));            \n          // stop recording\n          ctx.options.trace.recording = false;\n        }, 100);\n      }\n    },"
  },
  {
    "tags": [
      {
        "type": "method",
        "string": "isContextorBHOEnabled"
      },
      {
        "type": "summary",
        "string": "Checks if Contextor Internet Explorer connector (BHO) is enabled."
      },
      {
        "type": "description",
        "string": "__Ex.:__\n<code javascript>\nvar data = {};\nif (!ctx.diagnostic.isContextorBHOEnabled()) { ... }\n</code>"
      },
      {
        "type": "path",
        "string": "ctx.diagnostic.isContextorBHOEnabled"
      },
      {
        "type": "return",
        "types": [
          "boolean"
        ],
        "description": "true if connector is enabled"
      }
    ],
    "description": {
      "full": "Checks if Contextor Internet Explorer connector (BHO) is enabled.",
      "summary": "Checks if Contextor Internet Explorer connector (BHO) is enabled.",
      "body": ""
    },
    "isPrivate": false,
    "ignore": false,
    "code": "isContextorBHOEnabled : function () {\n      var BHOList = ctx.wscript.registry.getKeyBHO();\n      for (var i in BHOList) {\n        var bho = BHOList[i];\n        if ((bho.name).toLowerCase().indexOf(\"contextor\") >= 0)\n          return bho.enabled;\n      }\n      return false;      \n    },"
  },
  {
    "tags": [
      {
        "type": "method",
        "string": "generateLocalDiagnostic"
      },
      {
        "type": "summary",
        "string": "Generates a local diagnostic."
      },
      {
        "type": "description",
        "string": "__Ex.:__\n<code javascript>\nvar data = {};\nctx.diagnostic.generateLocalDiagnostic();\n</code>"
      },
      {
        "type": "path",
        "string": "ctx.diagnostic.generateLocalDiagnostic"
      },
      {
        "type": "param",
        "types": [
          "boolean"
        ],
        "name": "[ifNotExist]",
        "description": "generates only if the diagnostic doesn't exist yet",
        "optional": true
      }
    ],
    "description": {
      "full": "Generates a local diagnostic.",
      "summary": "Generates a local diagnostic.",
      "body": ""
    },
    "isPrivate": false,
    "ignore": false,
    "code": "generateLocalDiagnostic : function (ifNotExist) {\n      var diagName = ctx.options.computerName + '.' + ctx.options.userName + '.diagnostic.pscl';\n      var diagFile = ctx.options.path.log + '\\\\' + diagName;\n      if ((!ifNotExist) && ctx.fso.file.exist(diagFile)) {\n        ctx.fso.file.remove(diagFile);\n      }\n      if (!ctx.fso.file.exist(diagFile)) {\n        ctx.log('Generating a local diagnostic in file: \\'' + diagName + '\\'', e.logIconType.Info);\n        ctx.diagnostic.saveAll(true, true, diagFile);\n      }\n      \n    },"
  },
  {
    "tags": [
      {
        "type": "method",
        "string": "getDesktopInfo"
      },
      {
        "type": "summary",
        "string": "Collects data about the desktop."
      },
      {
        "type": "description",
        "string": "Collects data about the desktop:   * Project: product, project, SDK versions, paths, ...\n  * Software: OS infos, IE version, installed plugins, ...\n  * Hardware: processor, RAM, monitors, ...\n\n__Ex.:__\n<code javascript>\nvar data = {};\nctx.diagnostic.getDesktopInfo(data);\n</code>"
      },
      {
        "type": "throws",
        "types": [
          "Error"
        ],
        "description": ""
      },
      {
        "type": "path",
        "string": "ctx.diagnostic.getDesktopInfo"
      },
      {
        "type": "param",
        "types": [
          "Object"
        ],
        "name": "[data]",
        "description": "Object to be filled with collected data",
        "optional": true
      },
      {
        "type": "return",
        "types": [
          "Object"
        ],
        "description": "result object"
      }
    ],
    "description": {
      "full": "Collects data about the desktop.",
      "summary": "Collects data about the desktop.",
      "body": ""
    },
    "isPrivate": false,
    "ignore": false,
    "code": "getDesktopInfo : function (data) {\n      data = data || {};\n      try {\n        // *** Software infos ***\n        var tab;\n        // IE infos\n        data.IE = {};\n        ctx.noNotify = true;\n        data.IE.Version = ctx.registry.get(\"HKLM\\\\SOFTWARE\\\\Microsoft\\\\Internet Explorer\\\\svcVersion\");\n        ctx.noNotify = true;\n        data.IE.UpdateVersion = ctx.registry.get(\"HKLM\\\\SOFTWARE\\\\Microsoft\\\\Internet Explorer\\\\svcUpdateVersion\");\n        ctx.noNotify = true;\n        data.IE.KBNumber = ctx.registry.get(\"HKLM\\\\SOFTWARE\\\\Microsoft\\\\Internet Explorer\\\\svcKBNumber\");\n        ctx.noNotify = true;\n        data.IE.InternalVersion = ctx.registry.get(\"HKLM\\\\SOFTWARE\\\\Microsoft\\\\Internet Explorer\\\\Version\");\n        ctx.noNotify = true;\n        data.IE.ContextorBHOEnabled = self.isContextorBHOEnabled();\n        ctx.noNotify = true;\n        data.IE.BHOAllowed = self.areBHOAllowed();\n        data.IE.BHO =ctx.wscript.registry.getKeyBHO();\n        // OS infos\n        data.OS = _wmiQuery('Win32_OperatingSystem', ['Caption', 'Version', 'OSArchitecture', 'OSLanguage', 'SerialNumber', 'SystemDirectory', 'MUILanguages', 'InstallDate', 'FreePhysicalMemory', 'FreeVirtualMemory']);\n        // Domains\n        data.Computer = _wmiQuery('Win32_ComputerSystem', ['Name', 'Domain', 'UserName', 'SystemType', 'Manufacturer', 'Model', 'Description', 'CurrentTimeZone', 'Roles']);\n        // *** Hardware infos ***\n        // Processor\n        data.Processor = _wmiQuery('Win32_Processor', ['DeviceID', 'Name', 'Caption', 'Manufacturer', 'NumberOfCores', 'NumberOfLogicalProcessors', 'ProcessorId']);\n        // BIOS\n        data.BIOS = _wmiQuery('Win32_BIOS', ['Caption', 'SerialNumber', 'Manufacturer']);\n        // RAM\n        data.RAM = _wmiQuery('Win32_ComputerSystem', ['TotalPhysicalMemory']);\n        // network\n        data.NetworkAdapters = _wmiQuery('Win32_NetworkAdapterConfiguration', ['Description', 'IPAddress', 'DHCPServer', 'MACAddress'], 'IPEnabled=true');\n        // Login profiles\n        data.LoginProfile = _wmiQuery('Win32_NetworkLoginProfile', ['Name', 'Domain', 'UserName', 'SystemType', 'Manufacturer', 'Model', 'Description', 'CurrentTimeZone', 'Roles']);\n        // Network connections (can be slow if some networks are not connected)\n        //tab = ctx.wmi.query('Win32_NetworkConnection', '');\n        //data.NetworkConnection = (tab && (tab.length == 1) ? tab[0] : tab);\n        // Monitors\n        data.Monitor = _wmiQuery('Win32_DesktopMonitor', ['Caption', 'ScreenHeight', 'ScreenWidth', 'PixelsPerXLogicalInch', 'PixelsPerYLogicalInch', 'DeviceID']);\n        // Video controllers\n        data.VideoController = _wmiQuery('Win32_VideoController', ['Caption', 'DeviceID', 'VideoProcessor', 'CurrentHorizontalResolution', 'CurrentVerticalResolution', 'CurrentBitsPerPixel', 'CurrentRefreshRate', 'AdapterCompatibility', 'PNPDeviceID', 'DriverVersion', 'VideoModeDescription']);\n        // Disks\n        data.Disks = _wmiQuery('Win32_DiskDrive', ['Name', 'Caption', 'DeviceID', 'Size', 'Status', 'MediaType', 'InterfaceType', 'SerialNumber']);\n        // USB keys\n        var sKey = \"HKLM\\\\SYSTEM\\\\CurrentControlSet\\\\Services\\\\USBSTOR\";\n        tab = ctx.wscript.registry.getKeyDirect( sKey , 'Start') ;\n        data.USB = (tab && (tab.length == 1) ? tab[0] : tab);\n        data.USBController = _wmiQuery('Win32_USBController', ['Name', 'Manufacturer']);\n        // Baseboard\n        data.Baseboard = _wmiQuery('Win32_BaseBoard', ['Name', 'Manufacturer', 'Product', 'SerialNumber', 'Version']);\n        // Battery\n        data.Battery = _wmiQuery('Win32_Battery', ['Name', 'Caption', 'DeviceID', 'BatteryStatus', 'EstimatedChargeRemaining']);\n        // Sound devices\n        data.SoundDevice = _wmiQuery('Win32_SoundDevice', ['Name', 'Manufacturer']);\n        // Keyboard\n        data.Keyboard = _wmiQuery('Win32_Keyboard', ['Name', 'Description', 'NumberOfFunctionKeys']);\n        // CDROMs\n        data.CDROM = _wmiQuery('Win32_CDROMDrive', ['Name', 'Description', 'CapabilityDescriptions', 'Drive', 'MediaType', 'MfrAssignedRevisionLevel']);\n        // Printers\n        data.Printers = _wmiQuery('Win32_Printer', [ 'Name', 'DriverName', 'PrintProcessor', 'HorizontalResolution', 'VerticalResolution', 'PortName']);\n      } catch (ex){  }\n      return data;\n    },"
  },
  {
    "tags": [
      {
        "type": "method",
        "string": "getEventViewer"
      },
      {
        "type": "summary",
        "string": "Collects system events in Windows Event Viewer."
      },
      {
        "type": "description",
        "string": "Collects system events in Windows Event Viewer:   * Security\n  * Application\n  * ...\n\n__Ex.:__\n<code javascript>\nvar data = {};\nctx.diagnostic.getEventViewer(data);\n</code>"
      },
      {
        "type": "throws",
        "types": [
          "Error"
        ],
        "description": ""
      },
      {
        "type": "path",
        "string": "ctx.diagnostic.getEventViewer"
      },
      {
        "type": "param",
        "types": [
          "Object"
        ],
        "name": "[data]",
        "description": "Object to be filled with collected data",
        "optional": true
      },
      {
        "type": "return",
        "types": [
          "Object"
        ],
        "description": "result object"
      }
    ],
    "description": {
      "full": "Collects system events in Windows Event Viewer.",
      "summary": "Collects system events in Windows Event Viewer.",
      "body": ""
    },
    "isPrivate": false,
    "ignore": false,
    "code": "getEventViewer : function (data) {\n      data = data || {};\n      try {\n        // *** Software infos ***\n        var tab;\n        var maxCount = 300;\n        // EventLog infos\n        tab = ctx.wmi.query('Win32_NTEventLogFile', ['FileName', 'Name', 'FileSize', 'NumberOfRecords', 'LastModified']);\n        data.LogFile = (tab && (tab.length == 1) ? tab[0] : tab);\n        data.Events = {};\n        // for each log file, get the last records (exclude EventType=3 ('Information' level))\n        for (var i in data.LogFile) {\n          var entry = data.LogFile[i];\n          var filename = entry['FileName'];\n          var count = parseInt(entry['NumberOfRecords'], 10);\n          if (count > 0) {\n            tab = ctx.wmi.query('Win32_NTLogEvent', ['EventCode', 'SourceName', 'Message', 'EventType', 'Type', 'TimeGenerated', 'RecordNumber'], 'Logfile = \"' + filename + '\" AND EventType != 3 AND RecordNumber > ' + (count >= maxCount ? count - maxCount : 0));\n            data.Events[filename] = (tab && (tab.length == 1) ? tab[0] : (tab && (tab.length == 0) ? null : tab));\n          }\n        }\n      } catch (ex){  }\n      return data;\n    },"
  },
  {
    "tags": [
      {
        "type": "method",
        "string": "getPrograms"
      },
      {
        "type": "summary",
        "string": "Collects the list of installed programs (as listed in 'Programs and Features' Control Panel) and stores it in the attribute 'programs' of the object passed in argument"
      },
      {
        "type": "description",
        "string": "__Ex.:__\n<code javascript>\nvar data = {};\nctx.diagnostic.getPrograms(data);\n</code>"
      },
      {
        "type": "path",
        "string": "ctx.diagnostic.getPrograms"
      },
      {
        "type": "param",
        "types": [
          "Object"
        ],
        "name": "data",
        "description": "Object to be filled with collected data (in attribute 'programs')",
        "optional": false
      }
    ],
    "description": {
      "full": "Collects the list of installed programs.",
      "summary": "Collects the list of installed programs.",
      "body": ""
    },
    "isPrivate": false,
    "ignore": false,
    "code": "getPrograms : function (data) {\n      //ctx.notifyAction('ctx.diagnostic.getPrograms');\n      data = data || {};\n      // programs\n      try {\n        data.programs = ctx.wscript.registry.getSubKeysUninstall();\n      } catch (ex) { \n        ctx.log(ex, e.logIconType.Warning, 'ctx.diagnostic.getPrograms failed')\n      }      \n      //data.programs = ctx.wmi.query('Win32_Product', ['Name', 'Version', 'Vendor', 'InstallDate'])\n      return data;\n    },"
  },
  {
    "tags": [
      {
        "type": "method",
        "string": "saveAll"
      },
      {
        "type": "summary",
        "string": "Saves and archives a complete diagnostic."
      },
      {
        "type": "description",
        "string": "Saves and archives these following elements:   * Desktop info\n  * Installed programs\n  * JS context\n  * XML context\n\n__Ex.:__\n<code javascript>\nctx.diagnostic.saveAll(true);\n</code>"
      },
      {
        "type": "path",
        "string": "ctx.diagnostic.saveAll"
      },
      {
        "type": "param",
        "types": [
          "boolean"
        ],
        "name": "advanced",
        "description": "advanced diagnostic, including event viewers, program list, ...",
        "optional": false
      },
      {
        "type": "param",
        "types": [
          "boolean"
        ],
        "name": "[noCopy]",
        "description": "skip the copy of technical trace files",
        "optional": true
      },
      {
        "type": "param",
        "types": [
          "string"
        ],
        "name": "[filename]",
        "description": "filename in which traces are recorded (if omitted, use the default trace files)",
        "optional": true
      },
      {
        "type": "return",
        "types": [
          "boolean"
        ],
        "description": "result"
      }
    ],
    "description": {
      "full": "Saves and archives a complete diagnostic.",
      "summary": "Saves and archives a complete diagnostic.",
      "body": ""
    },
    "isPrivate": false,
    "ignore": false,
    "code": "saveAll : function (advanced, noCopy, filename) {\n      var oldAlternativeTraceFile = '';\n      if (filename) {\n        oldAlternativeTraceFile = ctx.options.trace.alternativeTraceFile;\n        ctx.options.trace.alternativeTraceFile = filename;\n      }\n      // time infos\n      self.saveTime();\n      \n      // project options\n      ctx.notifyInfo(ctx.options, 'options');\n      \n      // desktop informations\n      if (ctx.options.diagnostic.saveDesktop) {\n        try {\n          ctx.diagnostic.desktop = {};\n          self.getDesktopInfo(ctx.diagnostic.desktop);\n          ctx.notifyInfo(ctx.diagnostic.desktop, 'desktop');\n        } catch (ex) { }      \n      }\n      \n      var data = {};\n\n      // full screen screenshot\n      //ctx.notifyInfo('', 'screenshot', true);\n      \n      // Event Viewer\n      if (advanced && ctx.options.diagnostic.saveEventViewer) {\n        try {\n          data = {};\n          self.getEventViewer(data);\n          ctx.notifyInfo(data, 'eventViewer');\n        } catch (ex) { }      \n      }\n      \n      // JS context (applications, scenarios, ...)\n      try {\n        self.saveJSContext();\n      } catch (ex) { }      \n      \n      // Page context\n      if (ctx.options.diagnostic.savePageStatus) {\n        try {\n          self.savePageStatus();\n        } catch (ex) { }      \n      }\n      \n      // XML context\n      if (ctx.options.diagnostic.saveXMLContext) {\n        self.saveXMLContext();\n      }\n      \n      // program list\n      data = {};\n      if (advanced && ctx.options.diagnostic.savePrograms) {\n        try {\n          self.getPrograms(data);\n          ctx.notifyInfo(data, 'programs');\n          //this.saveData(data, 'programs');\n        } catch (ex) { }      \n      }\n      \n      if (!noCopy) {\n        try {\n          var source = ctx.options.path.log + \"\\\\LogCtxt.000\"; // Copy LogCtxt.000 file\n          var dest = ctx.options.traceFolder + \"\\\\LogCtxt.000\";\n          ctx.fso.file.copy(source, dest);\n        } catch (ex) { }      \n\n        try {\n          // Copy technical trace files\n          var source = ctx.wscript.shell.expandEnvString(ctx.options.diagnostic.techTraceFolder);\n          var dest = ctx.options.path.log + \"\\\\\" + ctx.options.traceFolder;\n          var files = ctx.fso.folder.getFileCollection(source, true);\n\t\t\t\t\tctx.each(files, function(id, file) {\n            ctx.fso.file.copy(source + \"\\\\\" + file.Name, dest + \"\\\\\" + file.Name);\n\t\t\t\t\t});\n//          for (; !files.atEnd(); files.moveNext()) {\n//            // TODO : check date for copy\n//            var file = files.item().Name;\n//            ctx.fso.file.copy(source + \"\\\\\" + file, dest + \"\\\\\" + file);\n//          }  \n        } catch (ex) { }      \n\n        if (advanced && ctx.options.diagnostic.saveCrashDumps) {\n          try {\n            // Copy dump files today for CtxtRun et CtxtStudio\n            // use robocopy in synchronous mode\n            var folder = '%localappdata%\\\\CrashDumps';\n            ctx.fso.file.robocopy({\n              source: folder, \n              destination: ctx.options.traceFolder, \n              filename: 'Ctxt*.dmp /MaxAge:1'\n            });\n          } catch (ex) { }      \n        }\n      }\n\n      if (filename) {\n        ctx.options.trace.alternativeTraceFile = oldAlternativeTraceFile;\n      }\n      return true;\n    },"
  },
  {
    "tags": [
      {
        "type": "description",
        "string": "This call implements the archive mechanism (network copy, FTP, ...). It can be overridden if proposed behaviors do not fit your requirements, and you want to define your own save mechanism.\n\n__Ex.:__\n<code javascript>\nctx.diagnostic.saveCallback = function (zipFile) {\n  ...\n}\n</code>"
      },
      {
        "type": "method",
        "string": "saveCallback"
      },
      {
        "type": "path",
        "string": "ctx.diagnostic.saveCallback"
      },
      {
        "type": "param",
        "types": [
          "string"
        ],
        "name": "zipFile",
        "description": "archive filename",
        "optional": false
      }
    ],
    "description": {
      "full": "Callback called after archive creation",
      "summary": "Callback called after archive creation",
      "body": ""
    },
    "isPrivate": false,
    "ignore": false,
    "code": "saveCallback : function (zipFile) {\n      var res = false;\n      var bHandle = false; // set to true if asynchronous request\n      // ********************************\n      // *** copy on a shared network ***\n      // ********************************\n      if (ctx.options.diagnostic.archiveCopy.enabled \n        && ctx.fso \n        && ctx.options.diagnostic.archiveCopy.remoteFolder) {\n        var folder = ctx.fso.file.getParentFolderName(zipFile);\n        var file = e.trace.type.Record + '.*.zip'; // 'record.*.zip'\n          if (ctx.options.diagnostic.archiveCopy.useRobocopy)\n          {\n            var options = '/MOV'; // move the files\n            bHandle = true;\n            if (ctx.options.diagnostic.archiveCopy.useExecRun)\n            {\n              ctx.fso.file.robocopy({\n                source: folder, \n                destination: ctx.options.diagnostic.archiveCopy.remoteFolder, \n                filename: file + ' ' + options, \n                style: 0, // invisible\n                useExecRun: true\n              });\n            } else {\n              ctx.fso.file.robocopy({\n                source: folder, \n                destination: ctx.options.diagnostic.archiveCopy.remoteFolder, \n                filename: file + ' ' + options, \n                timeout: 120, \n                callback: function(obj) {\n                  if ((!obj.timeout) && (obj.exitCode < 8)) {\n                    // success\n                    systray.showBalloon(ctx.options.projectLabel, GLOBAL.labels.diagnostic.archiveSaved, e.systray.iconType.Info, 5000);\n                  } else {\n                    // fail\n                    systray.showBalloon(ctx.options.projectLabel, GLOBAL.labels.diagnostic.archiveSavedKO, e.systray.iconType.Error, 5000);\n                  }\n                  ctx.log(obj, e.logIconType.Info, 'robocopy results: ');\n                  if (ctx.diagnostic.stopInProgress) {\n                    ctx.diagnostic.stopInProgress = false;\n                    GLOBAL.notify(GLOBAL.events.evStopDone);\n                  }\n                }\n              });\n            }\n          }\n          if(ctx.options.diagnostic.archiveCopy.useXCopy)\n          {\n            ctx.fso.file.xcopy(folder, ctx.options.diagnostic.archiveCopy.remoteFolder, \"\", 120, function (obj){\n              if(obj.timeout)\n                var exit = true;\n            });\n          }\n        res = true;\n      }\n\n      // **********************\n      // *** copy using FTP ***\n      // **********************\n      else if (ctx.options.diagnostic.archiveFTP.enabled && ctx.fso && ctx.options.diagnostic.archiveFTP.site) {\n        try {\n          ctx.fso.ftp.init(\n            ctx.options.diagnostic.archiveFTP.site,\n            ctx.options.diagnostic.archiveFTP.useFTPS,\n            ctx.options.diagnostic.archiveFTP.credential);\n          var fileList = [zipFile];\n          ctx.fso.ftp.upload('', ctx.options.diagnostic.archiveFTP.remoteFolder, fileList);\n          // success\n          systray.showBalloon(ctx.options.projectLabel, GLOBAL.labels.diagnostic.archiveSaved, e.systray.iconType.Info, 5000);\n        } catch (ex) {\n          // fail\n          systray.showBalloon(ctx.options.projectLabel, GLOBAL.labels.diagnostic.archiveSavedKO, e.systray.iconType.Error, 5000);\n        }\n        res = true;\n      }\n      \n      // *********************\n      // *** send by email ***\n      // *********************\n      else if (ctx.options.diagnostic.outlookSend.enabled && ctx.options.diagnostic.outlookSend.destination) {\n        try {\n          if (typeof ctx.outlook !== 'undefined') {\n            ctx.outlook.init();\n            var obj = ctx.outlook.mail.create({\n              To: ctx.options.diagnostic.outlookSend.destination, \n              Subject:'Diagnostic from : ' + ctx.options.userName \n            });\n            ctx.outlook.mail.show(0);\n            ctx.outlook.mail.attach(0, zipFile);\n            ctx.outlook.mail.send(0);\n            // success\n            systray.showBalloon(ctx.options.projectLabel, GLOBAL.labels.diagnostic.archiveSaved, e.systray.iconType.Info, 5000);\n          }\n        } catch (ex) {\n          // fail\n          systray.showBalloon(ctx.options.projectLabel, GLOBAL.labels.diagnostic.archiveSavedKO, e.systray.iconType.Error, 5000);\n        }\n        res = true;\n      }\n\n      // *************************************\n      // *** display a popup when finished ***\n      // *************************************\n      else if (ctx.options.diagnostic.displayPopup && (!ctx.diagnostic.stopInProgress)) {\n        try {\n\n          // *************************************\n          // *** display a popup when finished ***\n          // *************************************\n          var file = ctx.fso.file.getFileName(zipFile);\n          var folder = ctx.fso.file.getParentFolderName(zipFile);\n          _currentPopup = _popupState.done;\n          ctx.popup('pDiagArchiveReady').open({\n            template: 'pDiagnosticTemplate',\n            title: GLOBAL.labels.diagnostic.archiveTitle,\n            CX: 440,\n            CY: 130,\n            message: '<b>' + GLOBAL.labels.diagnostic.archiveReady + '</b><br/>' + file, \n            //icon: e.popup.icon32.contextor,\n            autoClose: 30000, // auto close after 30s\n            buttons: {  \n              open: {  \n                label: GLOBAL.labels.buttons.open,  \n                type: e.item.style.Green,  \n                icon: e.item.icon.folderOpen\n              },  \n              del: {  \n                label: GLOBAL.labels.buttons.del,  \n                type: e.item.style.Red, \n                icon:  e.item.icon.remove\n              },  \n              close: {  \n                label: GLOBAL.labels.buttons.close,  \n                type: e.item.style.Grey  \n              }  \n            }  \n          }).waitResult(function(res) {\n            _currentPopup = _popupState.none;\n            if (res == e.item.id.Open) {\n              ctx.fso.file.openExplorer(zipFile);\n            } else if (res == e.item.id.Delete) {\n              ctx.fso.file.remove(zipFile);\n            }\n          });  \n        } catch (ex) {\n          // fail\n          systray.showBalloon(ctx.options.projectLabel, GLOBAL.labels.diagnostic.archiveSavedKO, e.systray.iconType.Error, 5000);\n        }\n        res = true;\n      }\n            \n      if ((!bHandle) && ctx.diagnostic.stopInProgress) {\n        ctx.diagnostic.stopInProgress = false;\n        GLOBAL.notify(GLOBAL.events.evStopDone);\n      }\n      return res;\n    },"
  },
  {
    "tags": [
      {
        "type": "method",
        "string": "saveComment"
      },
      {
        "type": "summary",
        "string": "Saves a comment."
      },
      {
        "type": "description",
        "string": "__Ex.:__\n<code javascript>\nctx.diagnostic.saveComment();\n</code>"
      },
      {
        "type": "path",
        "string": "ctx.diagnostic.saveComment"
      },
      {
        "type": "return",
        "types": [
          "boolean"
        ],
        "description": "result"
      }
    ],
    "description": {
      "full": "Saves a comment.",
      "summary": "Saves a comment.",
      "body": ""
    },
    "isPrivate": false,
    "ignore": false,
    "code": "saveComment : function () {\n      if (_comment)\n        ctx.notifyInfo(_comment, 'comment');      \n      _comment = '';\n      return true;\n    },"
  },
  {
    "tags": [
      {
        "type": "method",
        "string": "saveData"
      },
      {
        "type": "summary",
        "string": "Saves data in a JSON file."
      },
      {
        "type": "description",
        "string": "'ctx.diagnostic.createArchiveFolder' should have been called before to create the containing folder \n__Ex.:__\n<code javascript>\nctx.diagnostic.createArchiveFolder();\nctx.diagnostic.saveData(GLOBAL, 'GLOBAL');\n</code>"
      },
      {
        "type": "path",
        "string": "ctx.diagnostic.saveData"
      },
      {
        "type": "param",
        "types": [
          "Object",
          "string"
        ],
        "name": "data",
        "description": "Object to be filled with collected data",
        "optional": false
      },
      {
        "type": "param",
        "types": [
          "string"
        ],
        "name": "name",
        "description": "filename",
        "optional": false
      },
      {
        "type": "param",
        "types": [
          "boolean"
        ],
        "name": "[bXml]",
        "description": "if true, save as an XML file (by default, save in a JSON format)",
        "optional": true
      }
    ],
    "description": {
      "full": "Saves data in a JSON file.",
      "summary": "Saves data in a JSON file.",
      "body": ""
    },
    "isPrivate": false,
    "ignore": false,
    "code": "saveData : function (data, name, bXml) {\n      if (!(_archiveFolder && ctx.fso.folder.exist(_archiveFolder))) {\n        this.createArchiveFolder();\n      }\n      if (bXml) {\n        var filename = _archiveFolder + \"/\" + name + '.xml';\n        if (typeof data === 'string') {"
  },
  {
    "tags": [
      {
        "type": "type",
        "types": [
          "string"
        ]
      }
    ],
    "description": {
      "full": "",
      "summary": "",
      "body": ""
    },
    "isPrivate": false,
    "ignore": false,
    "code": "ar txt = data;\n          ctx.writeFile(filename, txt);  \n        }\n      } else {\n        var txt = ctx.serialize(data, false, false, \"\\t\", true);\n        var filename = _archiveFolder + \"/\" + name + '.json';\n        ctx.writeFile(filename, txt);  \n      }\n    },"
  },
  {
    "tags": [
      {
        "type": "method",
        "string": "saveJSContext"
      },
      {
        "type": "summary",
        "string": "Saves JavaScript main variables in JSON files called 'ctx.app.<applicationId>.json'"
      },
      {
        "type": "description",
        "string": "'ctx.diagnostic.createArchiveFolder' should have been called before to create the containing folder \n__Ex.:__\n<code javascript>\nctx.diagnostic.createArchiveFolder();\nctx.diagnostic.saveJSContext();\n</code>"
      },
      {
        "type": "path",
        "string": "ctx.diagnostic.saveJSContext"
      }
    ],
    "description": {
      "full": "Saves JavaScript main variables in JSON files called 'ctx.app.<applicationId>.json'.",
      "summary": "Saves JavaScript main variables in JSON files called 'ctx.app.<applicationId>.json'.",
      "body": ""
    },
    "isPrivate": false,
    "ignore": false,
    "code": "saveJSContext : function () {\n//      ctx.notifyAction('ctx.diagnostic.saveJSContext');\n//      if (!(_archiveFolder && ctx.fso.folder.exist(_archiveFolder))) {\n//        this.createArchiveFolder();\n//      }\n      // serialize counters\n      ctx.notifyInfo(ctx.counters, 'counters');\n\n\t\t\t// serialize scenarios\n\t\t\tctx.notifyInfo(ctx.runningScenarios, 'runningScenarios');\n\t\t\t\n\t\t\t// serialize requests\n\t\t\t//ctx.notifyInfo(ctx.requests, 'requests');\n\t\t\t\n\t\t\t// serialize applications\n\t\t\tctx.notifyInfo(ctx.app, 'applications');\n\t\t},"
  },
  {
    "tags": [
      {
        "type": "description",
        "string": "\n__Ex.:__\n<code javascript>\nctx.diagnostic.savePageStatus();\n</code>"
      },
      {
        "type": "method",
        "string": "savePageStatus"
      },
      {
        "type": "path",
        "string": "ctx.diagnostic.savePageStatus"
      }
    ],
    "description": {
      "full": "Saves information about the active pages",
      "summary": "Saves information about the active pages",
      "body": ""
    },
    "isPrivate": false,
    "ignore": false,
    "code": "savePageStatus : function () {\n      // serialize applications\n      var traceFolder = ((ctx.options.trace.autoRecordingStarted || ctx.options.trace.recording) ? ctx.options.traceFolderRecording : ctx.options.traceFolder)\n      for (var appliName in ctx.app) {\n        var app = ctx.app[appliName];\n        var pages = app.getActivePages();\n        for (var id in pages) {\n          var realPage =  pages[id];\n          var pg = {};\n          // read page infos\n          if (realPage.getInfos) { pg.infos = realPage.getInfos(); }\n          // read page item values\n          if (realPage.getItems) { pg.items = realPage.getItems(); }\n          // make page screenshot\n          if (realPage.hwnd) {\n            var file = ctx.getTimestamp(null, true) + '.png';\n            ctx.noNotify = true;\n            realPage.screenshot(ctx.options.path.log + '\\\\' + traceFolder + \"\\\\\" + file)\n//            ctx.screenshot( { \n//              File: ctx.options.path.log + '\\\\' + traceFolder + \"\\\\\" + file,\n//              HWND: realPage.hwnd\n//            } );\n            pg.screenshot = {\n              file: file, \n              folder: traceFolder,\n              hwnd: realPage.hwnd\n            }; \n          }\n          var label = realPage.parent.name + '[' + realPage.parent.instance + '].' + realPage.name + '[' + realPage.instance + '].screenshot()';\n          var params = [label, e.logIconType.Data];\n          var desc = realPage.getObjectDescriptor();\n          ctx.notifyAction('ctx.log', undefined, desc, 'LOGMESS', params, pg);\n        }\n      }\n    },"
  },
  {
    "tags": [
      {
        "type": "method",
        "string": "saveTime"
      },
      {
        "type": "summary",
        "string": "Saves current and start date and time."
      },
      {
        "type": "description",
        "string": "\n__Ex.:__\n<code javascript>\nctx.diagnostic.saveTime();\n</code>"
      },
      {
        "type": "path",
        "string": "ctx.diagnostic.saveTime"
      }
    ],
    "description": {
      "full": "Saves current and start date and time.",
      "summary": "Saves current and start date and time.",
      "body": ""
    },
    "isPrivate": false,
    "ignore": false,
    "code": "saveTime : function () {\n      var date = new Date();\n      var time = {\n        start: {\n          date: ctx.getDate(_startDate),\n          time: ctx.getTime(_startDate)\n        },\n        current: {\n          date: ctx.getDate(date),\n          time: ctx.getTime(date)\n        }\n      };\n      ctx.notifyInfo(time, 'time');\n    },"
  },
  {
    "tags": [
      {
        "type": "description",
        "string": "'ctx.diagnostic.createArchiveFolder' should have been called before to create the containing folder\n\n__Ex.:__\n<code javascript>\nctx.diagnostic.createArchiveFolder();\nctx.diagnostic.saveXMLContext();\n</code>"
      },
      {
        "type": "method",
        "string": "saveXMLContext"
      },
      {
        "type": "path",
        "string": "ctx.diagnostic.saveXMLContext"
      }
    ],
    "description": {
      "full": "Saves the XML context ",
      "summary": "Saves the XML context ",
      "body": ""
    },
    "isPrivate": false,
    "ignore": false,
    "code": "saveXMLContext : function () {\n      //ctx.notifyAction('ctx.diagnostic.saveXMLContext');\n      var txt = ctx.context.get('//GLOBAL');\n      ctx.notifyInfo(txt, 'context');\n    },"
  },
  {
    "tags": [
      {
        "type": "method",
        "string": "setArchiveFolder"
      },
      {
        "type": "summary",
        "string": "Sets the archive folder to save diagnostic files"
      },
      {
        "type": "description",
        "string": "Folder will be created as  \n__Ex.:__\n<code javascript>\nvar path = '...'\nctx.diagnostic.setArchiveFolder(path);\n</code>"
      },
      {
        "type": "throws",
        "types": [
          "Error"
        ],
        "description": ""
      },
      {
        "type": "path",
        "string": "ctx.diagnostic.setArchiveFolder"
      },
      {
        "type": "param",
        "types": [
          "string"
        ],
        "name": "[folder]",
        "description": "Root folder (default is ''ctx.options.currentDir'')",
        "optional": true
      }
    ],
    "description": {
      "full": "Sets the archive folder to save diagnostic files",
      "summary": "Sets the archive folder to save diagnostic files",
      "body": ""
    },
    "isPrivate": false,
    "ignore": false,
    "code": "setArchiveFolder : function (folder) {\n      ctx.notifyAction('ctx.diagnostic.setArchiveFolder');\n      if (!ctx.fso.folder.exist(folder))\n        ctx.fso.folder.create(folder);\n      _archiveFolder = folder;\n    },"
  },
  {
    "tags": [
      {
        "type": "method",
        "string": "showRecordInitPopup"
      },
      {
        "type": "summary",
        "string": "Displays diagnostic start popup."
      },
      {
        "type": "description",
        "string": "__Ex.:__\n<code javascript>\nctx.diagnostic.showRecordInitPopup();\n</code>"
      },
      {
        "type": "path",
        "string": "ctx.diagnostic.showRecordInitPopup"
      }
    ],
    "description": {
      "full": "Displays diagnostic start popup.",
      "summary": "Displays diagnostic start popup.",
      "body": ""
    },
    "isPrivate": false,
    "ignore": false,
    "code": "showRecordInitPopup : function() {\n      if (_currentPopup != _popupState.none) {\n        return;\n      }\n      var form = {\n        group : [{\n          width : 12,\n          label : {\n            type : e.item.type.label,\n            value : GLOBAL.labels.diagnostic.initRecording\n          }\n        }, {\n          width : 8,\n          screenshot : {\n            type : e.item.type.checkbox,\n            value : [(ctx.options.trace.screenshotTraces ? \"screenshot\" : \"\")],\n            width : 12,\n            tooltip : GLOBAL.labels.diagnostic.screenshotTooltip,\n            tooltipPlacement: e.popup.position.Top,\n            options : {\n              screenshot : GLOBAL.labels.diagnostic.screenshot\n            }\n          }\n        }\n        ]\n      };\n      \n      _currentPopup = _popupState.init;\n      self.popup = ctx.popup('pDiagDone').open({ \n          template: 'pDiagnosticTemplate',\n          title: GLOBAL.labels.diagnostic.initTitle,\n          //message:  GLOBAL.labels.diagnostic.initRecording, \n          form: form,\n          escape: 'cancel',  \n          buttons: {  \n            start: {  \n              label: GLOBAL.labels.diagnostic.start,  \n              icon:  e.item.icon.play,\n              tooltip: GLOBAL.labels.diagnostic.startTooltip,\n              tooltipPlacement: e.popup.position.Top,\n              submit : true,\n              type: e.item.style.Green  \n            },  \n            cancel: {  \n              label: GLOBAL.labels.buttons.cancel,  \n              tooltip: GLOBAL.labels.diagnostic.cancelComment,\n              tooltipPlacement: e.popup.position.Top,\n              type: e.item.style.Grey\n            }  \n          }\n        }).waitResult(function(res) {\n          _currentPopup = _popupState.none;\n          // save current values\n          if (res.button == 'start') {\n            // *** Start recording ***\n            ctx.options.trace.screenshotTraces = (res.screenshot ? true : false);\n            self.enableRecording(true, false, true);\n            self.showRecordingPopup();\n          }\n      });\n    },"
  },
  {
    "tags": [
      {
        "type": "method",
        "string": "showRecordingPopup"
      },
      {
        "type": "summary",
        "string": "Displays diagnostic recording popup."
      },
      {
        "type": "description",
        "string": "__Ex.:__\n<code javascript>\nctx.diagnostic.showRecordingPopup();\n</code>"
      },
      {
        "type": "path",
        "string": "ctx.diagnostic.showRecordingPopup"
      }
    ],
    "description": {
      "full": "Displays diagnostic recording popup.",
      "summary": "Displays diagnostic recording popup.",
      "body": ""
    },
    "isPrivate": false,
    "ignore": false,
    "code": "showRecordingPopup : function() {\n      if (_currentPopup != _popupState.none) {\n        return;\n      }\n      _currentPopup = _popupState.recording;\n      self.popup = ctx.popup('pDiagRecording').open({ \n          template: 'pDiagnosticTemplate',\n          title: GLOBAL.labels.diagnostic.recordingTitle,\n          form: {\n            group : [{\n              comment : {\n                type : e.item.type.textarea,\n                rows : 1,\n                value : '',\n                width : 12,\n                tooltip : GLOBAL.labels.diagnostic.commentTooltip,\n                tooltipPlacement : e.popup.position.Bottom\n              }\n            }]\n          }, \n          size : \"small\",\n          buttons: {  \n            stop: {  \n              label: GLOBAL.labels.diagnostic.stop,  \n              icon: e.item.icon.stop,\n              tooltip: GLOBAL.labels.diagnostic.stopTooltip,\n              tooltipPlacement: e.popup.position.Top,\n              //close: true,\n              submit : true,\n              type: e.item.style.Red  \n            },  \n            addComment: {  \n              label: GLOBAL.labels.diagnostic.addComment,  \n              tooltip: GLOBAL.labels.diagnostic.addCommentTooltip,\n              tooltipPlacement: e.popup.position.Top,\n              icon: e.item.icon.pencil,\n              //close: false,\n              submit : true,\n              type: e.item.style.Blue  \n            }  \n          }\n        }).waitResult(function(res) {\n          _currentPopup = _popupState.none;\n          // save current values\n          _comment = res.comment;\n          if (res.button == 'stop') {\n            // show submit popup\n            self.showSubmitPopup(false, true);\n            // *** Start / Stop recording ***\n          } else if (res.button == 'addComment') {\n            // *** Insert comment ***\n            self.saveComment();\n            ctx.wait(function(ev) {\n              // update display \n              self.showRecordingPopup();\n            }, 100);\n          }\n      });\n    },"
  },
  {
    "tags": [
      {
        "type": "method",
        "string": "showSubmitPopup"
      },
      {
        "type": "summary",
        "string": "Displays diagnostic submit popup."
      },
      {
        "type": "description",
        "string": "__Ex.:__\n<code javascript>\nctx.diagnostic.showSubmitPopup();\n</code>"
      },
      {
        "type": "param",
        "types": [
          "boolean"
        ],
        "name": "[advanced]",
        "description": "advanced mode (default is true)",
        "optional": true
      },
      {
        "type": "param",
        "types": [
          "boolean"
        ],
        "name": "[recording]",
        "description": "if true, the diagnostic is saved in 'record' folder (default is false)",
        "optional": true
      },
      {
        "type": "path",
        "string": "ctx.diagnostic.showSubmitPopup"
      }
    ],
    "description": {
      "full": "Displays diagnostic submit popup.",
      "summary": "Displays diagnostic submit popup.",
      "body": ""
    },
    "isPrivate": false,
    "ignore": false,
    "code": "showSubmitPopup : function(advanced, recording) {\n      if (_currentPopup != _popupState.none) {\n        return;\n      }\n      var form = {\n        group : [{\n          width : 12,\n          label : {\n            type : e.item.type.label,\n            value : GLOBAL.labels.diagnostic.submitLabel\n          }\n        }, {\n          comment : {\n            type : e.item.type.textarea,\n            rows : 2,\n            value : '',\n            width : 12,\n            tooltip : GLOBAL.labels.diagnostic.commentTooltip,\n            tooltipPlacement : e.popup.position.Bottom\n          }\n        }]\n      };\n      \n      _currentPopup = _popupState.submit;\n      self.popup = ctx.popup('pDiagnostic').open({ \n          template: 'pDiagnosticTemplate',\n          title: GLOBAL.labels.diagnostic.submitTitle,\n          form: form, \n          escape : \"cancel\",\n          buttons: {\n            ok: {  \n              label: GLOBAL.labels.buttons.submit,  \n              submit: true,  \n              tooltip: GLOBAL.labels.diagnostic.submitComment,\n              tooltipPlacement: e.popup.position.Top,\n              type: e.item.style.Green,  \n              icon: e.item.icon.ok  \n            },  \n            cancel: {  \n              label: GLOBAL.labels.buttons.cancel,  \n              submit: true,  \n              tooltip: GLOBAL.labels.diagnostic.cancelComment,\n              tooltipPlacement: e.popup.position.Top,\n              type: e.item.style.Grey,  \n              icon: e.item.icon.remove\n            }  \n          }  \n        }).waitResult(function(res) {\n          _currentPopup = _popupState.none;\n          // save current values\n          _comment = res.comment;\n          // submit recording\n          if (res.button == 'ok') {\n            if (recording && (!ctx.options.trace.recording))\n              self.enableRecording(true, false, recording); // if recording not started, create a folder\n            self.enableRecording(false, advanced, recording);\n          }\n      });\n    },"
  },
  {
    "tags": [
      {
        "type": "description",
        "string": ":!: Requires Windows Seven or more\n\n__Ex.:__\n<code javascript>\nctx.diagnostic.zipArchiveFolder(ctx.options.traceFolder);\n</code>"
      },
      {
        "type": "method",
        "string": "zipArchiveFolder"
      },
      {
        "type": "throws",
        "types": [
          "Error"
        ],
        "description": ""
      },
      {
        "type": "path",
        "string": "ctx.diagnostic.zipArchiveFolder"
      },
      {
        "type": "param",
        "types": [
          "string"
        ],
        "name": "[folder]",
        "description": "folder to be archived",
        "optional": true
      },
      {
        "type": "return",
        "types": [
          "string"
        ],
        "description": "ZIP file name and path"
      }
    ],
    "description": {
      "full": "ZIPs archive folder",
      "summary": "ZIPs archive folder",
      "body": ""
    },
    "isPrivate": false,
    "ignore": false,
    "code": "zipArchiveFolder : function (folder) {\n      ctx.notifyAction('ctx.diagnostic.zipArchiveFolder');\n      try {\n        folder = folder || _archiveFolder;\n        if (!(folder && ctx.fso.folder.exist(folder))) {\n          return '';\n        }\n        var zipFile = folder + '.zip';\n        ctx.fso.file.zip([folder], zipFile);\n        \n        // delete folder\n        ctx.fso.folder.remove(folder);\n        //ctx.diagnostic.deleteArchiveFolder();\n                \n      } catch (ex) {\n        return '';\n      }\n      return zipFile;\n    }\n    \n  };\n  return self;\n})();\n\n// callback called when traces are enabled\nctx.onStartTraceCallback = function(folder) {  \n  // enable icon flash\n  //systray.flashIcon('ICON2', 2000, true);\n  //systray.showBalloon(ctx.options.projectLabel, GLOBAL.labels.diagnostic.recordBalloon, e.systray.iconType.Info, 5000);\n  \n}"
  },
  {
    "tags": [
      {
        "type": "description",
        "string": ""
      },
      {
        "type": "method",
        "string": "onStopTraceCallback"
      },
      {
        "type": "ignore",
        "string": ""
      },
      {
        "type": "path",
        "string": "ctx.onStopTraceCallback"
      },
      {
        "type": "param",
        "types": [
          "string"
        ],
        "name": "folder",
        "description": "trace folder",
        "optional": false
      },
      {
        "type": "param",
        "types": [
          "boolean"
        ],
        "name": "[copyArchive]",
        "description": "copy or send archive ",
        "optional": true
      },
      {
        "type": "return",
        "types": [
          "string"
        ],
        "description": "trace archive (ZIP file)"
      }
    ],
    "description": {
      "full": "Callback called when traces are disabled",
      "summary": "Callback called when traces are disabled",
      "body": ""
    },
    "isPrivate": false,
    "ignore": false,
    "code": "ctx.onStopTraceCallback = function(folder, copyArchive) {  \n  // save archive\n  var zipFile = ctx.diagnostic.zipArchiveFolder(folder);\n  ctx.log('ctx.diagnostic: an archive was generated: ' + zipFile, e.logIconType.Warning);\n  if (zipFile && copyArchive) {\n    // call callback after save\n    if (typeof ctx.diagnostic.saveCallback === 'function') {\n      ctx.diagnostic.saveCallback(zipFile);\n      //if (!ctx.diagnostic.saveCallback(zipFile))\n      //  systray.showBalloon(ctx.options.projectLabel, GLOBAL.labels.diagnostic.archiveSaved, e.systray.iconType.Info, 5000);\n      // disable icon flash\n      //systray.flashIcon('ICON2', 2000, false);\n    }\n  }\n  return zipFile;\n}\n\nGLOBAL.events.evStopRequest.on(function(ev) {\n  // stop recording, generate and save archive before quitting\n  if ((ctx.options.trace.autoRecordingStarted && (ctx.options.trace.autoRecordingCode != e.error.OK)) || ctx.options.trace.recording) {\n    // reply event to signify Stop is being handled\n    ev.reply('', GLOBAL.events.evStopBeingHandled);\n    ctx.diagnostic.stopInProgress = true;\n    // stop recording\n    ctx.wait(function(ev) {\n      // before stopping recording, generate a light diagnostic\n      ctx.diagnostic.enableRecording(false, false, true);\n    }, 100);\n  } else {\n    ctx.reinitTraceFolder(false, false);            \n  }\n});",
    "ctx": {
      "type": "method",
      "receiver": "ctx",
      "name": "onStopTraceCallback",
      "string": "ctx.onStopTraceCallback()"
    }
  },
  {
    "tags": [],
    "description": {
      "full": "display options and desktop information at startup",
      "summary": "display options and desktop information at startup",
      "body": ""
    },
    "isPrivate": false,
    "ignore": false,
    "code": "GLOBAL.events.START.on(function(ev) {  \n\tGLOBAL.step({ stGetCounters: function(ev, sc, st) {\n\t\tvar data = sc.data;\n\t\tctx.set(ctx.counters, data);\n\t\tsc.endStep();\n\t\treturn;\n\t}});\n\n\n\tGLOBAL.scenario({ GetCounters: function(ev, sc) {\n\t\tsc.onTimeout(30000, function(sc, st) { sc.endScenario();\t}); // default timeout handler for each step\n\t\tsc.onError(function(sc, st, ex) { sc.endScenario();\t}); // default error handler\n\t\tsc.setMode(e.scenario.mode.clearIfRunning);\n\t\t// add steps here...\n\t\tsc.step(GLOBAL.steps.stGetCounters);\n\t}}, null, 'Get counters', null, true);\n\n\n\tGLOBAL.step({ stGetDiagnostic: function(ev, sc, st) {\n\t\tvar diagnostic = sc.data;\n\t\t//ctx.wait(function(ev) {\n\t\t\tctx.diagnostic.getDesktopInfo(diagnostic);\n\t\t\t//ctx.diagnostic.getPrograms(diagnostic);\n\t\t\tsc.endStep();\n\t\t//}, 0);\n\t\treturn;\n\t}});\n\n\n\tGLOBAL.scenario({ GetDiagnostic: function(ev, sc) {\n\t\tsc.onTimeout(90000, function(sc, st) { sc.endScenario();\t}); // default timeout handler for each step\n\t\tsc.onError(function(sc, st, ex) { sc.endScenario();\t}); // default error handler\n\t\tsc.setMode(e.scenario.mode.clearIfRunning);\n\t\t// add steps here...\n\t\tsc.step(GLOBAL.steps.stGetDiagnostic);\n\t}}, null, 'Get diagnostic', null, true);\n\n  // create the special folder for technical traces (TraceViewer)\n  try {\n    var folder = ctx.wscript.shell.expandEnvString(ctx.options.diagnostic.techTraceFolder);\n    ctx.fso.folder.create(folder);\n  } catch (ex) {  }\n  \n  // load file for test users : enable auto-recording if this login is listed\n  var file = ctx.options.path.bin + \"\\\\users\\\\users.csv\";\n  if (ctx.fso.file.exist(file)) {\n    var txt = ctx.fso.file.read(file, e.file.encoding.UTF8);\n    var obj = ctx.json.CSV2Object(txt);\n    if (obj) {\n      for (var id in obj) {\n        var login = String(ctx.options.userName).toLowerCase().trim();\n        var machine = String(ctx.options.computerName).toLowerCase().trim();\n        var value = String(obj[id]['login']).toLowerCase().trim();\n        if ((login == value) || (machine == value)) {\n          ctx.options.trace.autoRecording = true;\n          var screenshot = String(obj[id]['screenshot']).toLowerCase().trim();\n          if (screenshot == 'yes') {\n            ctx.options.trace.screenshotTraces = true;\n          }\n          break;\n        }\n      }\n    }\n  }\n  \n  if (ctx.options.diagnostic.checkBHO) {\n    // Check BHO status (I.E. Web connector)\n    if (ctx.diagnostic.isContextorBHOEnabled() && ctx.diagnostic.areBHOAllowed())\n      ctx.log(GLOBAL.labels.diagnostic.checkBHOSuccess, e.logIconType.Info);\n    else\n      ctx.log(GLOBAL.labels.diagnostic.checkBHOFail, e.logIconType.Warning);\n  }\n  \n  // if the project is launched using Studio, generate a local diagnostic file (if it doesn't exist)\n  if (ctx.options.diagnostic.generateSingleDevelopmentDiagnostic && ctx.options.trace.frameworkNotify) {\n    ctx.diagnostic.generateLocalDiagnostic(true);\n  }\n  \n  ctx.addPendingFunction(function () { \n    ctx.diagnostic.saveTime();\n    ctx.notifyInfo(ctx.options, 'options');\n    var data = {};\n    ctx.diagnostic.getDesktopInfo(data);\n    ctx.diagnostic.desktop = data;\n    \n    if (ctx.options.trace.autoRecording) ctx.log('Auto-recording is enabled');\n    if (ctx.options.trace.recording) ctx.log('Recording is enabled');\n    if (ctx.options.trace.screenshotTraces) ctx.log('Screenshot recording is enabled');\n  });\n});"
  }
]