[
  {
    "tags": [],
    "description": {
      "full": "++++Status: Validated|\n<WRAP indent>\n|< 100% 10% 10% >|\n^ 21/04/2016 ^ ctxt8 ^ Validated ^\n</WRAP>\n++++\n====== customTypes application management ======\n\\\\\n\\\\\n// :!: __Caution:__ this page is auto-generated from source code and should not be modified from wiki application //\n\\\\\n\\\\\n===== Presentation =====\n\\\\\n\n\\\\",
      "summary": "++++Status: Validated|\n<WRAP indent>\n|< 100% 10% 10% >|\n^ 21/04/2016 ^ ctxt8 ^ Validated ^\n</WRAP>\n++++\n====== customTypes application management ======\n\\\\\n\\\\\n// :!: __Caution:__ this page is auto-generated from source code and should not be modified from wiki application //\n\\\\\n\\\\\n===== Presentation =====\n\\\\",
      "body": "\\\\"
    },
    "isPrivate": false,
    "ignore": false
  },
  {
    "tags": [
      {
        "type": "path",
        "string": "ctx.options.customTypes"
      },
      {
        "type": "class",
        "string": "ctx.options.customTypes"
      },
      {
        "type": "struct",
        "string": ""
      }
    ],
    "description": {
      "full": "Options for the 'ctx.customTypes' library",
      "summary": "Options for the 'ctx.customTypes' library",
      "body": ""
    },
    "isPrivate": false,
    "ignore": false,
    "code": "ctx.options.customTypes = {"
  },
  {
    "tags": [
      {
        "type": "property",
        "types": [
          "e.trace.level"
        ],
        "name": "traceLevel",
        "description": "",
        "optional": false
      },
      {
        "type": "path",
        "string": "ctx.options.customTypes.traceLevel"
      }
    ],
    "description": {
      "full": "Trace level",
      "summary": "Trace level",
      "body": ""
    },
    "isPrivate": false,
    "ignore": false,
    "code": "traceLevel: e.trace.level.None\n};\n\n///**\n// * customTypes module\n// * @class ctx.customTypes\n// * @path ctx.customTypes\n// * @constructor\n// */\n//ctx.customTypes = (function () {\n//\t/** @type {Object} */ var _options = ctx.options.customTypes;\n//\tvar _customTypes = \n//\t/** @lends ctx.customTypes */\n//\t{\n//\t\t/** @ignore\n//\t\t* @const \n//\t\t* @property {string} ctxType class type */ ctxType: 'ctx.customTypes'\n//\t};\n//\t\n//\t/**\n//\t* Returns the customTypes main page associated with an item\n//\t* @description\n//\t* __Ex.:__\n//<code javascript>\n//var mainPage = ctx.customTypes.getItemMainPage(item);\n//</code>\n//\t* @method getItemMainPage\n//\t* @path ctx.customTypes.getItemMainPage\n//\t* @param {ctx.item} item customTypes item\n//\t* @return {ctx.page} main page\n//\t*/\n//\t_customTypes.getItemMainPage = function(item) {\n//\t\tvar mainPage = null;\n//\t\treturn mainPage;\n//\t}\n//\n//\treturn _customTypes;\n//})();"
  },
  {
    "tags": [
      {
        "type": "class",
        "string": "jQuery"
      },
      {
        "type": "path",
        "string": "e.jQuery"
      },
      {
        "type": "readonly",
        "string": ""
      }
    ],
    "description": {
      "full": "Enumerations and constants for jQuery",
      "summary": "Enumerations and constants for jQuery",
      "body": ""
    },
    "isPrivate": false,
    "ignore": false,
    "code": "e.jQuery = {}",
    "ctx": {
      "type": "property",
      "receiver": "e",
      "name": "jQuery",
      "value": "{}",
      "string": "e.jQuery"
    }
  },
  {
    "tags": [
      {
        "type": "ignore",
        "string": ""
      },
      {
        "type": "class",
        "string": "ctx.customItems.jQuery"
      },
      {
        "type": "path",
        "string": "ctx.customItems.jQuery"
      }
    ],
    "description": {
      "full": "Custom Types for jQuery ActiveX objects ",
      "summary": "Custom Types for jQuery ActiveX objects ",
      "body": ""
    },
    "isPrivate": false,
    "ignore": false,
    "code": "ctx.customItems.jQuery = {};"
  },
  {
    "tags": [
      {
        "type": "ignore",
        "string": ""
      },
      {
        "type": "class",
        "string": "ctx.customItems.jQuery.button"
      },
      {
        "type": "path",
        "string": "ctx.customItems.jQuery.button"
      },
      {
        "type": "constructor",
        "string": ""
      }
    ],
    "description": {
      "full": "jQuery Button ",
      "summary": "jQuery Button ",
      "body": ""
    },
    "isPrivate": false,
    "ignore": false,
    "code": "ctx.customItems.jQuery.button = function(item) {",
    "ctx": {
      "type": "method",
      "receiver": "ctx.customItems.jQuery",
      "name": "button",
      "string": "ctx.customItems.jQuery.button()"
    }
  },
  {
    "tags": [
      {
        "type": "description",
        "string": "__Ex.:__\n<code javascript>\ncustomTypes.pMyContacts.edName.set('Smith');\n</code>"
      },
      {
        "type": "method",
        "string": "set"
      },
      {
        "type": "path",
        "string": "ctx.customItems.jQuery.editCell.set"
      },
      {
        "type": "param",
        "types": [
          "boolean"
        ],
        "name": "[enable]",
        "description": "if true, test existence before reading value",
        "optional": true
      },
      {
        "type": "return",
        "types": [
          "string"
        ],
        "description": "action result"
      }
    ],
    "description": {
      "full": "Sets item value",
      "summary": "Sets item value",
      "body": ""
    },
    "isPrivate": false,
    "ignore": false,
    "code": "item.enable = function(enable) {\n\t\tvar res = '';\n\t\t//ctx.noNotify = true;\n\t\t//var res = item.execScript('customTypesEditSetCell', value);\n\t  var desc = item.getObjectDescriptor();\n\t\tctx.notifyAction('enable', res, desc);\n\t\treturn res;\n\t};\n}",
    "ctx": {
      "type": "method",
      "receiver": "item",
      "name": "enable",
      "string": "item.enable()"
    }
  },
  {
    "tags": [
      {
        "type": "ignore",
        "string": ""
      },
      {
        "type": "class",
        "string": "ctx.customItems.jQuery.datatable"
      },
      {
        "type": "path",
        "string": "ctx.customItems.jQuery.datatable"
      },
      {
        "type": "constructor",
        "string": ""
      }
    ],
    "description": {
      "full": "customTypes datatable ActiveX ",
      "summary": "customTypes datatable ActiveX ",
      "body": ""
    },
    "isPrivate": false,
    "ignore": false,
    "code": "ctx.customItems.jQuery.datatable = function(item) {",
    "ctx": {
      "type": "method",
      "receiver": "ctx.customItems.jQuery",
      "name": "datatable",
      "string": "ctx.customItems.jQuery.datatable()"
    }
  },
  {
    "tags": [
      {
        "type": "description",
        "string": "__Ex.:__\n<code javascript>\ndata.mobile = customTypes.pMyContacts.oContactList.get(0, 1);\n</code>"
      },
      {
        "type": "method",
        "string": "get"
      },
      {
        "type": "path",
        "string": "ctx.customItems.jQuery.datatable.get"
      },
      {
        "type": "param",
        "types": [
          "number"
        ],
        "name": "[iRow]",
        "description": "row index (by default, index = 1)",
        "optional": true
      },
      {
        "type": "param",
        "types": [
          "number"
        ],
        "name": "[iCol]",
        "description": "column index (by default, index = 1)",
        "optional": true
      },
      {
        "type": "return",
        "types": [
          "string"
        ],
        "description": "read value"
      }
    ],
    "description": {
      "full": "Gets item value in a given cell",
      "summary": "Gets item value in a given cell",
      "body": ""
    },
    "isPrivate": false,
    "ignore": false,
    "code": "item.get = function(iRow, iCol) {\n\t\tiRow = iRow || 1;\n\t\tiCol = iCol || 1;\n\t\tctx.noNotify = true;\n\t\tvar res = '';\t\t\n//\t\tvar res = item.scriptItem('GetCellValue', iRow, iCol);\t\t\n//\t  var desc = item.getObjectDescriptor();\n//\t\tctx.notifyAction('get', res, desc);\n\t\treturn res;\n\t};",
    "ctx": {
      "type": "method",
      "receiver": "item",
      "name": "get",
      "string": "item.get()"
    }
  },
  {
    "tags": [
      {
        "type": "description",
        "string": "__Ex.:__\n<code javascript>\ndata.tab = customTypes.pContact.datatable.getAll();\n</code>"
      },
      {
        "type": "method",
        "string": "getAll"
      },
      {
        "type": "path",
        "string": "ctx.customItems.jQuery.datatable.getAll"
      },
      {
        "type": "return",
        "types": [
          "*"
        ],
        "description": "read value as an array"
      }
    ],
    "description": {
      "full": "Gets the content of a datatable in an array of values.",
      "summary": "Gets the content of a datatable in an array of values.",
      "body": ""
    },
    "isPrivate": false,
    "ignore": false,
    "code": "item.getAll = function() {\n\t\tctx.noNotify = true;\n\t\tvar res = \"\";\n\t\tctx.notifyAction('getAll', res, desc);\n\t\treturn res;\n\t};",
    "ctx": {
      "type": "method",
      "receiver": "item",
      "name": "getAll",
      "string": "item.getAll()"
    }
  },
  {
    "tags": [
      {
        "type": "description",
        "string": "__Ex.:__\n<code javascript>\nApplication.pPage.oItem.init([{...});\n</code>"
      },
      {
        "type": "method",
        "string": "set"
      },
      {
        "type": "path",
        "string": "ctx.customItems.jQuery.datatable.init"
      },
      {
        "type": "param",
        "types": [
          "string"
        ],
        "name": "params",
        "description": "parameters",
        "optional": false
      },
      {
        "type": "return",
        "types": [
          "string"
        ],
        "description": "action result"
      }
    ],
    "description": {
      "full": "Initializes custom object",
      "summary": "Initializes custom object",
      "body": ""
    },
    "isPrivate": false,
    "ignore": false,
    "code": "item.init = function(params) {\n\t\tvar res = item.execScript(\"ctx.initItem\", params);\n\t\tvar desc = item.getObjectDescriptor();\n\t\tctx.notifyAction('init', res, desc);\n\t\treturn res;\n\t};",
    "ctx": {
      "type": "method",
      "receiver": "item",
      "name": "init",
      "string": "item.init()"
    }
  },
  {
    "tags": [
      {
        "type": "description",
        "string": "__Ex.:__\n<code javascript>\nMyApplication.pMyPage.datatable.set(data.mobile, 1, 1);\n</code>"
      },
      {
        "type": "method",
        "string": "set"
      },
      {
        "type": "path",
        "string": "ctx.customItems.jQuery.datatable.set"
      },
      {
        "type": "param",
        "types": [
          "string"
        ],
        "name": "value",
        "description": "value to be set",
        "optional": false
      },
      {
        "type": "param",
        "types": [
          "number"
        ],
        "name": "[iRow]",
        "description": "row index (default is 1)",
        "optional": true
      },
      {
        "type": "param",
        "types": [
          "number"
        ],
        "name": "[iCol]",
        "description": "column index (default is 1)",
        "optional": true
      },
      {
        "type": "return",
        "types": [
          "string"
        ],
        "description": "action result"
      }
    ],
    "description": {
      "full": "Sets item value, for a given cell",
      "summary": "Sets item value, for a given cell",
      "body": ""
    },
    "isPrivate": false,
    "ignore": false,
    "code": "item.set = function(value, iRow, iCol) {\n\t\tvar res = '';\n\t\tiRow = iRow || 1;\n\t\tiCol = iCol || 1;\n//\t\tvar desc = item.getObjectDescriptor();\n//\t\tctx.notifyAction('set', res, desc);\n\t\treturn res;\n\t};",
    "ctx": {
      "type": "method",
      "receiver": "item",
      "name": "set",
      "string": "item.set()"
    }
  },
  {
    "tags": [
      {
        "type": "description",
        "string": "__Ex.:__\n<code javascript>\nApplication.pPage.oItem.setAll([[..., ...], [..., ...]]);\n</code>"
      },
      {
        "type": "method",
        "string": "set"
      },
      {
        "type": "path",
        "string": "ctx.customItems.jQuery.datatable.setAll"
      },
      {
        "type": "param",
        "types": [
          "Object"
        ],
        "name": "val",
        "description": "Array of values to be set",
        "optional": false
      },
      {
        "type": "return",
        "types": [
          "string"
        ],
        "description": "action result"
      }
    ],
    "description": {
      "full": "Sets item values",
      "summary": "Sets item values",
      "body": ""
    },
    "isPrivate": false,
    "ignore": false,
    "code": "item.setAll = function(val) {\n\t\tvar res = item.execScript(\"ctx.itemExec\", \"setAll\", val);\n\t\tvar desc = item.getObjectDescriptor();\n\t\tctx.notifyAction('setAll', res, desc);\n\t\treturn res;\n\t};",
    "ctx": {
      "type": "method",
      "receiver": "item",
      "name": "setAll",
      "string": "item.setAll()"
    }
  },
  {
    "tags": [
      {
        "type": "description",
        "string": "__Ex.:__\n<code javascript>\nApplication.pPage.oItem.sort(index);\n</code>"
      },
      {
        "type": "method",
        "string": "set"
      },
      {
        "type": "path",
        "string": "ctx.customItems.jQuery.datatable.sort"
      },
      {
        "type": "param",
        "types": [
          "number"
        ],
        "name": "index",
        "description": "of column to be sorted",
        "optional": false
      },
      {
        "type": "param",
        "types": [
          "string"
        ],
        "name": "orderBy",
        "description": "'asc'|'desc'",
        "optional": false
      },
      {
        "type": "return",
        "types": [
          "string"
        ],
        "description": "action result"
      }
    ],
    "description": {
      "full": "Sets item values",
      "summary": "Sets item values",
      "body": ""
    },
    "isPrivate": false,
    "ignore": false,
    "code": "item.sort = function(index, orderBy) {\n\t\tvar res = item.execScript(\"ctx.itemExec\", \"sort\", index, orderBy);\n\t\tvar desc = item.getObjectDescriptor();\n\t\tctx.notifyAction('sort', res, desc);\n\t\treturn res;\n\t};\n\n}",
    "ctx": {
      "type": "method",
      "receiver": "item",
      "name": "sort",
      "string": "item.sort()"
    }
  },
  {
    "tags": [
      {
        "type": "ignore",
        "string": ""
      },
      {
        "type": "class",
        "string": "ctx.customItems.jQuery.treeview"
      },
      {
        "type": "path",
        "string": "ctx.customItems.jQuery.treeview"
      },
      {
        "type": "constructor",
        "string": ""
      }
    ],
    "description": {
      "full": "customTypes jQuery TreeView",
      "summary": "customTypes jQuery TreeView",
      "body": ""
    },
    "isPrivate": false,
    "ignore": false,
    "code": "ctx.customItems.jQuery.treeview = function(item) {",
    "ctx": {
      "type": "method",
      "receiver": "ctx.customItems.jQuery",
      "name": "treeview",
      "string": "ctx.customItems.jQuery.treeview()"
    }
  },
  {
    "tags": [
      {
        "type": "description",
        "string": "__Ex.:__\n<code javascript>\nApplication.pPage.oItem.init([{...});\n</code>"
      },
      {
        "type": "method",
        "string": "set"
      },
      {
        "type": "path",
        "string": "ctx.customItems.jQuery.treeview.init"
      },
      {
        "type": "param",
        "types": [
          "string"
        ],
        "name": "params",
        "description": "parameters",
        "optional": false
      },
      {
        "type": "return",
        "types": [
          "string"
        ],
        "description": "action result"
      }
    ],
    "description": {
      "full": "Initializes custom object",
      "summary": "Initializes custom object",
      "body": ""
    },
    "isPrivate": false,
    "ignore": false,
    "code": "item.init = function(params) {\n\t\tvar res = item.execScript(\"ctx.initItem\", params);\n\t\tvar desc = item.getObjectDescriptor();\n\t\tctx.notifyAction('init', res, desc);\n\t\treturn res;\n\t};",
    "ctx": {
      "type": "method",
      "receiver": "item",
      "name": "init",
      "string": "item.init()"
    }
  },
  {
    "tags": [
      {
        "type": "description",
        "string": "__Ex.:__\n<code javascript>\nApplication.pPage.oItem.setAll([[..., ...], [..., ...]]);\n</code>"
      },
      {
        "type": "method",
        "string": "set"
      },
      {
        "type": "path",
        "string": "ctx.customItems.jQuery.treeview.setAll"
      },
      {
        "type": "param",
        "types": [
          "string"
        ],
        "name": "val",
        "description": "Array of values to be set",
        "optional": false
      },
      {
        "type": "return",
        "types": [
          "string"
        ],
        "description": "action result"
      }
    ],
    "description": {
      "full": "Sets item values",
      "summary": "Sets item values",
      "body": ""
    },
    "isPrivate": false,
    "ignore": false,
    "code": "item.setAll = function(val) {\n\t\tvar res = item.execScript(\"ctx.itemExec\", \"setAll\", val);\n\t\tvar desc = item.getObjectDescriptor();\n\t\tctx.notifyAction('setAll', res, desc);\n\t\treturn res;\n\t};\n\n}",
    "ctx": {
      "type": "method",
      "receiver": "item",
      "name": "setAll",
      "string": "item.setAll()"
    }
  }
]