[
  {
    "tags": [
      {
        "type": "module",
        "string": "word.js"
      },
      {
        "type": "file",
        "string": "Microsoft Word extension"
      },
      {
        "type": "description",
        "string": "This library is a collection of functions for accessing and manipulating Microsoft Word files.\\\\ \n==== Usage ====\nThe library is structured in different groups of functions.\\\\ \n\\\\\n1) Global variables and functions used to handle the Word instance: start, maintain and stop the Word engine.\\\\\n2) Application functions used to manage Word application and its objects.\\\\\n3) File functions used to manipulate files: create, open, save, close, etc.\\\\\n4) Document functions used to manipulate Word document contents.\\\\\n\\\\\n==== Prerequisite ====\nMicrosoft Word 2010 or higher properly installed.\\\\\n\\\\\n// :!: __Caution:__ this page is auto-generated from source code and should not be modified from wiki application //"
      },
      {
        "type": "path",
        "string": "word"
      }
    ],
    "description": {
      "full": "++++Status: Validated|\n<WRAP indent>\n|< 100% 10% 10% >|\n^ 21/04/2016 ^ ctxt8 ^ Validated ^\n</WRAP>\n++++",
      "summary": "++++Status: Validated|\n<WRAP indent>\n|< 100% 10% 10% >|\n^ 21/04/2016 ^ ctxt8 ^ Validated ^\n</WRAP>\n++++",
      "body": ""
    },
    "isPrivate": false,
    "ignore": false
  },
  {
    "tags": [
      {
        "type": "ignore",
        "string": "Suppress all warnings regarding missing interface declarations for 'Word.Application' "
      },
      {
        "type": "fileoverview",
        "string": ""
      },
      {
        "type": "suppress",
        "string": "{missingProperties}"
      }
    ],
    "description": {
      "full": "",
      "summary": "",
      "body": ""
    },
    "isPrivate": false,
    "ignore": false
  },
  {
    "tags": [
      {
        "type": "ignore",
        "string": ""
      },
      {
        "type": "typedef",
        "types": [
          ""
        ]
      }
    ],
    "description": {
      "full": "",
      "summary": "",
      "body": ""
    },
    "isPrivate": false,
    "ignore": false,
    "code": "var wdoptions = {\n  displayAlerts: false, \n  visible: true\n};",
    "ctx": {
      "type": "declaration",
      "name": "wdoptions",
      "value": "{",
      "string": "wdoptions"
    }
  },
  {
    "tags": [
      {
        "type": "class",
        "string": "ctx.word"
      },
      {
        "type": "summary",
        "string": "Class gathering a set of functions to manage Word application"
      },
      {
        "type": "path",
        "string": "ctx.word"
      },
      {
        "type": "constructor",
        "string": ""
      }
    ],
    "description": {
      "full": "",
      "summary": "",
      "body": ""
    },
    "isPrivate": false,
    "ignore": false,
    "code": "ctx.word = (function() {\n  var _word =",
    "ctx": {
      "type": "property",
      "receiver": "ctx",
      "name": "word",
      "value": "(function() {",
      "string": "ctx.word"
    }
  },
  {
    "tags": [
      {
        "type": "lends",
        "parent": "ctx.word"
      }
    ],
    "description": {
      "full": "",
      "summary": "",
      "body": ""
    },
    "isPrivate": false,
    "ignore": false,
    "code": "{};\n  // *** Constants ***"
  },
  {
    "tags": [
      {
        "type": "ignore",
        "string": ""
      },
      {
        "type": "summary",
        "string": "Word constants declaration"
      },
      {
        "type": "enum",
        "types": [
          "number"
        ]
      },
      {
        "type": "path",
        "string": "ctx.word.constants"
      }
    ],
    "description": {
      "full": "",
      "summary": "",
      "body": ""
    },
    "isPrivate": false,
    "ignore": false,
    "code": "_word.constants = {\n    // WdBreakType Enumeration. Specifies type of break.\n    // See: http://msdn.microsoft.com/en-us/library/bb213704%28v=office.12%29\n      WdColumnBreak : 8  //Column break at the insertion point\n    ,  WdLineBreak : 6 // Line break\n    ,  WdPageBreak : 7 // Page break at the insertion point\n    ,  WdLineBreakClearLeft : 9 // Line break\n    ,  WdLineBreakClearRight : 10 // Line break\n    ,  WdSectionBreakContinuous : 3 // New section without a corresponding page break\n    ,  WdSectionBreakEvenPage : 4 // Section break with the next section beginning on the next even-numbered page. If the section break falls on an even-numbered page, Word leaves the next odd-numbered page blank\n    ,  WdSectionBreakNextPage : 2 // Section break on next page\n    ,  WdSectionBreakOddPage : 5 // Section break with the next section beginning on the next odd-numbered page. If the section break falls on an odd-numbered page, Word leaves the next even-numbered page blank\n    ,  WdTextWrappingBreak : 11 // Ends the current line and forces the text to continue below a picture, table, or other item. The text continues on the next blank line that does not contain a table aligned with the left or right margin\n  }\n  \n  var _wordApp = null; // word application\n  var _wordDocument = null; // Word document\n  var _tbl = null;",
    "ctx": {
      "type": "property",
      "receiver": "_word",
      "name": "constants",
      "value": "{",
      "string": "_word.constants"
    }
  },
  {
    "tags": [
      {
        "type": "method",
        "string": "init"
      },
      {
        "type": "summary",
        "string": "Initializes Word application."
      },
      {
        "type": "description",
        "string": "__Ex.:__\n<code javascript>ctx.word.init();</code>"
      },
      {
        "type": "throws",
        "types": [
          "Error"
        ],
        "description": ""
      },
      {
        "type": "path",
        "string": "ctx.word.init"
      },
      {
        "type": "param",
        "types": [
          "wdoptions"
        ],
        "name": "[WDoptions]",
        "description": "Word options",
        "optional": true
      }
    ],
    "description": {
      "full": "",
      "summary": "",
      "body": ""
    },
    "isPrivate": false,
    "ignore": false,
    "code": "_word.init = function(WDoptions) {\n    ctx.notifyAction('word.init');\n    try{\n      if (_wordApp == null){\n        _wordApp = new ActiveXObject(\"word.Application\");\n      }\n      if (WDoptions){\n        if (WDoptions.displayAlerts) _wordApp.DisplayAlerts = true;\n        if (WDoptions.visible) _wordApp.visible = true;  \n      } else {\n          _wordApp.visible = true;\n          _wordApp.DisplayAlerts = false;\n      }\n      if (_wordApp == null){\n        throw new Error(e.error.KO, '[word.init] Failed to start word.');\n      } \n    } catch (ex){\n      throw new Error(e.error.KO, '[word.init] Failed to start word. '+ ex.message);\n    }\n  }",
    "ctx": {
      "type": "method",
      "receiver": "_word",
      "name": "init",
      "string": "_word.init()"
    }
  },
  {
    "tags": [
      {
        "type": "method",
        "string": "end"
      },
      {
        "type": "summary",
        "string": "Ends Word application."
      },
      {
        "type": "description",
        "string": "__Ex.:__\n<code javascript>ctx.word.end();</code>"
      },
      {
        "type": "throws",
        "types": [
          "Error"
        ],
        "description": ""
      },
      {
        "type": "path",
        "string": "ctx.word.end"
      }
    ],
    "description": {
      "full": "",
      "summary": "",
      "body": ""
    },
    "isPrivate": false,
    "ignore": false,
    "code": "_word.end = function() {\n    ctx.notifyAction('word.end');\n    try{\n      if (_wordApp != null) {\n        _wordApp.Application.Quit();\n        //_wordApp.Quit();\n        _wordApp = null;\n        CollectGarbage();\n      } \n        \n      if (_wordApp != null) {\n        throw new Error(e.error.KO, '[word.end]  Failed to end word.');\n      } \n    } catch (ex){\n      throw new Error(e.error.KO, '[word.end] Failed to end word. '+ ex.message);\n    }\n  }",
    "ctx": {
      "type": "method",
      "receiver": "_word",
      "name": "end",
      "string": "_word.end()"
    }
  },
  {
    "tags": [
      {
        "type": "method",
        "string": "release"
      },
      {
        "type": "summary",
        "string": "Releases Word application."
      },
      {
        "type": "description",
        "string": "__Ex.:__\n<code javascript>ctx.word.release();</code>"
      },
      {
        "type": "throws",
        "types": [
          "Error"
        ],
        "description": ""
      },
      {
        "type": "path",
        "string": "ctx.word.release"
      }
    ],
    "description": {
      "full": "",
      "summary": "",
      "body": ""
    },
    "isPrivate": false,
    "ignore": false,
    "code": "_word.release = function()\n{\n      ctx.notifyAction('word.release');\n        try {\n             if (_wordDocument != null)\n             {\n                 _wordDocument = null;\n                 CollectGarbage();\n             }\n            if (_wordApp != null) {\n                //_wordApp.Application.Quit();\n                //_wordApp.Quit();\n                _wordApp = null;\n                CollectGarbage();\n            }\n            if (_wordApp != null) {\n                throw new Error(e.error.KO, '[word.release] Failed to release word.');\n            }\n            return e.error.OK;\n        } catch (ex) {\n        ctx.log(\"[WordLibTest.release] Test Release failed. Exception: \" + ex.description);\n              return e.error.KO;\n        }\n}",
    "ctx": {
      "type": "method",
      "receiver": "_word",
      "name": "release",
      "string": "_word.release()"
    }
  },
  {
    "tags": [
      {
        "type": "method",
        "string": "getDocumentName"
      },
      {
        "type": "summary",
        "string": "Gets the name of the current Word document."
      },
      {
        "type": "description",
        "string": "__Ex.:__\n<code javascript>ctx.word.getDocumentName();</code>"
      },
      {
        "type": "throws",
        "types": [
          "Error"
        ],
        "description": ""
      },
      {
        "type": "path",
        "string": "ctx.word.getDocumentName"
      }
    ],
    "description": {
      "full": "",
      "summary": "",
      "body": ""
    },
    "isPrivate": false,
    "ignore": false,
    "code": "_word.getDocumentName = function()\n{\n      ctx.notifyAction('word.getDocumentName');\n        try {\n              if (_wordDocument == null) {\n                throw new Error(e.error.KO, '[ctx.word.file.getDocumentName] Failed to getDocumentName word');\n              }\n              else\n              {\n                 var name = _wordDocument.Name;\n                 return name;\n              }\n        } catch (ex) {\n        ctx.log(\"[WordLibTest.getDocumentName] Test getDocumentName failed. Exception: \" + ex.description);\n              return e.error.KO;\n        }\n}",
    "ctx": {
      "type": "method",
      "receiver": "_word",
      "name": "getDocumentName",
      "string": "_word.getDocumentName()"
    }
  },
  {
    "tags": [
      {
        "type": "method",
        "string": "isOpen"
      },
      {
        "type": "summary",
        "string": "Checks if a document is open."
      },
      {
        "type": "description",
        "string": "__Ex.:__\n<code javascript>\nctx.word.isOpen(DocName);\n</code>"
      },
      {
        "type": "param",
        "types": [
          "String"
        ],
        "name": "DocName",
        "description": "Name of Word document",
        "optional": false
      },
      {
        "type": "throws",
        "types": [
          "Error"
        ],
        "description": ""
      },
      {
        "type": "path",
        "string": "ctx.word.isOpen"
      }
    ],
    "description": {
      "full": "",
      "summary": "",
      "body": ""
    },
    "isPrivate": false,
    "ignore": false,
    "code": "_word.isOpen = function(DocName) {\n    ctx.notifyAction('ctx.word.isOpen');\n    var DocFound = false;\n    try{      \n      if (_wordApp == null){\n        throw new Error(e.error.KO, '[ctx.word.isOpen] Failed to start Word.');\n      } \n      else\n      {\n        //  var nb = _wordApp.Documents.Count;\n          var name = _wordDocument.Name; //faire une boucle après\n           if (name == DocName)\n           {\n             DocFound = true;\n           }\n        \n      }\n    } catch (ex){\n      throw new Error(e.error.KO, '[ctx.word.isOpen] Failed to start Word. '+ ex.description);\n    }\n    return DocFound;\n  }",
    "ctx": {
      "type": "method",
      "receiver": "_word",
      "name": "isOpen",
      "string": "_word.isOpen()"
    }
  },
  {
    "tags": [
      {
        "type": "class",
        "string": "ctx.word.application"
      },
      {
        "type": "summary",
        "string": "Class gathering a set of functions to manipulate Word application"
      },
      {
        "type": "path",
        "string": "ctx.word.application"
      }
    ],
    "description": {
      "full": "",
      "summary": "",
      "body": ""
    },
    "isPrivate": false,
    "ignore": false,
    "code": "_word.application = (function() {\n    var _application = {};",
    "ctx": {
      "type": "property",
      "receiver": "_word",
      "name": "application",
      "value": "(function() {",
      "string": "_word.application"
    }
  },
  {
    "tags": [
      {
        "type": "method",
        "string": "show"
      },
      {
        "type": "summary",
        "string": "Shows or hides the Microsoft Word application."
      },
      {
        "type": "description",
        "string": "__Ex.:__\n<code javascript>\n// Shows the Microsoft Word application.\nctx.word.application.show();\n// Hides the Microsoft Word application.\nctx.word.application.show(false); \n</code>"
      },
      {
        "type": "throws",
        "types": [
          "Error"
        ],
        "description": ""
      },
      {
        "type": "path",
        "string": "ctx.word.application.show"
      },
      {
        "type": "param",
        "types": [
          "boolean"
        ],
        "name": "[bShow]",
        "description": "Show/hide state (default is 'true')",
        "optional": true
      }
    ],
    "description": {
      "full": "",
      "summary": "",
      "body": ""
    },
    "isPrivate": false,
    "ignore": false,
    "code": "_application.show = function(bShow) {\n        ctx.notifyAction('ctx.word.application.show');\n        try{\n          if (bShow === undefined) bShow = true;\n          _wordApp.visible = bShow;\n        } catch (ex){\n          throw new Error(e.error.KO, '[ctx.word.application.show] Failed to change visible property. '+ ex.description);\n        }\n      }",
    "ctx": {
      "type": "method",
      "receiver": "_application",
      "name": "show",
      "string": "_application.show()"
    }
  },
  {
    "tags": [
      {
        "type": "method",
        "string": "getObject"
      },
      {
        "type": "summary",
        "string": "Returns the instance of Microsoft Word application."
      },
      {
        "type": "description",
        "string": "__Ex.:__\n<code javascript> \nvar obj = ctx.word.application.getObject(); \n</code>"
      },
      {
        "type": "throws",
        "types": [
          "Error"
        ],
        "description": ""
      },
      {
        "type": "path",
        "string": "ctx.word.application.getObject"
      },
      {
        "type": "return",
        "types": [
          "Object"
        ],
        "description": "result Object"
      }
    ],
    "description": {
      "full": "",
      "summary": "",
      "body": ""
    },
    "isPrivate": false,
    "ignore": false,
    "code": "_application.getObject = function() {\n        ctx.notifyAction('ctx.word.application.getObject');\n        try{\n          ctx.word.init();\n          var result;\n          var oWord = GetObject(\"\",\"Word.Application\");\n          _wordApp = oWord;\n          if ( _wordApp == null ) {\n            throw new Error(e.error.KO, '[ctx.word.application.getObject] Failed to get word object.');\n          }\n          else {\n            return _wordApp;\n          }\n        } catch (ex){\n          throw new Error(e.error.KO, \"[ctx.word.application.getObject] Failed to get word object. \"+ ex.description);\n        }\n      }\n    return _application; \n  })();",
    "ctx": {
      "type": "method",
      "receiver": "_application",
      "name": "getObject",
      "string": "_application.getObject()"
    }
  },
  {
    "tags": [
      {
        "type": "class",
        "string": "ctx.word.file"
      },
      {
        "type": "summary",
        "string": "Class gathering a set of functions to manipulate files"
      },
      {
        "type": "path",
        "string": "ctx.word.file"
      }
    ],
    "description": {
      "full": "",
      "summary": "",
      "body": ""
    },
    "isPrivate": false,
    "ignore": false,
    "code": "_word.file = (function() {\n    var _file = {};",
    "ctx": {
      "type": "property",
      "receiver": "_word",
      "name": "file",
      "value": "(function() {",
      "string": "_word.file"
    }
  },
  {
    "tags": [
      {
        "type": "method",
        "string": "create"
      },
      {
        "type": "summary",
        "string": "Creates a new Word document."
      },
      {
        "type": "description",
        "string": "__Ex.:__\n<code javascript>  \nvar wordDocument = ctx.word.file.create();\n</code>"
      },
      {
        "type": "throws",
        "types": [
          "Error"
        ],
        "description": ""
      },
      {
        "type": "path",
        "string": "ctx.ctx.word.file.create"
      }
    ],
    "description": {
      "full": "",
      "summary": "",
      "body": ""
    },
    "isPrivate": false,
    "ignore": false,
    "code": "_file.create = function() {\n        ctx.notifyAction('ctx.word.file.create');\n        try{\n          ctx.word.init();\n          _wordDocument = _wordApp.Documents.Add();\n          \n          if (_wordDocument == null) {\n            throw new Error(e.error.KO, '[ctx.word.file.create] Failed to create Word document.');\n          }\n        } catch (ex){\n          throw new Error(e.error.KO, '[ctx.word.file.create] Failed to create Word document. '+ ex.description);\n        }\n      }",
    "ctx": {
      "type": "method",
      "receiver": "_file",
      "name": "create",
      "string": "_file.create()"
    }
  },
  {
    "tags": [
      {
        "type": "method",
        "string": "open"
      },
      {
        "type": "summary",
        "string": "Opens an existing Word file."
      },
      {
        "type": "description",
        "string": "__Ex.:__\n<code javascript> \nvar wordDocument = ctx.word.file.open('C:\\\\Documents\\\\Finance\\\\report20141103.doc'); \n</code>"
      },
      {
        "type": "throws",
        "types": [
          "Error"
        ],
        "description": ""
      },
      {
        "type": "path",
        "string": "ctx.word.file.open"
      },
      {
        "type": "param",
        "types": [
          "String"
        ],
        "name": "filename",
        "description": "Filename of Word document to open",
        "optional": false
      }
    ],
    "description": {
      "full": "",
      "summary": "",
      "body": ""
    },
    "isPrivate": false,
    "ignore": false,
    "code": "_file.open = function(filename) {\n        ctx.notifyAction('ctx.word.file.open');\n        try{\n          ctx.word.init();\n          _wordApp.Visible = true;\n          _wordDocument = _wordApp.Documents.Open(filename);\n          if ( _wordDocument == null ){\n            throw new Error(e.error.KO, \"ctx.word.file.open: failed to open Word document:\"+filename);\n          } else {\n            _wordDocument.Activate();\n          }\n        } catch (ex){\n          throw new Error(e.error.KO, '[ctx.word.file.open] Failed to open Word document. '+ ex.description);\n        }\n      }",
    "ctx": {
      "type": "method",
      "receiver": "_file",
      "name": "open",
      "string": "_file.open()"
    }
  },
  {
    "tags": [
      {
        "type": "method",
        "string": "save"
      },
      {
        "type": "summary",
        "string": "Saves a Word document. "
      },
      {
        "type": "description",
        "string": "__Ex.:__\n<code javascript>  \nvar result = ctx.word.file.save(oWordDocument);  \n</code>"
      },
      {
        "type": "throws",
        "types": [
          "Error"
        ],
        "description": ""
      },
      {
        "type": "path",
        "string": "ctx.word.file.save"
      },
      {
        "type": "param",
        "types": [
          "Object"
        ],
        "name": "oWordDocument",
        "description": "wordDocument",
        "optional": false
      }
    ],
    "description": {
      "full": "",
      "summary": "",
      "body": ""
    },
    "isPrivate": false,
    "ignore": false,
    "code": "_file.save = function(oWordDocument) {\n        ctx.notifyAction('ctx.word.file.save');\n        try{\n          ctx.word.init();\n          if (oWordDocument != null){\n              oWordDocument.Save();\n          } else {\n            _wordDocument.Save();\n          }\n        } catch (ex){\n          throw new Error(e.error.KO, '[ctx.word.file.save] Failed to save Word document. '+ ex.description);\n        }\n      }",
    "ctx": {
      "type": "method",
      "receiver": "_file",
      "name": "save",
      "string": "_file.save()"
    }
  },
  {
    "tags": [
      {
        "type": "method",
        "string": "saveAs"
      },
      {
        "type": "summary",
        "string": "Saves the current Word document with another filename."
      },
      {
        "type": "description",
        "string": "__Ex.:__\n<code javascript> \nvar result = ctx.word.file.saveAs('C:\\Documents\\Backup\\Finance\\Balances\\CR-PilotagePS_20141103.doc'); \n</code>"
      },
      {
        "type": "throws",
        "types": [
          "Error"
        ],
        "description": ""
      },
      {
        "type": "path",
        "string": "ctx.word.file.saveAs"
      },
      {
        "type": "param",
        "types": [
          "String"
        ],
        "name": "filename",
        "description": "Filename ",
        "optional": false
      },
      {
        "type": "param",
        "types": [
          "String"
        ],
        "name": "[flFormat]",
        "description": "File format",
        "optional": true
      }
    ],
    "description": {
      "full": "",
      "summary": "",
      "body": ""
    },
    "isPrivate": false,
    "ignore": false,
    "code": "_file.saveAs = function(filename, flFormat) {\n        ctx.notifyAction('ctx.word.file.saveAs');\n        try{\n          ctx.word.init();\n          if (flFormat==undefined) \n            _wordDocument.SaveAs(filename);\n          else{ \n            _wordDocument.SaveAs(filename, flFormat);\n          }\n          \n        } catch (ex){\n          throw new Error(e.error.KO, '[ctx.word.file.saveAs] Failed to save as Word document. '+ ex.description);\n        }\n      }",
    "ctx": {
      "type": "method",
      "receiver": "_file",
      "name": "saveAs",
      "string": "_file.saveAs()"
    }
  },
  {
    "tags": [
      {
        "type": "method",
        "string": "close"
      },
      {
        "type": "summary",
        "string": "Closes the current Word document."
      },
      {
        "type": "description",
        "string": "__Ex.:__\n<code javascript>  var result = ctx.word.file.close(oWordDocument, 'true');  </code>"
      },
      {
        "type": "throws",
        "types": [
          "Error"
        ],
        "description": ""
      },
      {
        "type": "path",
        "string": "ctx.word.file.close"
      },
      {
        "type": "param",
        "types": [
          "Object"
        ],
        "name": "[oWordDocument]",
        "description": "oWordDocument ",
        "optional": true
      },
      {
        "type": "param",
        "types": [
          "boolean"
        ],
        "name": "[bSave]",
        "description": "(default is 'false')",
        "optional": true
      }
    ],
    "description": {
      "full": "",
      "summary": "",
      "body": ""
    },
    "isPrivate": false,
    "ignore": false,
    "code": "_file.close = function(oWordDocument, bSave) {\n        ctx.notifyAction('ctx.word.file.close');\n        try{\n          ctx.word.init()\n          if (bSave == undefined) {\n            bSave = false;\n          }\n          if (typeof oWordDocument == \"object\") {  \n            if (bSave && !oWordDocument.Saved) {\n              oWordDocument.Save(); \n              oWordDocument.Close();\n            } else {\n              oWordDocument.Close(bSave);\n            }\n          } else {\n            if (bSave && !_wordDocument.Saved) {\n              _wordDocument.Save(); \n              _wordDocument.Close();\n            } else {\n              _wordDocument.Close(bSave);\n            }\n          }\n        } catch (ex){\n          throw new Error(e.error.KO, '[ctx.word.file.close] Failed to close Word document. '+ ex.description);\n        }\n      }\n    return _file;\n  })();",
    "ctx": {
      "type": "method",
      "receiver": "_file",
      "name": "close",
      "string": "_file.close()"
    }
  },
  {
    "tags": [
      {
        "type": "class",
        "string": "ctx.word.document"
      },
      {
        "type": "summary",
        "string": "Class gathering a set of functions to manipulate Word documents"
      },
      {
        "type": "path",
        "string": "ctx.word.document"
      }
    ],
    "description": {
      "full": "",
      "summary": "",
      "body": ""
    },
    "isPrivate": false,
    "ignore": false,
    "code": "_word.document = (function() {\n    var _document = {};",
    "ctx": {
      "type": "property",
      "receiver": "_word",
      "name": "document",
      "value": "(function() {",
      "string": "_word.document"
    }
  },
  {
    "tags": [
      {
        "type": "ignore",
        "string": "e.error.NotImplemented"
      },
      {
        "type": "method",
        "string": "activate"
      },
      {
        "type": "summary",
        "string": "Activates a Word document."
      },
      {
        "type": "description",
        "string": " <code javascript> \nvar WRDDocument = ctx.word.document.activate(oDocument); \n</code>"
      },
      {
        "type": "throws",
        "types": [
          "Error"
        ],
        "description": ""
      },
      {
        "type": "path",
        "string": "ctx.word.document.activate"
      },
      {
        "type": "return",
        "types": [
          "Object"
        ],
        "description": "document object or error message"
      }
    ],
    "description": {
      "full": "",
      "summary": "",
      "body": ""
    },
    "isPrivate": false,
    "ignore": false,
    "code": "_document.activate = function(oDocument) {\n        ctx.notifyAction('ctx.word.document.activate');\n        try{\n          ctx.word.init();\n          //_wordDocument = _wordApp.Documents.activate(); ;\n          //TODO finaliser\n          throw new Error(e.error.NotImplemented, \"ctx.word.document.activate not implemented\");\n        } catch (ex){\n          throw new Error(e.error.KO, '[ctx.word.document.activate] Failed to activate Word document. '+ ex.description);\n        }\n      }",
    "ctx": {
      "type": "method",
      "receiver": "_document",
      "name": "activate",
      "string": "_document.activate()"
    }
  },
  {
    "tags": [
      {
        "type": "method",
        "string": "insertText"
      },
      {
        "type": "summary",
        "string": "Inserts text into the current Word document."
      },
      {
        "type": "description",
        "string": "__Ex.:__\n<code javascript> \nvar result = ctx.word.document.insertText(sText); \n</code>"
      },
      {
        "type": "throws",
        "types": [
          "Error"
        ],
        "description": ""
      },
      {
        "type": "path",
        "string": "ctx.word.document.insertText"
      },
      {
        "type": "param",
        "types": [
          "String"
        ],
        "name": "sText",
        "description": "Text to insert",
        "optional": false
      }
    ],
    "description": {
      "full": "",
      "summary": "",
      "body": ""
    },
    "isPrivate": false,
    "ignore": false,
    "code": "_document.insertText = function(sText) {\n        ctx.notifyAction('ctx.word.document.insertText');\n        try{\n          ctx.word.init();\n          if ( _wordDocument != null ){\n            var objSelection = _wordApp.Selection;\n               objSelection.TypeText(sText);            \n          } else {\n            throw new Error(e.error.KO, \"ctx.word.document.insertText Current document not found\");\n          }\n        } catch (ex){\n          throw new Error(e.error.KO, '[ctx.word.document.insertText] sText='+sText+' Failed to insert text to Word document. '+ ex.description);\n        }\n      }",
    "ctx": {
      "type": "method",
      "receiver": "_document",
      "name": "insertText",
      "string": "_document.insertText()"
    }
  },
  {
    "tags": [
      {
        "type": "method",
        "string": "insertBreak"
      },
      {
        "type": "summary",
        "string": "Inserts a break into the current Word document."
      },
      {
        "type": "description",
        "string": "__Ex.:__\n<code javascript> \nvar result = ctx.word.document.insertBreak(wdBreak); \n</code>"
      },
      {
        "type": "throws",
        "types": [
          "Error"
        ],
        "description": ""
      },
      {
        "type": "path",
        "string": "ctx.word.document.insertBreak"
      },
      {
        "type": "param",
        "types": [
          "Number"
        ],
        "name": "wdBreak",
        "description": "Type of break to insert",
        "optional": false
      }
    ],
    "description": {
      "full": "",
      "summary": "",
      "body": ""
    },
    "isPrivate": false,
    "ignore": false,
    "code": "_document.insertBreak = function(wdBreak) {\n        ctx.notifyAction('ctx.word.document.insertBreak');\n        try{  \n          ctx.word.init();\n          if ( _wordDocument != null ){\n            var objSelection = _wordApp.Selection;\n            objSelection.InsertBreak(wdBreak);\n          } else {\n            throw new Error(e.error.KO, '[ctx.word.document.insertBreak] Current document not found.');\n          }\n        } catch (ex){\n          throw new Error(e.error.KO, '[ctx.word.document.insertBreak] Failed to insert break to Word document. '+ ex.description);\n        }  \n      }",
    "ctx": {
      "type": "method",
      "receiver": "_document",
      "name": "insertBreak",
      "string": "_document.insertBreak()"
    }
  },
  {
    "tags": [
      {
        "type": "method",
        "string": "insertParagraph"
      },
      {
        "type": "summary",
        "string": "Inserts a paragraph into the current Word document."
      },
      {
        "type": "description",
        "string": "__Ex.:__\n<code javascript> var result = ctx.word.document.insertParagraph(); </code>"
      },
      {
        "type": "throws",
        "types": [
          "Error"
        ],
        "description": ""
      },
      {
        "type": "path",
        "string": "ctx.ctx.word.document.insertParagraph"
      }
    ],
    "description": {
      "full": "",
      "summary": "",
      "body": ""
    },
    "isPrivate": false,
    "ignore": false,
    "code": "_document.insertParagraph = function() {\n        ctx.notifyAction('ctx.word.document.insertParagraph');\n        try{\n          ctx.word.init();\n          if ( _wordDocument != null ){\n            var objSelection = _wordApp.Selection;\n            objSelection.TypeParagraph();\n          } else {\n            throw new Error(e.error.KO, '[ctx.word.document.insertParagraph] Current document not found.');\n          }\n        } catch (ex){\n          throw new Error(e.error.KO, '[ctx.word.document.insertParagraph] Failed to insert paragraph to Word document. '+ ex.description);\n        }  \n      }",
    "ctx": {
      "type": "method",
      "receiver": "_document",
      "name": "insertParagraph",
      "string": "_document.insertParagraph()"
    }
  },
  {
    "tags": [
      {
        "type": "method",
        "string": "insertImage"
      },
      {
        "type": "summary",
        "string": "Inserts an image into the current Word document."
      },
      {
        "type": "description",
        "string": "__Ex.:__\n<code javascript>  \nvar result = ctx.word.document.insertImage(sFilename, ratio);  \n</code>"
      },
      {
        "type": "path",
        "string": "ctx.word.document.insertImage"
      },
      {
        "type": "param",
        "types": [
          "String"
        ],
        "name": "sFilename",
        "description": "Filename of picture",
        "optional": false
      },
      {
        "type": "param",
        "types": [
          "Number"
        ],
        "name": "ratio",
        "description": "Ratio",
        "optional": false
      }
    ],
    "description": {
      "full": "",
      "summary": "",
      "body": ""
    },
    "isPrivate": false,
    "ignore": false,
    "code": "_document.insertImage = function(sFilename, ratio) {\n        ctx.notifyAction('ctx.word.document.insertImage');\n        try {\n          ctx.word.init();\n          if ( _wordDocument != null ){\n            var objSelection = _wordApp.Selection;\n            objSelection.TypeParagraph();\n            // insert image\n            var objShape = objSelection.InlineShapes.AddPicture(sFilename);\n            // redimension picture if needed\n            if (ratio != 1) {\n              objShape.LockAspectRatio = true;\n              objShape.Height = objShape.Height * ratio;\n             }\n            objSelection.TypeParagraph();\n          } else {\n            throw new Error(e.error.KO, '[ctx.word.document.insertImage] Current document not found.');\n          }\n        } catch (ex){\n          throw new Error(e.error.KO, '[ctx.word.document.insertImage] Failed to insert image to Word document. '+ ex.description);\n        }  \n      }",
    "ctx": {
      "type": "method",
      "receiver": "_document",
      "name": "insertImage",
      "string": "_document.insertImage()"
    }
  },
  {
    "tags": [
      {
        "type": "method",
        "string": "insertWordDocument"
      },
      {
        "type": "summary",
        "string": "Inserts a Word document into the current Word document."
      },
      {
        "type": "description",
        "string": "__Ex.:__\n<code javascript>  \nvar result = ctx.word.document.insertWordDocument(sFilename); \n</code>"
      },
      {
        "type": "path",
        "string": "ctx.word.document.insertWordDocument"
      },
      {
        "type": "param",
        "types": [
          "String"
        ],
        "name": "sFilename",
        "description": "Filename of Word document to insert",
        "optional": false
      }
    ],
    "description": {
      "full": "",
      "summary": "",
      "body": ""
    },
    "isPrivate": false,
    "ignore": false,
    "code": "_document.insertWordDocument = function(sFilename) {\n        ctx.notifyAction('ctx.word.document.insertWordDocument');\n        ctx.word.init();\n        try {\n          if ( _wordDocument != null ){\n            var objSelection = _wordApp.Selection;\n              objSelection.TypeParagraph();\n                // insert Word document\n                objSelection.InsertFile(sFilename);\n                objSelection.TypeParagraph();                \n          } else {\n            throw new Error(e.error.KO, '[ctx.word.document.insertWordDocument] Current document not found.');\n          }\n        } catch (ex){\n          throw new Error(e.error.KO, '[ctx.word.document.insertWordDocument] Failed to insert document to Word document. '+ ex.description);\n        }  \n      }",
    "ctx": {
      "type": "method",
      "receiver": "_document",
      "name": "insertWordDocument",
      "string": "_document.insertWordDocument()"
    }
  },
  {
    "tags": [
      {
        "type": "method",
        "string": "paste"
      },
      {
        "type": "summary",
        "string": "Pastes clipboard into the current Word document."
      },
      {
        "type": "description",
        "string": "__Ex.:__\n<code javascript> \nvar result = ctx.word.document.paste(); \n</code>"
      },
      {
        "type": "path",
        "string": "ctx.word.document.paste"
      }
    ],
    "description": {
      "full": "",
      "summary": "",
      "body": ""
    },
    "isPrivate": false,
    "ignore": false,
    "code": "_document.paste = function() {\n        ctx.notifyAction('ctx.word.document.paste');\n        ctx.word.init();\n        try {\n          if ( _wordDocument != null ){\n            var objSelection = _wordApp.Selection;\n              objSelection.Paste();                \n            return e.error.OK;\n          } else {\n            throw new Error(e.error.KO, '[ctx.word.document.paste] Current document not found.');\n          }\n        } catch (ex){\n          throw new Error(e.error.KO, '[ctx.word.document.paste] Failed to paste to Word document. '+ ex.description);\n        }  \n      }",
    "ctx": {
      "type": "method",
      "receiver": "_document",
      "name": "paste",
      "string": "_document.paste()"
    }
  },
  {
    "tags": [
      {
        "type": "method",
        "string": "getRange"
      },
      {
        "type": "summary",
        "string": "Gets range from the current Word document."
      },
      {
        "type": "description",
        "string": "__Ex.:__\n<code javascript> \nvar result = ctx.word.document.getRange(int1, int2); \n</code>"
      },
      {
        "type": "path",
        "string": "ctx.ctx.word.document.getRange"
      },
      {
        "type": "param",
        "types": [
          "Number"
        ],
        "name": "int1",
        "description": "",
        "optional": false
      },
      {
        "type": "param",
        "types": [
          "Number"
        ],
        "name": "int2",
        "description": "",
        "optional": false
      },
      {
        "type": "return",
        "types": [
          "Object"
        ],
        "description": "result Object"
      }
    ],
    "description": {
      "full": "",
      "summary": "",
      "body": ""
    },
    "isPrivate": false,
    "ignore": false,
    "code": "_document.getRange = function(int1, int2) {\n        ctx.notifyAction('ctx.word.document.getRange');\n        ctx.word.init();\n        try {\n          var range;\n          if ( _wordDocument != null ){            \n            range = _wordDocument.Range(int1, int2);\n            return range;\n          } else {\n            throw new Error(e.error.KO, '[ctx.word.document.getRange] Current document not found.');\n          }\n        } catch (ex){\n          throw new Error(e.error.KO, '[ctx.word.document.getRange] Failed to get range of Word document. '+ ex.description);\n        }  \n      }",
    "ctx": {
      "type": "method",
      "receiver": "_document",
      "name": "getRange",
      "string": "_document.getRange()"
    }
  },
  {
    "tags": [
      {
        "type": "method",
        "string": "setBookmark"
      },
      {
        "type": "summary",
        "string": "Sets a bookmark into the current Word document."
      },
      {
        "type": "description",
        "string": "__Ex.:__\n<code javascript>  \nvar result = ctx.word.document.setBookmark(oBookmark, bookmarkValue);  \n</code>"
      },
      {
        "type": "throws",
        "types": [
          "Error"
        ],
        "description": ""
      },
      {
        "type": "path",
        "string": "ctx.word.document.setBookmark"
      },
      {
        "type": "param",
        "types": [
          "String"
        ],
        "name": "bookmarkValue",
        "description": "Bookmark value",
        "optional": false
      },
      {
        "type": "param",
        "types": [
          "Object"
        ],
        "name": "range",
        "description": "Range",
        "optional": false
      }
    ],
    "description": {
      "full": "",
      "summary": "",
      "body": ""
    },
    "isPrivate": false,
    "ignore": false,
    "code": "_document.setBookmark = function(bookmarkValue, range) {\n        ctx.notifyAction('ctx.word.document.setBookmark');\n        ctx.word.init();\n        try {\n          if ( _wordDocument != null ){\n            \n             _wordDocument.Bookmarks.Add(bookmarkValue, range);\n            //_wordDocument.Bookmarks(oBookmark).Range.Text = bookmarkValue;\n\n          } else {\n            throw new Error(e.error.KO, '[ctx.word.document.setBookmark] Current document not found.');\n          }\n        } catch (ex){\n          throw new Error(e.error.KO, '[ctx.word.document.setBookmark] Failed to set bookmark to Word document. '+ ex.description);\n        }  \n      }",
    "ctx": {
      "type": "method",
      "receiver": "_document",
      "name": "setBookmark",
      "string": "_document.setBookmark()"
    }
  },
  {
    "tags": [
      {
        "type": "method",
        "string": "setBookmarkValue"
      },
      {
        "type": "summary",
        "string": "Sets value for a bookmark into the current Word document."
      },
      {
        "type": "description",
        "string": "__Ex.:__\n<code javascript>  \nvar result = ctx.word.document.setBookmarkValue(oBookmarkName, bookmarkValue);  \n</code>"
      },
      {
        "type": "path",
        "string": "ctx.word.document.setBookmarkValue"
      },
      {
        "type": "param",
        "types": [
          "String"
        ],
        "name": "oBookmarkName",
        "description": "Bookmark name ",
        "optional": false
      },
      {
        "type": "param",
        "types": [
          "String"
        ],
        "name": "bookmarkValue",
        "description": "Bookmark value",
        "optional": false
      }
    ],
    "description": {
      "full": "",
      "summary": "",
      "body": ""
    },
    "isPrivate": false,
    "ignore": false,
    "code": "_document.setBookmarkValue = function(oBookmarkName, bookmarkValue) {\n        ctx.notifyAction('ctx.word.document.setBookmarkValue');\n        ctx.word.init();\n        try {\n          if ( _wordDocument != null ){\n            _wordDocument.Bookmarks(oBookmarkName).Range.Text = bookmarkValue;\n          } else {\n            throw new Error(e.error.KO, '[ctx.word.document.setBookmarkValue] Current document not found.');\n          }\n        } catch (ex){\n          throw new Error(e.error.KO, '[ctx.word.document.setBookmarkValue] Failed to set bookmark value to Word document. '+ ex.description);\n        }  \n      }",
    "ctx": {
      "type": "method",
      "receiver": "_document",
      "name": "setBookmarkValue",
      "string": "_document.setBookmarkValue()"
    }
  },
  {
    "tags": [
      {
        "type": "method",
        "string": "getListBookmarks"
      },
      {
        "type": "summary",
        "string": "Gets a lists of bookmarks of the current Word document."
      },
      {
        "type": "description",
        "string": "__Ex.:__\n<code javascript> \nvar result = ctx.word.document.getListBookmarks();  \n</code>"
      },
      {
        "type": "path",
        "string": "ctx.word.constants"
      },
      {
        "type": "return",
        "types": [
          "Object"
        ],
        "description": "List of bookmarks"
      }
    ],
    "description": {
      "full": "",
      "summary": "",
      "body": ""
    },
    "isPrivate": false,
    "ignore": false,
    "code": "_document.getListBookmarks = function() {\n        ctx.notifyAction('ctx.word.document.getListBookmarks');\n        ctx.word.init();\n        var bms = _wordDocument.Bookmarks;\n        var nbBookMarks = bms.Count;\n        var listBookMarks = new Array;\n        var bm, i;\n        try {\n          if ( _wordDocument != null ){\n            for (i = 0 ; i< (nbBookMarks) ; i++) {\n              bm = bms.Item(i+1);\n              listBookMarks[i] = bm.Name;\n            }\n            return listBookMarks;\n          } else {\n            throw new Error(e.error.KO, '[ctx.word.document.getListBookmarks] Current document not found.');\n          }\n        } catch (ex){\n          throw new Error(e.error.KO, '[ctx.word.document.getListBookmarks] Failed to get list of bookmarks Word document. '+ ex.description);\n        }  \n      }",
    "ctx": {
      "type": "method",
      "receiver": "_document",
      "name": "getListBookmarks",
      "string": "_document.getListBookmarks()"
    }
  },
  {
    "tags": [
      {
        "type": "ignore",
        "string": "modification de la constante Word pour utilisation de la fonction goto ci-dessous (ctx.word.constants.goto...)"
      }
    ],
    "description": {
      "full": "",
      "summary": "",
      "body": ""
    },
    "isPrivate": false,
    "ignore": false
  },
  {
    "tags": [
      {
        "type": "ignore",
        "string": "FONCTION ajouter à tester à fond (trouver les manières pour aller sur un emplacement particulier d'un doc). Aller su msdn pour bien comprendre son fonctionnement.\nJe l'utilise actuellement pour me positionner sur un bookmark, mais n'arrive pas PAR EXEMPLE à aller sur le header ou le footer"
      }
    ],
    "description": {
      "full": "",
      "summary": "",
      "body": ""
    },
    "isPrivate": false,
    "ignore": false
  },
  {
    "tags": [
      {
        "type": "ignore",
        "string": "Ajout MLB 03/06/2016pour tutorial formation\nCf. https://msdn.microsoft.com/fr-fr/library/office/ff821348.aspx\nhttps://msdn.microsoft.com/fr-fr/library/office/ff836585.aspx"
      }
    ],
    "description": {
      "full": "",
      "summary": "",
      "body": ""
    },
    "isPrivate": false,
    "ignore": false
  },
  {
    "tags": [
      {
        "type": "method",
        "string": "goto"
      },
      {
        "type": "summary",
        "string": "Goes to a specified location into the current Word document."
      },
      {
        "type": "description",
        "string": "__Ex.:__\n<code javascript> \nvar result = ctx.word.document.goto({what:ctx.word.constants.goto.what.wdGoToBookmark, name:\"main\"});\n</code>"
      },
      {
        "type": "throws",
        "types": [
          "Error"
        ],
        "description": ""
      },
      {
        "type": "path",
        "string": "ctx.word.goto"
      }
    ],
    "description": {
      "full": "",
      "summary": "",
      "body": ""
    },
    "isPrivate": false,
    "ignore": false,
    "code": "_document['goto'] = function(object) {\n  ctx.notifyAction('ctx.word.document.goto');\n  try{  \n    ctx.word.init();\n    if ( _wordDocument != null ){\n      var objSelection = _wordApp.Selection;\n      objSelection.Goto(object['what'],object['which'], object['count'], object['name']);\n      return true;\n    } else {\n      throw new Error(e.error.KO, '[ctx.word.document.selectEnd] Current document not found.');\n    }\n  } catch (ex){\n    throw new Error(e.error.KO, '[ctx.word.document.selectEnd] Failed to go to this position. '+ ex.description);\n  }  \n}"
  },
  {
    "tags": [
      {
        "type": "ignore",
        "string": "A CORRIGER, alignement = 2 (à l'origine dans la fonction, aligne le texte à droite), j'ai tenté de provoquer l'alignement à gauche avec suucès,\nmais lorsque je tente de faire un alignement à gauche dans une cellule d'un tableau et à droit dan la cellule à côté, alors l'alignement ne fonctionne pas POURQUOI?"
      }
    ],
    "description": {
      "full": "",
      "summary": "",
      "body": ""
    },
    "isPrivate": false,
    "ignore": false
  },
  {
    "tags": [
      {
        "type": "method",
        "string": "fillCellStyle"
      },
      {
        "type": "summary",
        "string": "Fills cell of the table into the current Word document."
      },
      {
        "type": "description",
        "string": "__Ex.:__\n<code javascript> \nvar result = ctx.word.document.insertBreak(wdBreak); \n</code>"
      },
      {
        "type": "throws",
        "types": [
          "Error"
        ],
        "description": ""
      },
      {
        "type": "path",
        "string": "ctx.word.document.fillCellStyle"
      }
    ],
    "description": {
      "full": "",
      "summary": "",
      "body": ""
    },
    "isPrivate": false,
    "ignore": false,
    "code": "_document.fillCellStyle = function(Line,Row,cont,obold,sizeFont,oWidth, alignement) {\n  ctx.notifyAction('ctx.word.document.fillCellStyle');\n  \n  if(alignement == undefined){\n    alignement = 0;\n  }\n  try{  \n    \n      ctx.word.init();\n    if ( _wordDocument != null ){\n      var cCell = _tbl.cell(Line,Row).range;//_tbl defini nulle part\n      _tbl.cell(Line,Row).Column.Width = oWidth;\n      if (obold == true) \n        cCell.Font.Bold = true;\n      cCell.Font.Size = sizeFont;\n      cCell.ParagraphFormat.Alignment = alignement;\n      cCell.text =  cont;\n    } else {\n      throw new Error(e.error.KO, '[ctx.word.document.fillCell] Current document not found.');\n    }\n  } catch (ex){\n    throw new Error(e.error.KO, '[ctx.word.document.fillCell] Failed to insert break to Word document. '+ ex.description);\n  }  \n}\n    \n      return _document  ;\n  })();\n  \n  return _word;\n})();",
    "ctx": {
      "type": "method",
      "receiver": "_document",
      "name": "fillCellStyle",
      "string": "_document.fillCellStyle()"
    }
  }
]